Código IBGE,Nível Regional,Ano,Indicador,Sexo e Raça/Cor,Classe CNAE (5 dígitos),Valor,Grupo CNAE (3 dígitos),Divisão CNAE (2 dígitos),Seção CNAE (1 dígito),Desvio Padrão
310900,Município,2024,Média do Salário Real,BrAm - Total,01211,1412,012,01,A,NA
310900,Município,2024,Média do Salário Real,BrAm - Total,01512,2133.456153846154,015,01,A,748.2855182085348
310900,Município,2024,Média do Salário Real,BrAm - Total,01521,2023.0900000000001,015,01,A,687.4231353395083
310900,Município,2024,Média do Salário Real,BrAm - Total,01547,2561.1775,015,01,A,966.6235251422
310900,Município,2024,Média do Salário Real,BrAm - Total,01610,2119.501111111111,016,01,A,465.4165422619946
310900,Município,2024,Média do Salário Real,BrAm - Total,01628,2148.2425000000003,016,01,A,310.9185422126939
310900,Município,2024,Média do Salário Real,BrAm - Total,02306,3980,023,02,A,1597.53513046662
310900,Município,2024,Média do Salário Real,BrAm - Total,07103,7807.921661202175,071,07,B,7060.886918883184
310900,Município,2024,Média do Salário Real,BrAm - Total,08100,3055.33,081,08,B,870.4225458772472
310900,Município,2024,Média do Salário Real,BrAm - Total,09904,3752.277407407408,099,09,B,2307.0059439342303
310900,Município,2024,Média do Salário Real,BrAm - Total,10121,2043.052244897959,101,10,C,686.8007174915725
310900,Município,2024,Média do Salário Real,BrAm - Total,10538,1884,105,10,C,722.0304702711652
310900,Município,2024,Média do Salário Real,BrAm - Total,10643,1412,106,10,C,NA
310900,Município,2024,Média do Salário Real,BrAm - Total,10911,1754.9683333333335,109,10,C,233.61389240420274
310900,Município,2024,Média do Salário Real,BrAm - Total,10945,1908.0275,109,10,C,345.75070704916857
310900,Município,2024,Média do Salário Real,BrAm - Total,10953,1500,109,10,C,NA
310900,Município,2024,Média do Salário Real,BrAm - Total,11135,2000,111,11,C,NA
310900,Município,2024,Média do Salário Real,BrAm - Total,11216,2778.824482758621,112,11,C,2060.28997346349
310900,Município,2024,Média do Salário Real,BrAm - Total,14126,1750,141,14,C,0
310900,Município,2024,Média do Salário Real,BrAm - Total,14134,2352.89,141,14,C,918.9461806490148
310900,Município,2024,Média do Salário Real,BrAm - Total,16226,1791.3866666666665,162,16,C,370.34744839587233
310900,Município,2024,Média do Salário Real,BrAm - Total,18300,1412,183,18,C,NA
310900,Município,2024,Média do Salário Real,BrAm - Total,23303,1605.9350000000002,233,23,C,170.74252367234124
310900,Município,2024,Média do Salário Real,BrAm - Total,23915,2648,239,23,C,152.4204710660612
310900,Município,2024,Média do Salário Real,BrAm - Total,24512,3336.692222222222,245,24,C,2573.175967247371
310900,Município,2024,Média do Salário Real,BrAm - Total,25128,3593.5950000000003,251,25,C,784.0046436405848
310900,Município,2024,Média do Salário Real,BrAm - Total,28402,1460.14,284,28,C,NA
310900,Município,2024,Média do Salário Real,BrAm - Total,32507,1412,325,32,C,NA
310900,Município,2024,Média do Salário Real,BrAm - Total,38114,2544.755,381,38,E,112.62089703958141
310900,Município,2024,Média do Salário Real,BrAm - Total,41107,2064.3900000000003,411,41,F,24.975011511508974
310900,Município,2024,Média do Salário Real,BrAm - Total,41204,3916.0324999999984,412,41,F,3092.428020350958
310900,Município,2024,Média do Salário Real,BrAm - Total,42111,4099.561151079139,421,42,F,3537.5422142732564
310900,Município,2024,Média do Salário Real,BrAm - Total,42120,4430.719285714286,421,42,F,2701.6844545249346
310900,Município,2024,Média do Salário Real,BrAm - Total,42138,8156.7,421,42,F,6387.578397170558
310900,Município,2024,Média do Salário Real,BrAm - Total,42995,3628.347333333333,429,42,F,2516.640987936859
310900,Município,2024,Média do Salário Real,BrAm - Total,43291,9121.660000000002,432,43,F,6167.510169165511
310900,Município,2024,Média do Salário Real,BrAm - Total,43304,2590.663636363636,433,43,F,889.9772588361203
310900,Município,2024,Média do Salário Real,BrAm - Total,43991,2624.134693877552,439,43,F,1474.3295011152554
310900,Município,2024,Média do Salário Real,BrAm - Total,45111,2337.5,451,45,G,229.80970388562795
310900,Município,2024,Média do Salário Real,BrAm - Total,45200,1604.2366666666667,452,45,G,194.3896294387469
310900,Município,2024,Média do Salário Real,BrAm - Total,45307,2490.7909090909093,453,45,G,1304.0604402055492
310900,Município,2024,Média do Salário Real,BrAm - Total,46371,2527.4166666666665,463,46,G,1394.8684748869096
310900,Município,2024,Média do Salário Real,BrAm - Total,46494,1864.125,464,46,G,231.2592727870605
310900,Município,2024,Média do Salário Real,BrAm - Total,46711,1489.335,467,46,G,439.3466563546375
310900,Município,2024,Média do Salário Real,BrAm - Total,46893,3867.985454545454,468,46,G,1216.8958934795007
310900,Município,2024,Média do Salário Real,BrAm - Total,46915,2661.364666666667,469,46,G,784.6110822190523
310900,Município,2024,Média do Salário Real,BrAm - Total,47113,2675.0956756756755,471,47,G,1255.712165594544
310900,Município,2024,Média do Salário Real,BrAm - Total,47121,1764.3326666666667,471,47,G,534.157968668802
310900,Município,2024,Média do Salário Real,BrAm - Total,47130,3900.732,471,47,G,3683.1304808980094
310900,Município,2024,Média do Salário Real,BrAm - Total,47211,1673.6139999999998,472,47,G,493.36418376865817
310900,Município,2024,Média do Salário Real,BrAm - Total,47229,2265.6375,472,47,G,1965.9438395172215
310900,Município,2024,Média do Salário Real,BrAm - Total,47237,1389.225,472,47,G,32.20871388304721
310900,Município,2024,Média do Salário Real,BrAm - Total,47245,1598.54,472,47,G,NA
310900,Município,2024,Média do Salário Real,BrAm - Total,47296,1620.775,472,47,G,112.04106947900848
310900,Município,2024,Média do Salário Real,BrAm - Total,47318,2369.79,473,47,G,689.2950606525482
310900,Município,2024,Média do Salário Real,BrAm - Total,47415,1821,474,47,G,432.7493500861671
310900,Município,2024,Média do Salário Real,BrAm - Total,47431,3379.9379999999996,474,47,G,1662.9742098180598
310900,Município,2024,Média do Salário Real,BrAm - Total,47440,2001.5084,474,47,G,638.0709232614141
310900,Município,2024,Média do Salário Real,BrAm - Total,47512,2043.7,475,47,G,NA
310900,Município,2024,Média do Salário Real,BrAm - Total,47539,1893.1300000000003,475,47,G,450.8122084637904
310900,Município,2024,Média do Salário Real,BrAm - Total,47547,1838.5983333333336,475,47,G,401.31045421439586
310900,Município,2024,Média do Salário Real,BrAm - Total,47555,2330.7053333333333,475,47,G,857.8662157008821
310900,Município,2024,Média do Salário Real,BrAm - Total,47610,1495.4375,476,47,G,98.59965665085586
310900,Município,2024,Média do Salário Real,BrAm - Total,47717,2275.07075,477,47,G,947.0181649934854
310900,Município,2024,Média do Salário Real,BrAm - Total,47725,5242.955,477,47,G,1407.2485605784073
310900,Município,2024,Média do Salário Real,BrAm - Total,47741,2260.7933333333335,477,47,G,877.64072846847
310900,Município,2024,Média do Salário Real,BrAm - Total,47814,1682.7484615384608,478,47,G,384.8270956138919
310900,Município,2024,Média do Salário Real,BrAm - Total,47822,1645.2630769230768,478,47,G,679.1535410885207
310900,Município,2024,Média do Salário Real,BrAm - Total,47849,1694.3999999999999,478,47,G,244.56557402872542
310900,Município,2024,Média do Salário Real,BrAm - Total,47890,2101.077142857143,478,47,G,778.4887667721841
310900,Município,2024,Média do Salário Real,BrAm - Total,49213,2598.681111111111,492,49,H,663.6065797489587
310900,Município,2024,Média do Salário Real,BrAm - Total,49248,1515.24,492,49,H,NA
310900,Município,2024,Média do Salário Real,BrAm - Total,49299,3730.793695652174,492,49,H,3169.2936293869498
310900,Município,2024,Média do Salário Real,BrAm - Total,49302,2681.4474999999993,493,49,H,1086.560666303883
310900,Município,2024,Média do Salário Real,BrAm - Total,52125,5384.52,521,52,H,NA
310900,Município,2024,Média do Salário Real,BrAm - Total,52231,1628.24,522,52,H,NA
310900,Município,2024,Média do Salário Real,BrAm - Total,52508,4755.8971794871795,525,52,H,3686.789848859352
310900,Município,2024,Média do Salário Real,BrAm - Total,53105,4526.825,531,53,H,1049.8973578926657
310900,Município,2024,Média do Salário Real,BrAm - Total,55108,2500.972631578947,551,55,I,2273.2166972598534
310900,Município,2024,Média do Salário Real,BrAm - Total,56112,2019.194315789473,561,56,I,1389.9646490825803
310900,Município,2024,Média do Salário Real,BrAm - Total,56201,1879.5978260869565,562,56,I,589.7473387042078
310900,Município,2024,Média do Salário Real,BrAm - Total,61108,1453.3485714285712,611,61,J,802.6319523797642
310900,Município,2024,Média do Salário Real,BrAm - Total,64221,7915.554375,642,64,K,4789.861271324349
310900,Município,2024,Média do Salário Real,BrAm - Total,64239,25882.13333333333,642,64,K,1710.9192170974452
310900,Município,2024,Média do Salário Real,BrAm - Total,64247,4497.703684210527,642,64,K,3535.3755284869753
310900,Município,2024,Média do Salário Real,BrAm - Total,66223,2760.36,662,66,K,NA
310900,Município,2024,Média do Salário Real,BrAm - Total,68102,2050,681,68,L,NA
310900,Município,2024,Média do Salário Real,BrAm - Total,68218,2012.9749999999997,682,68,L,431.99172296468834
310900,Município,2024,Média do Salário Real,BrAm - Total,68226,2837.19,682,68,L,1529.7972368258481
310900,Município,2024,Média do Salário Real,BrAm - Total,69117,1723.77,691,69,M,NA
310900,Município,2024,Média do Salário Real,BrAm - Total,69125,2921.0625,691,69,M,2163.580657729219
310900,Município,2024,Média do Salário Real,BrAm - Total,69206,2726.9010526315788,692,69,M,806.0591342443993
310900,Município,2024,Média do Salário Real,BrAm - Total,70204,3775.64,702,70,M,77.89488301550998
310900,Município,2024,Média do Salário Real,BrAm - Total,71120,1973.2357142857143,711,71,M,751.0942426632657
310900,Município,2024,Média do Salário Real,BrAm - Total,71197,2341.68,711,71,M,1015.8266196059245
310900,Município,2024,Média do Salário Real,BrAm - Total,73190,3333.75,731,73,M,1114.1202022522823
310900,Município,2024,Média do Salário Real,BrAm - Total,73203,1468.47,732,73,M,NA
310900,Município,2024,Média do Salário Real,BrAm - Total,74901,4379.451999999999,749,74,M,2529.885179501675
310900,Município,2024,Média do Salário Real,BrAm - Total,75001,1821.375,750,75,M,408.96740023765085
310900,Município,2024,Média do Salário Real,BrAm - Total,77195,2835.8314285714287,771,77,N,1213.840020793907
310900,Município,2024,Média do Salário Real,BrAm - Total,77322,1970.1619999999998,773,77,N,385.6931049681858
310900,Município,2024,Média do Salário Real,BrAm - Total,77390,1412,773,77,N,NA
310900,Município,2024,Média do Salário Real,BrAm - Total,81125,2939.7439814814825,811,81,N,1552.3606205148085
310900,Município,2024,Média do Salário Real,BrAm - Total,82113,3621.075,821,82,N,3076.428427755146
310900,Município,2024,Média do Salário Real,BrAm - Total,82997,1828.8100000000002,829,82,N,386.81583221217824
310900,Município,2024,Média do Salário Real,BrAm - Total,84116,5181.746929057342,841,84,O,2909.8034218828698
310900,Município,2024,Média do Salário Real,BrAm - Total,85121,1606,851,85,P,387.5591088681399
310900,Município,2024,Média do Salário Real,BrAm - Total,85139,2561.847674418604,851,85,P,1913.5005105251937
310900,Município,2024,Média do Salário Real,BrAm - Total,85201,1256.338888888889,852,85,P,553.9049922469657
310900,Município,2024,Média do Salário Real,BrAm - Total,85333,2989.823529411764,853,85,P,3151.1654276580425
310900,Município,2024,Média do Salário Real,BrAm - Total,85937,1015.07,859,85,P,787.9587991132532
310900,Município,2024,Média do Salário Real,BrAm - Total,85996,1982.3642857142856,859,85,P,627.6305855384174
310900,Município,2024,Média do Salário Real,BrAm - Total,86101,3904.2448648648656,861,86,Q,1595.8620859700836
310900,Município,2024,Média do Salário Real,BrAm - Total,86305,1887.8604761904764,863,86,Q,562.7410890407434
310900,Município,2024,Média do Salário Real,BrAm - Total,86402,2171.81,864,86,Q,806.7498058568096
310900,Município,2024,Média do Salário Real,BrAm - Total,86500,2319.0533333333333,865,86,Q,1510.5681345882197
310900,Município,2024,Média do Salário Real,BrAm - Total,86909,3166,869,86,Q,NA
310900,Município,2024,Média do Salário Real,BrAm - Total,87115,3032.8790909090912,871,87,Q,1686.0196221423673
310900,Município,2024,Média do Salário Real,BrAm - Total,87204,1755.91,872,87,Q,NA
310900,Município,2024,Média do Salário Real,BrAm - Total,91023,4905.768522727272,910,91,R,5728.459477853169
310900,Município,2024,Média do Salário Real,BrAm - Total,93131,2333.516666666667,931,93,R,629.7078932595123
310900,Município,2024,Média do Salário Real,BrAm - Total,94111,2440.64,941,94,S,NA
310900,Município,2024,Média do Salário Real,BrAm - Total,94201,5395.66,942,94,S,NA
310900,Município,2024,Média do Salário Real,BrAm - Total,94308,3030.0709302325577,943,94,S,1626.2298850918282
310900,Município,2024,Média do Salário Real,BrAm - Total,94910,2824,949,94,S,NA
310900,Município,2024,Média do Salário Real,BrAm - Total,94995,3389.3161904761905,949,94,S,1303.0050321371602
310900,Município,2024,Média do Salário Real,BrAm - Total,96025,1258.7033333333331,960,96,S,494.2198539449152
310900,Município,2024,Média do Salário Real,BrAm - Total,96092,1412,960,96,S,NA
310900,Município,2024,Média do Salário Real,Homem - BrAm,01211,1412,012,01,A,NA
310900,Município,2024,Média do Salário Real,Homem - BrAm,01512,2167.5156521739127,015,01,A,767.3499626330638
310900,Município,2024,Média do Salário Real,Homem - BrAm,01521,1840.908888888889,015,01,A,591.1684722531396
310900,Município,2024,Média do Salário Real,Homem - BrAm,01547,2748.236666666666,015,01,A,1091.6019274595174
310900,Município,2024,Média do Salário Real,Homem - BrAm,01610,2159.6075,016,01,A,480.63750040218156
310900,Município,2024,Média do Salário Real,Homem - BrAm,01628,2148.2425000000003,016,01,A,310.9185422126939
310900,Município,2024,Média do Salário Real,Homem - BrAm,02306,3907.5114285714294,023,02,A,1640.141230569577
310900,Município,2024,Média do Salário Real,Homem - BrAm,07103,7864.904008207923,071,07,B,7303.23798784891
310900,Município,2024,Média do Salário Real,Homem - BrAm,08100,3055.33,081,08,B,870.4225458772472
310900,Município,2024,Média do Salário Real,Homem - BrAm,09904,3836.453469387755,099,09,B,2382.8650204546757
310900,Município,2024,Média do Salário Real,Homem - BrAm,10121,2140.668888888889,101,10,C,753.5795672212281
310900,Município,2024,Média do Salário Real,Homem - BrAm,10538,2210,105,10,C,636.3961030678928
310900,Município,2024,Média do Salário Real,Homem - BrAm,10911,1748.83,109,10,C,165.67263111328916
310900,Município,2024,Média do Salário Real,Homem - BrAm,10945,1979,109,10,C,NA
310900,Município,2024,Média do Salário Real,Homem - BrAm,10953,1500,109,10,C,NA
310900,Município,2024,Média do Salário Real,Homem - BrAm,11135,2000,111,11,C,NA
310900,Município,2024,Média do Salário Real,Homem - BrAm,11216,3545.799333333333,112,11,C,2634.6393439424537
310900,Município,2024,Média do Salário Real,Homem - BrAm,14134,2140.6299999999997,141,14,C,695.2181503672067
310900,Município,2024,Média do Salário Real,Homem - BrAm,16226,1791.3866666666665,162,16,C,370.34744839587233
310900,Município,2024,Média do Salário Real,Homem - BrAm,18300,1412,183,18,C,NA
310900,Município,2024,Média do Salário Real,Homem - BrAm,23303,1644.7220000000002,233,23,C,158.61281937472774
310900,Município,2024,Média do Salário Real,Homem - BrAm,23915,2648,239,23,C,152.4204710660612
310900,Município,2024,Média do Salário Real,Homem - BrAm,24512,3824.5499999999997,245,24,C,3088.0377730850378
310900,Município,2024,Média do Salário Real,Homem - BrAm,25128,3593.5950000000003,251,25,C,784.0046436405848
310900,Município,2024,Média do Salário Real,Homem - BrAm,38114,2544.755,381,38,E,112.62089703958141
310900,Município,2024,Média do Salário Real,Homem - BrAm,41107,2064.3900000000003,411,41,F,24.975011511508974
310900,Município,2024,Média do Salário Real,Homem - BrAm,41204,3364.965806451612,412,41,F,3051.775447578862
310900,Município,2024,Média do Salário Real,Homem - BrAm,42111,4154.478416666666,421,42,F,3552.088473822669
310900,Município,2024,Média do Salário Real,Homem - BrAm,42120,4383.849523809524,421,42,F,2714.0508547104937
310900,Município,2024,Média do Salário Real,Homem - BrAm,42138,8156.7,421,42,F,6387.578397170558
310900,Município,2024,Média do Salário Real,Homem - BrAm,42995,3550.0049999999997,429,42,F,2820.5348182843877
310900,Município,2024,Média do Salário Real,Homem - BrAm,43291,9121.660000000002,432,43,F,6167.510169165511
310900,Município,2024,Média do Salário Real,Homem - BrAm,43304,2446.37,433,43,F,652.4235648717787
310900,Município,2024,Média do Salário Real,Homem - BrAm,43991,2544.8786111111112,439,43,F,1329.2355357533309
310900,Município,2024,Média do Salário Real,Homem - BrAm,45111,2337.5,451,45,G,229.80970388562795
310900,Município,2024,Média do Salário Real,Homem - BrAm,45200,1700.355,452,45,G,141.92340205195197
310900,Município,2024,Média do Salário Real,Homem - BrAm,45307,2711.88,453,45,G,1459.5280767230404
310900,Município,2024,Média do Salário Real,Homem - BrAm,46371,2527.4166666666665,463,46,G,1394.8684748869096
310900,Município,2024,Média do Salário Real,Homem - BrAm,46494,2027.65,464,46,G,NA
310900,Município,2024,Média do Salário Real,Homem - BrAm,46711,1178.67,467,46,G,NA
310900,Município,2024,Média do Salário Real,Homem - BrAm,46893,3810.5899999999997,468,46,G,1425.0399573445552
310900,Município,2024,Média do Salário Real,Homem - BrAm,46915,3240.111666666667,469,46,G,885.31154603149
310900,Município,2024,Média do Salário Real,Homem - BrAm,47113,2899.993255813954,471,47,G,1213.6594784541207
310900,Município,2024,Média do Salário Real,Homem - BrAm,47121,1575.18,471,47,G,828.1282010051343
310900,Município,2024,Média do Salário Real,Homem - BrAm,47130,2408.6133333333332,471,47,G,897.4516846233747
310900,Município,2024,Média do Salário Real,Homem - BrAm,47211,2042.128,472,47,G,712.1064040717511
310900,Município,2024,Média do Salário Real,Homem - BrAm,47229,2911.2,472,47,G,2285.708686600285
310900,Município,2024,Média do Salário Real,Homem - BrAm,47237,1389.225,472,47,G,32.20871388304721
310900,Município,2024,Média do Salário Real,Homem - BrAm,47245,1598.54,472,47,G,NA
310900,Município,2024,Média do Salário Real,Homem - BrAm,47296,1541.55,472,47,G,NA
310900,Município,2024,Média do Salário Real,Homem - BrAm,47318,2277.605,473,47,G,651.1945128121602
310900,Município,2024,Média do Salário Real,Homem - BrAm,47415,1515,474,47,G,NA
310900,Município,2024,Média do Salário Real,Homem - BrAm,47431,4324.786666666667,474,47,G,1428.0353525502558
310900,Município,2024,Média do Salário Real,Homem - BrAm,47440,1985.0831034482765,474,47,G,611.2448990795251
310900,Município,2024,Média do Salário Real,Homem - BrAm,47512,2043.7,475,47,G,NA
310900,Município,2024,Média do Salário Real,Homem - BrAm,47539,1515,475,47,G,NA
310900,Município,2024,Média do Salário Real,Homem - BrAm,47547,1768.03,475,47,G,386.85439641061623
310900,Município,2024,Média do Salário Real,Homem - BrAm,47610,1459.0666666666666,476,47,G,81.52185800957518
310900,Município,2024,Média do Salário Real,Homem - BrAm,47717,2049.8243749999997,477,47,G,755.643774433154
310900,Município,2024,Média do Salário Real,Homem - BrAm,47725,6238.03,477,47,G,NA
310900,Município,2024,Média do Salário Real,Homem - BrAm,47741,2000,477,47,G,NA
310900,Município,2024,Média do Salário Real,Homem - BrAm,47814,1953.4433333333334,478,47,G,850.1680184724271
310900,Município,2024,Média do Salário Real,Homem - BrAm,47822,2707.505,478,47,G,1686.4567441977279
310900,Município,2024,Média do Salário Real,Homem - BrAm,47849,1835.6,478,47,G,0
310900,Município,2024,Média do Salário Real,Homem - BrAm,47890,2094.235,478,47,G,750.3959737143227
310900,Município,2024,Média do Salário Real,Homem - BrAm,49213,3030.5200000000004,492,49,H,1.7881275122317646
310900,Município,2024,Média do Salário Real,Homem - BrAm,49248,1515.24,492,49,H,NA
310900,Município,2024,Média do Salário Real,Homem - BrAm,49299,3429.544736842105,492,49,H,762.5851688605969
310900,Município,2024,Média do Salário Real,Homem - BrAm,49302,2736.301276595743,493,49,H,1101.661822906633
310900,Município,2024,Média do Salário Real,Homem - BrAm,52125,5384.52,521,52,H,NA
310900,Município,2024,Média do Salário Real,Homem - BrAm,52231,1628.24,522,52,H,NA
310900,Município,2024,Média do Salário Real,Homem - BrAm,52508,5076.434411764706,525,52,H,3849.9674664719014
310900,Município,2024,Média do Salário Real,Homem - BrAm,53105,4444.1475,531,53,H,1129.0293563462674
310900,Município,2024,Média do Salário Real,Homem - BrAm,55108,2923.6,551,55,I,2908.9282204008477
310900,Município,2024,Média do Salário Real,Homem - BrAm,56112,2048.6178787878785,561,56,I,850.4133878949607
310900,Município,2024,Média do Salário Real,Homem - BrAm,56201,1964.828,562,56,I,401.9822411127138
310900,Município,2024,Média do Salário Real,Homem - BrAm,61108,1697.4919999999997,611,61,J,791.4471311907068
310900,Município,2024,Média do Salário Real,Homem - BrAm,64221,9341.773000000001,642,64,K,5551.445009172637
310900,Município,2024,Média do Salário Real,Homem - BrAm,64239,25882.13333333333,642,64,K,1710.9192170974452
310900,Município,2024,Média do Salário Real,Homem - BrAm,64247,5523.843333333333,642,64,K,5164.082181323867
310900,Município,2024,Média do Salário Real,Homem - BrAm,68102,2050,681,68,L,NA
310900,Município,2024,Média do Salário Real,Homem - BrAm,68218,2300,682,68,L,707.1067811865476
310900,Município,2024,Média do Salário Real,Homem - BrAm,69125,3716.4285714285716,691,69,M,3105.434368819863
310900,Município,2024,Média do Salário Real,Homem - BrAm,69206,2372.6125,692,69,M,1049.5599305859894
310900,Município,2024,Média do Salário Real,Homem - BrAm,70204,3830.72,702,70,M,NA
310900,Município,2024,Média do Salário Real,Homem - BrAm,71120,1973.2357142857143,711,71,M,751.0942426632657
310900,Município,2024,Média do Salário Real,Homem - BrAm,71197,2648.6549999999997,711,71,M,1224.093762115468
310900,Município,2024,Média do Salário Real,Homem - BrAm,73190,2857.296666666667,731,73,M,707.0000456388481
310900,Município,2024,Média do Salário Real,Homem - BrAm,74901,4866.61,749,74,M,5139.292234958039
310900,Município,2024,Média do Salário Real,Homem - BrAm,75001,1902.7,750,75,M,693.9545950564778
310900,Município,2024,Média do Salário Real,Homem - BrAm,77195,2870.1639999999998,771,77,N,1386.9767374509206
310900,Município,2024,Média do Salário Real,Homem - BrAm,77322,2109.7025,773,77,N,261.79232359193935
310900,Município,2024,Média do Salário Real,Homem - BrAm,81125,2931.0596103896087,811,81,N,1133.0253414948772
310900,Município,2024,Média do Salário Real,Homem - BrAm,82113,2113.3766666666666,821,82,N,746.7879355167257
310900,Município,2024,Média do Salário Real,Homem - BrAm,82997,1859.15,829,82,N,237.3898411895505
310900,Município,2024,Média do Salário Real,Homem - BrAm,84116,5104.483709198811,841,84,O,2836.941848564594
310900,Município,2024,Média do Salário Real,Homem - BrAm,85139,2485.908333333333,851,85,P,1177.2166298429477
310900,Município,2024,Média do Salário Real,Homem - BrAm,85201,1297,852,85,P,512.5891554451771
310900,Município,2024,Média do Salário Real,Homem - BrAm,85333,3256.75142857143,853,85,P,4099.269277352041
310900,Município,2024,Média do Salário Real,Homem - BrAm,85996,2114.866,859,85,P,370.2502893719328
310900,Município,2024,Média do Salário Real,Homem - BrAm,86101,3289.582857142857,861,86,Q,1038.3197195797313
310900,Município,2024,Média do Salário Real,Homem - BrAm,86305,2493.47,863,86,Q,404.03136994545366
310900,Município,2024,Média do Salário Real,Homem - BrAm,86402,2851.403333333333,864,86,Q,979.2993243300707
310900,Município,2024,Média do Salário Real,Homem - BrAm,87204,1755.91,872,87,Q,NA
310900,Município,2024,Média do Salário Real,Homem - BrAm,91023,4279.8932098765445,910,91,R,4314.626218729969
310900,Município,2024,Média do Salário Real,Homem - BrAm,93131,1649.7,931,93,R,NA
310900,Município,2024,Média do Salário Real,Homem - BrAm,94308,2912.081818181817,943,94,S,1437.9578354260614
310900,Município,2024,Média do Salário Real,Homem - BrAm,94910,2824,949,94,S,NA
310900,Município,2024,Média do Salário Real,Homem - BrAm,94995,3683.129999999999,949,94,S,1323.967365881803
310900,Município,2024,Média do Salário Real,Homem - PPI,01113,2118,011,01,A,NA
310900,Município,2024,Média do Salário Real,Homem - PPI,01199,2448.167,011,01,A,368.27749350636856
310900,Município,2024,Média do Salário Real,Homem - PPI,01211,2602.52,012,01,A,902.9335331573415
310900,Município,2024,Média do Salário Real,Homem - PPI,01318,1343.6750000000002,013,01,A,32.20871388304721
310900,Município,2024,Média do Salário Real,Homem - PPI,01393,2196.645,013,01,A,467.87134390770296
310900,Município,2024,Média do Salário Real,Homem - PPI,01512,1822.9032258064517,015,01,A,534.1650289213818
310900,Município,2024,Média do Salário Real,Homem - PPI,01521,2387.756,015,01,A,967.1528386075629
310900,Município,2024,Média do Salário Real,Homem - PPI,01547,2059.2914285714287,015,01,A,698.8891984797364
310900,Município,2024,Média do Salário Real,Homem - PPI,01598,1711.52,015,01,A,NA
310900,Município,2024,Média do Salário Real,Homem - PPI,01610,2017.7040000000002,016,01,A,579.8140315691268
310900,Município,2024,Média do Salário Real,Homem - PPI,01628,1692.506666666667,016,01,A,348.4371893899961
310900,Município,2024,Média do Salário Real,Homem - PPI,02306,2310.2179310344827,023,02,A,849.8836388226471
310900,Município,2024,Média do Salário Real,Homem - PPI,07103,6112.757368421046,071,07,B,5043.695289833823
310900,Município,2024,Média do Salário Real,Homem - PPI,08100,3165.7126315789474,081,08,B,689.1917295873326
310900,Município,2024,Média do Salário Real,Homem - PPI,09904,4906.3949999999995,099,09,B,1882.8236672511612
310900,Município,2024,Média do Salário Real,Homem - PPI,10121,1851.932121212121,101,10,C,779.3083604539892
310900,Município,2024,Média do Salário Real,Homem - PPI,10139,2501.04,101,10,C,NA
310900,Município,2024,Média do Salário Real,Homem - PPI,10520,1681.91,105,10,C,NA
310900,Município,2024,Média do Salário Real,Homem - PPI,10538,1760,105,10,C,0
310900,Município,2024,Média do Salário Real,Homem - PPI,10911,1827.1745454545453,109,10,C,437.0374719715378
310900,Município,2024,Média do Salário Real,Homem - PPI,10945,1820.1299999999999,109,10,C,143.39568229204116
310900,Município,2024,Média do Salário Real,Homem - PPI,11216,2588.2243137254904,112,11,C,2084.932085727739
310900,Município,2024,Média do Salário Real,Homem - PPI,14126,1515,141,14,C,NA
310900,Município,2024,Média do Salário Real,Homem - PPI,14134,1994.0985714285714,141,14,C,727.8136770590985
310900,Município,2024,Média do Salário Real,Homem - PPI,18300,1412,183,18,C,NA
310900,Município,2024,Média do Salário Real,Homem - PPI,20991,2577.1266666666666,209,20,C,439.4248577781341
310900,Município,2024,Média do Salário Real,Homem - PPI,23303,2646.00625,233,23,C,1172.7650788741903
310900,Município,2024,Média do Salário Real,Homem - PPI,23915,2228.5,239,23,C,221
310900,Município,2024,Média do Salário Real,Homem - PPI,24512,2435.873333333333,245,24,C,1128.9692164614796
310900,Município,2024,Média do Salário Real,Homem - PPI,25128,2403.83,251,25,C,811.7247465612959
310900,Município,2024,Média do Salário Real,Homem - PPI,28402,1460.14,284,28,C,NA
310900,Município,2024,Média do Salário Real,Homem - PPI,31012,2159.486666666666,310,31,C,717.2863713654865
310900,Município,2024,Média do Salário Real,Homem - PPI,38114,2389.145,381,38,E,271.70069692586355
310900,Município,2024,Média do Salário Real,Homem - PPI,41107,1884.7666666666667,411,41,F,382.81718056186213
310900,Município,2024,Média do Salário Real,Homem - PPI,41204,2721.7340157480317,412,41,F,1721.5826471644841
310900,Município,2024,Média do Salário Real,Homem - PPI,42111,3613.0830457746424,421,42,F,2102.7584672307976
310900,Município,2024,Média do Salário Real,Homem - PPI,42120,4464.001132075471,421,42,F,2438.897050972923
310900,Município,2024,Média do Salário Real,Homem - PPI,42227,3690.922,422,42,F,2063.638496544392
310900,Município,2024,Média do Salário Real,Homem - PPI,42928,3439,429,42,F,NA
310900,Município,2024,Média do Salário Real,Homem - PPI,42995,2840.452790697674,429,42,F,1588.8752205230046
310900,Município,2024,Média do Salário Real,Homem - PPI,43215,5742.34,432,43,F,5363.178661129984
310900,Município,2024,Média do Salário Real,Homem - PPI,43223,2866.713333333333,432,43,F,180.36404778484354
310900,Município,2024,Média do Salário Real,Homem - PPI,43291,4014.2743749999995,432,43,F,2297.2106974037556
310900,Município,2024,Média do Salário Real,Homem - PPI,43304,3117.8946428571426,433,43,F,960.1060097081183
310900,Município,2024,Média do Salário Real,Homem - PPI,43991,3153.49054945055,439,43,F,1853.7262336148553
310900,Município,2024,Média do Salário Real,Homem - PPI,45200,2581.79375,452,45,G,771.0271277595047
310900,Município,2024,Média do Salário Real,Homem - PPI,45307,2044.0917647058823,453,45,G,1202.2875778242246
310900,Município,2024,Média do Salário Real,Homem - PPI,45412,2554.9,454,45,G,0
310900,Município,2024,Média do Salário Real,Homem - PPI,46371,1502.39,463,46,G,NA
310900,Município,2024,Média do Salário Real,Homem - PPI,46451,5104.66,464,46,G,NA
310900,Município,2024,Média do Salário Real,Homem - PPI,46494,1412,464,46,G,NA
310900,Município,2024,Média do Salário Real,Homem - PPI,46729,1634.96,467,46,G,NA
310900,Município,2024,Média do Salário Real,Homem - PPI,46893,2702.3025,468,46,G,994.5330466605924
310900,Município,2024,Média do Salário Real,Homem - PPI,46915,2892.7210000000005,469,46,G,972.5648079382678
310900,Município,2024,Média do Salário Real,Homem - PPI,47113,2491.657580645161,471,47,G,1132.2782582955185
310900,Município,2024,Média do Salário Real,Homem - PPI,47121,1530.2299999999998,471,47,G,520.2948705942302
310900,Município,2024,Média do Salário Real,Homem - PPI,47130,2251.693333333333,471,47,G,380.08950675685145
310900,Município,2024,Média do Salário Real,Homem - PPI,47211,1450.742,472,47,G,179.23956823201735
310900,Município,2024,Média do Salário Real,Homem - PPI,47229,2260.0172727272725,472,47,G,647.0802429234092
310900,Município,2024,Média do Salário Real,Homem - PPI,47237,1690.6666666666667,472,47,G,284.1501950260343
310900,Município,2024,Média do Salário Real,Homem - PPI,47245,1720,472,47,G,298.66369046136157
310900,Município,2024,Média do Salário Real,Homem - PPI,47296,1806.7700000000002,472,47,G,594.085512110841
310900,Município,2024,Média do Salário Real,Homem - PPI,47318,2765.407906976745,473,47,G,2265.368249931542
310900,Município,2024,Média do Salário Real,Homem - PPI,47415,1412,474,47,G,NA
310900,Município,2024,Média do Salário Real,Homem - PPI,47431,1917.06375,474,47,G,819.1302990879587
310900,Município,2024,Média do Salário Real,Homem - PPI,47440,1928.037804878048,474,47,G,474.52670464609514
310900,Município,2024,Média do Salário Real,Homem - PPI,47539,3691.3950000000004,475,47,G,1862.809175425653
310900,Município,2024,Média do Salário Real,Homem - PPI,47547,1800.3049999999998,475,47,G,449.2885776981205
310900,Município,2024,Média do Salário Real,Homem - PPI,47610,1512.6066666666666,476,47,G,174.2558582468128
310900,Município,2024,Média do Salário Real,Homem - PPI,47717,2472.2731250000006,477,47,G,1778.2058935332125
310900,Município,2024,Média do Salário Real,Homem - PPI,47725,4606.48,477,47,G,NA
310900,Município,2024,Média do Salário Real,Homem - PPI,47814,1559.775,478,47,G,63.3214122552553
310900,Município,2024,Média do Salário Real,Homem - PPI,47822,1412,478,47,G,NA
310900,Município,2024,Média do Salário Real,Homem - PPI,47849,2071.415,478,47,G,331.79456186019684
310900,Município,2024,Média do Salário Real,Homem - PPI,47890,1683.7189655172413,478,47,G,666.6868183109711
310900,Município,2024,Média do Salário Real,Homem - PPI,49213,2963.8324324324303,492,49,H,732.1008330498281
310900,Município,2024,Média do Salário Real,Homem - PPI,49299,3065.4681188118793,492,49,H,895.7161747157554
310900,Município,2024,Média do Salário Real,Homem - PPI,49302,3207.1007958477553,493,49,H,1240.7235185955972
310900,Município,2024,Média do Salário Real,Homem - PPI,52125,4168.227209302326,521,52,H,4229.424545603566
310900,Município,2024,Média do Salário Real,Homem - PPI,52508,4137.78222222222,525,52,H,1601.0357402492787
310900,Município,2024,Média do Salário Real,Homem - PPI,53105,4709.667142857143,531,53,H,1096.053685709392
310900,Município,2024,Média do Salário Real,Homem - PPI,55108,1844.1813043478267,551,55,I,734.0138334167482
310900,Município,2024,Média do Salário Real,Homem - PPI,55906,3500,559,55,I,NA
310900,Município,2024,Média do Salário Real,Homem - PPI,56112,2358.4240677966104,561,56,I,1666.4586139435373
310900,Município,2024,Média do Salário Real,Homem - PPI,56201,1986.1862500000002,562,56,I,415.8513121962671
310900,Município,2024,Média do Salário Real,Homem - PPI,61108,3467.57,611,61,J,2499.721466443812
310900,Município,2024,Média do Salário Real,Homem - PPI,64221,5974.746666666666,642,64,K,1398.5224873892205
310900,Município,2024,Média do Salário Real,Homem - PPI,64239,14794.79,642,64,K,4118.769721191027
310900,Município,2024,Média do Salário Real,Homem - PPI,64247,8141.174999999999,642,64,K,1882.8627237401029
310900,Município,2024,Média do Salário Real,Homem - PPI,66193,3592.86,661,66,K,1552.325658874452
310900,Município,2024,Média do Salário Real,Homem - PPI,66223,2118.1,662,66,K,NA
310900,Município,2024,Média do Salário Real,Homem - PPI,68102,3210.1433333333334,681,68,L,1168.7563959325882
310900,Município,2024,Média do Salário Real,Homem - PPI,68218,1479.63,682,68,L,95.64326322329242
310900,Município,2024,Média do Salário Real,Homem - PPI,68226,2244.17,682,68,L,NA
310900,Município,2024,Média do Salário Real,Homem - PPI,69117,1663.03,691,69,M,NA
310900,Município,2024,Média do Salário Real,Homem - PPI,69125,4813.686666666667,691,69,M,5040.417025285375
310900,Município,2024,Média do Salário Real,Homem - PPI,69206,1631.1016666666667,692,69,M,309.43245404557473
310900,Município,2024,Média do Salário Real,Homem - PPI,70204,5038.553333333334,702,70,M,1573.3597501604645
310900,Município,2024,Média do Salário Real,Homem - PPI,71120,2856.405,711,71,M,1763.036408600231
310900,Município,2024,Média do Salário Real,Homem - PPI,71197,1600,711,71,M,NA
310900,Município,2024,Média do Salário Real,Homem - PPI,73190,2175.295,731,73,M,355.656565195508
310900,Município,2024,Média do Salário Real,Homem - PPI,77195,2731.3375,771,77,N,505.37389177881624
310900,Município,2024,Média do Salário Real,Homem - PPI,77322,1798.8262499999998,773,77,N,356.20817131629644
310900,Município,2024,Média do Salário Real,Homem - PPI,79112,1986.71,791,79,N,256.7928986557065
310900,Município,2024,Média do Salário Real,Homem - PPI,80200,2171.145,802,80,N,474.53228978648025
310900,Município,2024,Média do Salário Real,Homem - PPI,81125,3302.689141414142,811,81,N,1445.5406391279096
310900,Município,2024,Média do Salário Real,Homem - PPI,82113,2244.56,821,82,N,845.3482766410541
310900,Município,2024,Média do Salário Real,Homem - PPI,82997,1828.8186666666668,829,82,N,401.7015103081012
310900,Município,2024,Média do Salário Real,Homem - PPI,84116,4164.846572438162,841,84,O,1847.6952176734633
310900,Município,2024,Média do Salário Real,Homem - PPI,85139,3092.92,851,85,P,2050.2942918152016
310900,Município,2024,Média do Salário Real,Homem - PPI,85201,1608.87,852,85,P,NA
310900,Município,2024,Média do Salário Real,Homem - PPI,85333,1765.0928571428572,853,85,P,737.2433470416283
310900,Município,2024,Média do Salário Real,Homem - PPI,85937,2638.23,859,85,P,NA
310900,Município,2024,Média do Salário Real,Homem - PPI,85996,2018.7142857142858,859,85,P,615.4537514944332
310900,Município,2024,Média do Salário Real,Homem - PPI,86101,3548.4757142857147,861,86,Q,1054.5747303039811
310900,Município,2024,Média do Salário Real,Homem - PPI,86305,3691.631818181818,863,86,Q,1442.3005978700708
310900,Município,2024,Média do Salário Real,Homem - PPI,87115,1845.54,871,87,Q,NA
310900,Município,2024,Média do Salário Real,Homem - PPI,91023,3330.862774566475,910,91,R,3042.3899578661535
310900,Município,2024,Média do Salário Real,Homem - PPI,93123,1677.9125,931,93,R,818.3306840299953
310900,Município,2024,Média do Salário Real,Homem - PPI,93131,2249.935,931,93,R,1252.495306384134
310900,Município,2024,Média do Salário Real,Homem - PPI,93298,4030,932,93,R,601.0407640085654
310900,Município,2024,Média do Salário Real,Homem - PPI,94308,3111.8569444444456,943,94,S,2481.0137514409244
310900,Município,2024,Média do Salário Real,Homem - PPI,94910,2700,949,94,S,NA
310900,Município,2024,Média do Salário Real,Homem - PPI,94995,2513.485,949,94,S,921.396429021137
310900,Município,2024,Média do Salário Real,Homem - PPI,95291,2600.5950000000003,952,95,S,632.3701437449431
310900,Município,2024,Média do Salário Real,Homem - PPI,96092,1072.665,960,96,S,479.8921591878742
310900,Município,2024,Média do Salário Real,Homem - Total,01113,2118,011,01,A,NA
310900,Município,2024,Média do Salário Real,Homem - Total,01199,2392.2727272727275,011,01,A,395.5140300442175
310900,Município,2024,Média do Salário Real,Homem - Total,01211,2304.89,012,01,A,947.5549822921447
310900,Município,2024,Média do Salário Real,Homem - Total,01318,1366.45,013,01,A,45.549999999999955
310900,Município,2024,Média do Salário Real,Homem - Total,01393,2196.645,013,01,A,467.87134390770296
310900,Município,2024,Média do Salário Real,Homem - Total,01512,1987.3356666666668,015,01,A,656.5213242315397
310900,Município,2024,Média do Salário Real,Homem - Total,01521,2128.7231578947367,015,01,A,837.6825318039488
310900,Município,2024,Média do Salário Real,Homem - Total,01547,2213.863888888889,015,01,A,776.0667523604403
310900,Município,2024,Média do Salário Real,Homem - Total,01598,1711.52,015,01,A,NA
310900,Município,2024,Média do Salário Real,Homem - Total,01610,2013.8950000000004,016,01,A,539.8490518313039
310900,Município,2024,Média do Salário Real,Homem - Total,01628,1832.7330769230769,016,01,A,391.1984384210614
310900,Município,2024,Média do Salário Real,Homem - Total,02306,2620.8027777777775,023,02,A,1204.178447292382
310900,Município,2024,Média do Salário Real,Homem - Total,07103,6678.495586987269,071,07,B,6025.2526277061015
310900,Município,2024,Média do Salário Real,Homem - Total,08100,3454.9159999999997,081,08,B,1501.5506785285045
310900,Município,2024,Média do Salário Real,Homem - Total,09904,4017.7994915254244,099,09,B,2326.6035290329028
310900,Município,2024,Média do Salário Real,Homem - Total,10121,1981.863666666666,101,10,C,775.0041378346982
310900,Município,2024,Média do Salário Real,Homem - Total,10139,2501.04,101,10,C,NA
310900,Município,2024,Média do Salário Real,Homem - Total,10520,1681.91,105,10,C,NA
310900,Município,2024,Média do Salário Real,Homem - Total,10538,1940,105,10,C,402.49223594996215
310900,Município,2024,Média do Salário Real,Homem - Total,10911,1810.3864285714285,109,10,C,390.2050931853686
310900,Município,2024,Média do Salário Real,Homem - Total,10945,1958.5166666666664,109,10,C,190.61630598316265
310900,Município,2024,Média do Salário Real,Homem - Total,10953,1500,109,10,C,NA
310900,Município,2024,Média do Salário Real,Homem - Total,11135,2000,111,11,C,NA
310900,Município,2024,Média do Salário Real,Homem - Total,11216,2788.7079104477625,112,11,C,2224.022032796041
310900,Município,2024,Média do Salário Real,Homem - Total,14126,1515,141,14,C,NA
310900,Município,2024,Média do Salário Real,Homem - Total,14134,2047.3827272727276,141,14,C,684.3183429675242
310900,Município,2024,Média do Salário Real,Homem - Total,16226,1791.3866666666665,162,16,C,370.34744839587233
310900,Município,2024,Média do Salário Real,Homem - Total,18300,1412,183,18,C,0
310900,Município,2024,Média do Salário Real,Homem - Total,20991,2577.1266666666666,209,20,C,439.4248577781341
310900,Município,2024,Média do Salário Real,Homem - Total,23303,2260.8969230769226,233,23,C,1033.3242813881857
310900,Município,2024,Média do Salário Real,Homem - Total,23915,2372,239,23,C,284.95613697550016
310900,Município,2024,Média do Salário Real,Homem - Total,24512,2783.0425,245,24,C,1841.8504964543486
310900,Município,2024,Média do Salário Real,Homem - Total,25128,2586.87076923077,251,25,C,894.3882654218799
310900,Município,2024,Média do Salário Real,Homem - Total,28402,1460.14,284,28,C,NA
310900,Município,2024,Média do Salário Real,Homem - Total,31012,2159.486666666666,310,31,C,717.2863713654865
310900,Município,2024,Média do Salário Real,Homem - Total,38114,2428.0474999999997,381,38,E,244.39766136068366
310900,Município,2024,Média do Salário Real,Homem - Total,41107,1956.616,411,41,F,288.2876987143226
310900,Município,2024,Média do Salário Real,Homem - Total,41204,2831.0871604938284,412,41,F,2032.937909329905
310900,Município,2024,Média do Salário Real,Homem - Total,42111,3707.512470930233,421,42,F,2424.266012091244
310900,Município,2024,Média do Salário Real,Homem - Total,42120,4450.747716535433,421,42,F,2475.2697775724955
310900,Município,2024,Média do Salário Real,Homem - Total,42138,8156.7,421,42,F,6387.578397170558
310900,Município,2024,Média do Salário Real,Homem - Total,42227,3690.922,422,42,F,2063.638496544392
310900,Município,2024,Média do Salário Real,Homem - Total,42928,3439,429,42,F,NA
310900,Município,2024,Média do Salário Real,Homem - Total,42995,3005.7230357142867,429,42,F,1900.2389114060175
310900,Município,2024,Média do Salário Real,Homem - Total,43215,5742.34,432,43,F,5363.178661129984
310900,Município,2024,Média do Salário Real,Homem - Total,43223,2866.713333333333,432,43,F,180.36404778484354
310900,Município,2024,Média do Salário Real,Homem - Total,43291,5407.197727272727,432,43,F,4271.587808698119
310900,Município,2024,Média do Salário Real,Homem - Total,43304,2954.550810810811,433,43,F,933.4114751228371
310900,Município,2024,Média do Salário Real,Homem - Total,43991,2936.68,439,43,F,1687.5412028372905
310900,Município,2024,Média do Salário Real,Homem - Total,45111,2337.5,451,45,G,229.80970388562795
310900,Município,2024,Média do Salário Real,Homem - Total,45200,2324.278181818182,452,45,G,784.244371058131
310900,Município,2024,Média do Salário Real,Homem - Total,45307,2257.784,453,45,G,1298.4831197689864
310900,Município,2024,Média do Salário Real,Homem - Total,45412,2554.9,454,45,G,0
310900,Município,2024,Média do Salário Real,Homem - Total,46371,2271.16,463,46,G,1248.9096411136663
310900,Município,2024,Média do Salário Real,Homem - Total,46451,5104.66,464,46,G,NA
310900,Município,2024,Média do Salário Real,Homem - Total,46494,1719.825,464,46,G,435.330289837498
310900,Município,2024,Média do Salário Real,Homem - Total,46711,1178.67,467,46,G,NA
310900,Município,2024,Média do Salário Real,Homem - Total,46729,1634.96,467,46,G,NA
310900,Município,2024,Média do Salário Real,Homem - Total,46893,3209.0162962962963,468,46,G,1351.1265611963856
310900,Município,2024,Média do Salário Real,Homem - Total,46915,2938.032826086957,469,46,G,959.6055764570106
310900,Município,2024,Média do Salário Real,Homem - Total,47113,2597.582071005917,471,47,G,1157.3347715851667
310900,Município,2024,Média do Salário Real,Homem - Total,47121,1899.5728571428572,471,47,G,860.3532849710284
310900,Município,2024,Média do Salário Real,Homem - Total,47130,2358.642727272727,471,47,G,508.2721562133993
310900,Município,2024,Média do Salário Real,Homem - Total,47211,1734.7109090909091,472,47,G,551.9377583107455
310900,Município,2024,Média do Salário Real,Homem - Total,47229,2463.5118749999997,472,47,G,1330.2285287083507
310900,Município,2024,Média do Salário Real,Homem - Total,47237,1570.09,472,47,G,260.5573650849271
310900,Município,2024,Média do Salário Real,Homem - Total,47245,1689.635,472,47,G,251.30618688497634
310900,Município,2024,Média do Salário Real,Homem - Total,47296,1740.4650000000001,472,47,G,502.86891191111306
310900,Município,2024,Média do Salário Real,Homem - Total,47318,2650.4821052631582,473,47,G,1991.293783271441
310900,Município,2024,Média do Salário Real,Homem - Total,47415,1463.5,474,47,G,72.8319984622144
310900,Município,2024,Média do Salário Real,Homem - Total,47431,2573.7154545454546,474,47,G,1463.682818197738
310900,Município,2024,Média do Salário Real,Homem - Total,47440,1928.8222314049574,474,47,G,497.9379531787195
310900,Município,2024,Média do Salário Real,Homem - Total,47512,2043.7,475,47,G,NA
310900,Município,2024,Média do Salário Real,Homem - Total,47539,2965.9300000000003,475,47,G,1820.4195699618263
310900,Município,2024,Média do Salário Real,Homem - Total,47547,1773.409166666667,475,47,G,375.4395325108555
310900,Município,2024,Média do Salário Real,Homem - Total,47610,1485.8366666666668,476,47,G,125.15720701049005
310900,Município,2024,Média do Salário Real,Homem - Total,47717,2261.04875,477,47,G,1361.011356350312
310900,Município,2024,Média do Salário Real,Homem - Total,47725,5422.254999999999,477,47,G,1153.6800688449118
310900,Município,2024,Média do Salário Real,Homem - Total,47741,2000,477,47,G,NA
310900,Município,2024,Média do Salário Real,Homem - Total,47814,1795.976,478,47,G,639.4432399595761
310900,Município,2024,Média do Salário Real,Homem - Total,47822,2275.67,478,47,G,1407.6620960656717
310900,Município,2024,Média do Salário Real,Homem - Total,47849,2022.0442105263155,478,47,G,327.76709444895283
310900,Município,2024,Média do Salário Real,Homem - Total,47890,1733.478484848485,478,47,G,678.3911222523166
310900,Município,2024,Média do Salário Real,Homem - Total,49213,2973.1376744186023,492,49,H,678.1970984822193
310900,Município,2024,Média do Salário Real,Homem - Total,49248,1515.24,492,49,H,NA
310900,Município,2024,Média do Salário Real,Homem - Total,49299,3161.67951724138,492,49,H,859.7389291122133
310900,Município,2024,Média do Salário Real,Homem - Total,49302,3079.6342857142927,493,49,H,1231.2864346067543
310900,Município,2024,Média do Salário Real,Homem - Total,52125,4195.870227272728,521,52,H,4183.975770310078
310900,Município,2024,Média do Salário Real,Homem - Total,52231,1628.24,522,52,H,NA
310900,Município,2024,Média do Salário Real,Homem - Total,52508,4438.85933962264,525,52,H,2566.222555930824
310900,Município,2024,Média do Salário Real,Homem - Total,53105,4613.114545454545,531,53,H,1058.8474976347031
310900,Município,2024,Média do Salário Real,Homem - Total,55108,2159.7036923076926,551,55,I,1733.0662406885315
310900,Município,2024,Média do Salário Real,Homem - Total,55906,3500,559,55,I,NA
310900,Município,2024,Média do Salário Real,Homem - Total,56112,2234.716767676768,561,56,I,1382.8905295651111
310900,Município,2024,Média do Salário Real,Homem - Total,56201,1977.9715384615386,562,56,I,393.51923931887063
310900,Município,2024,Média do Salário Real,Homem - Total,61108,2203.2285714285713,611,61,J,1484.9313985324775
310900,Município,2024,Média do Salário Real,Homem - Total,62015,3333.33,620,62,J,NA
310900,Município,2024,Média do Salário Real,Homem - Total,64221,8564.766923076922,642,64,K,5061.625271967797
310900,Município,2024,Média do Salário Real,Homem - Total,64239,21447.196000000004,642,64,K,6525.599048756368
310900,Município,2024,Média do Salário Real,Homem - Total,64247,6178.1762499999995,642,64,K,4585.06166797269
310900,Município,2024,Média do Salário Real,Homem - Total,66193,3592.86,661,66,K,1552.325658874452
310900,Município,2024,Média do Salário Real,Homem - Total,66223,2118.1,662,66,K,NA
310900,Município,2024,Média do Salário Real,Homem - Total,68102,2920.1075,681,68,L,1116.7560822123753
310900,Município,2024,Média do Salário Real,Homem - Total,68218,1889.815,682,68,L,627.7352336508336
310900,Município,2024,Média do Salário Real,Homem - Total,68226,2244.17,682,68,L,NA
310900,Município,2024,Média do Salário Real,Homem - Total,69117,1663.03,691,69,M,NA
310900,Município,2024,Média do Salário Real,Homem - Total,69125,4328.794285714286,691,69,M,3831.2853470879704
310900,Município,2024,Média do Salário Real,Homem - Total,69206,2070.2736363636363,692,69,M,856.6732587897526
310900,Município,2024,Média do Salário Real,Homem - Total,70204,4917.7699999999995,702,70,M,1531.7623275314104
310900,Município,2024,Média do Salário Real,Homem - Total,71120,2169.4955555555557,711,71,M,981.4827681257466
310900,Município,2024,Média do Salário Real,Homem - Total,71197,2299.103333333333,711,71,M,1056.2962994507427
310900,Município,2024,Média do Salário Real,Homem - Total,73190,2467.581428571429,731,73,M,602.2917664894253
310900,Município,2024,Média do Salário Real,Homem - Total,74901,4866.61,749,74,M,5139.292234958039
310900,Município,2024,Média do Salário Real,Homem - Total,75001,1902.7,750,75,M,693.9545950564778
310900,Município,2024,Média do Salário Real,Homem - Total,77195,2808.4633333333336,771,77,N,1031.0101012114285
310900,Município,2024,Média do Salário Real,Homem - Total,77322,1909.9553846153847,773,77,N,336.68687739538706
310900,Município,2024,Média do Salário Real,Homem - Total,79112,1986.71,791,79,N,256.7928986557065
310900,Município,2024,Média do Salário Real,Homem - Total,80200,2171.145,802,80,N,474.53228978648025
310900,Município,2024,Média do Salário Real,Homem - Total,81125,3206.4570526315783,811,81,N,1364.6676214537001
310900,Município,2024,Média do Salário Real,Homem - Total,82113,2216.449285714286,821,82,N,799.1382742916974
310900,Município,2024,Média do Salário Real,Homem - Total,82997,1837.6068181818182,829,82,N,349.3266329926268
310900,Município,2024,Média do Salário Real,Homem - Total,84116,4675.584822580642,841,84,O,2478.588161584758
310900,Município,2024,Média do Salário Real,Homem - Total,85139,2691.1140909090914,851,85,P,1576.0626778497863
310900,Município,2024,Média do Salário Real,Homem - Total,85201,1285.58625,852,85,P,473.96700174281267
310900,Município,2024,Média do Salário Real,Homem - Total,85333,2958.4197142857147,853,85,P,3715.7441364767947
310900,Município,2024,Média do Salário Real,Homem - Total,85937,2638.23,859,85,P,NA
310900,Município,2024,Média do Salário Real,Homem - Total,85996,2148.1240000000003,859,85,P,487.59213729744016
310900,Município,2024,Média do Salário Real,Homem - Total,86101,3444.918571428572,861,86,Q,1040.6583528939261
310900,Município,2024,Média do Salário Real,Homem - Total,86305,3061.4323529411768,863,86,Q,1498.8923557519458
310900,Município,2024,Média do Salário Real,Homem - Total,86402,2851.403333333333,864,86,Q,979.2993243300707
310900,Município,2024,Média do Salário Real,Homem - Total,87115,1845.54,871,87,Q,NA
310900,Município,2024,Média do Salário Real,Homem - Total,87204,1755.91,872,87,Q,NA
310900,Município,2024,Média do Salário Real,Homem - Total,91023,3633.5063385826743,910,91,R,3517.8956178712197
310900,Município,2024,Média do Salário Real,Homem - Total,93123,1997.9389999999999,931,93,R,720.6188256931215
310900,Município,2024,Média do Salário Real,Homem - Total,93131,2106.1180000000004,931,93,R,1146.8214659154423
310900,Município,2024,Média do Salário Real,Homem - Total,93298,4030,932,93,R,601.0407640085654
310900,Município,2024,Média do Salário Real,Homem - Total,94308,2940.7544594594597,943,94,S,1910.4973201439202
310900,Município,2024,Média do Salário Real,Homem - Total,94910,2762,949,94,S,87.68124086713189
310900,Município,2024,Média do Salário Real,Homem - Total,94995,2860.2221428571424,949,94,S,1182.0704859766793
310900,Município,2024,Média do Salário Real,Homem - Total,95291,2600.5950000000003,952,95,S,632.3701437449431
310900,Município,2024,Média do Salário Real,Homem - Total,96092,1185.7766666666666,960,96,S,391.8303071909233
310900,Município,2024,Média do Salário Real,Mulher - BrAm,01512,1872.3333333333333,015,01,A,637.5235943346202
310900,Município,2024,Média do Salário Real,Mulher - BrAm,01521,2569.633333333333,015,01,A,776.9737690123994
310900,Município,2024,Média do Salário Real,Mulher - BrAm,01547,2000,015,01,A,NA
310900,Município,2024,Média do Salário Real,Mulher - BrAm,01610,1798.65,016,01,A,NA
310900,Município,2024,Média do Salário Real,Mulher - BrAm,02306,4233.71,023,02,A,2027.57212650993
310900,Município,2024,Média do Salário Real,Mulher - BrAm,07103,7581.5407065217405,071,07,B,6014.770544191008
310900,Município,2024,Média do Salário Real,Mulher - BrAm,09904,2927.352,099,09,B,1202.5755869674058
310900,Município,2024,Média do Salário Real,Mulher - BrAm,10121,1923.2500000000002,101,10,C,589.7293405574168
310900,Município,2024,Média do Salário Real,Mulher - BrAm,10538,1232,105,10,C,NA
310900,Município,2024,Média do Salário Real,Mulher - BrAm,10643,1412,106,10,C,NA
310900,Município,2024,Média do Salário Real,Mulher - BrAm,10911,1757.0144444444445,109,10,C,261.0757552948526
310900,Município,2024,Média do Salário Real,Mulher - BrAm,10945,1884.37,109,10,C,419.47260136986296
310900,Município,2024,Média do Salário Real,Mulher - BrAm,11216,1957.0657142857142,112,11,C,511.2526189470522
310900,Município,2024,Média do Salário Real,Mulher - BrAm,14126,1750,141,14,C,0
310900,Município,2024,Média do Salário Real,Mulher - BrAm,14134,2413.535714285714,141,14,C,987.3882687459594
310900,Município,2024,Média do Salário Real,Mulher - BrAm,23303,1412,233,23,C,NA
310900,Município,2024,Média do Salário Real,Mulher - BrAm,24512,2360.976666666667,245,24,C,709.1883470794859
310900,Município,2024,Média do Salário Real,Mulher - BrAm,28402,1460.14,284,28,C,NA
310900,Município,2024,Média do Salário Real,Mulher - BrAm,32507,1412,325,32,C,NA
310900,Município,2024,Média do Salário Real,Mulher - BrAm,41204,5230.114615384616,412,41,F,2886.048497388241
310900,Município,2024,Média do Salário Real,Mulher - BrAm,42111,3752.7152631578947,421,42,F,3518.6018373565003
310900,Município,2024,Média do Salário Real,Mulher - BrAm,42120,4571.328571428571,421,42,F,2874.302819099086
310900,Município,2024,Média do Salário Real,Mulher - BrAm,42995,3941.716666666667,429,42,F,628.8527355695715
310900,Município,2024,Média do Salário Real,Mulher - BrAm,43304,3239.985,433,43,F,1866.74068912905
310900,Município,2024,Média do Salário Real,Mulher - BrAm,43991,2843.6130769230763,439,43,F,1862.8467296201293
310900,Município,2024,Média do Salário Real,Mulher - BrAm,45200,1412,452,45,G,NA
310900,Município,2024,Média do Salário Real,Mulher - BrAm,45307,1901.22,453,45,G,574.6112644214347
310900,Município,2024,Média do Salário Real,Mulher - BrAm,46494,1700.6,464,46,G,NA
310900,Município,2024,Média do Salário Real,Mulher - BrAm,46711,1800,467,46,G,NA
310900,Município,2024,Média do Salário Real,Mulher - BrAm,46893,4021.0399999999995,468,46,G,498.2735233784751
310900,Município,2024,Média do Salário Real,Mulher - BrAm,46915,2275.5333333333333,469,46,G,410.82845218533737
310900,Município,2024,Média do Salário Real,Mulher - BrAm,47113,2363.1409677419356,471,47,G,1265.5823260522006
310900,Município,2024,Média do Salário Real,Mulher - BrAm,47121,1811.6208333333334,471,47,G,475.66063340576096
310900,Município,2024,Média do Salário Real,Mulher - BrAm,47130,6138.91,471,47,G,5996.067514563191
310900,Município,2024,Média do Salário Real,Mulher - BrAm,47211,1489.357,472,47,G,200.22589054754022
310900,Município,2024,Média do Salário Real,Mulher - BrAm,47229,1189.7,472,47,G,547.7272323885311
310900,Município,2024,Média do Salário Real,Mulher - BrAm,47296,1700,472,47,G,NA
310900,Município,2024,Média do Salário Real,Mulher - BrAm,47318,3291.64,473,47,G,NA
310900,Município,2024,Média do Salário Real,Mulher - BrAm,47415,2127,474,47,G,NA
310900,Município,2024,Média do Salário Real,Mulher - BrAm,47431,1962.665,474,47,G,536.4889859540455
310900,Município,2024,Média do Salário Real,Mulher - BrAm,47440,2024.1909523809522,474,47,G,688.098580284139
310900,Município,2024,Média do Salário Real,Mulher - BrAm,47539,1987.6625,475,47,G,459.782092617434
310900,Município,2024,Média do Salário Real,Mulher - BrAm,47547,1926.80875,475,47,G,427.43369368618374
310900,Município,2024,Média do Salário Real,Mulher - BrAm,47555,2330.7053333333333,475,47,G,857.8662157008821
310900,Município,2024,Média do Salário Real,Mulher - BrAm,47610,1604.55,476,47,G,NA
310900,Município,2024,Média do Salário Real,Mulher - BrAm,47717,2425.235,477,47,G,1043.8009964006342
310900,Município,2024,Média do Salário Real,Mulher - BrAm,47725,4247.88,477,47,G,NA
310900,Município,2024,Média do Salário Real,Mulher - BrAm,47741,2312.952,477,47,G,970.779383547055
310900,Município,2024,Média do Salário Real,Mulher - BrAm,47814,1660.190555555555,478,47,G,335.67733508700155
310900,Município,2024,Média do Salário Real,Mulher - BrAm,47822,1452.1281818181817,478,47,G,48.81625483753989
310900,Município,2024,Média do Salário Real,Mulher - BrAm,47849,1412,478,47,G,NA
310900,Município,2024,Média do Salário Real,Mulher - BrAm,47890,2110.2,478,47,G,986.5468231665438
310900,Município,2024,Média do Salário Real,Mulher - BrAm,49213,1735.0033333333333,492,49,H,288.3111923483605
310900,Município,2024,Média do Salário Real,Mulher - BrAm,49299,5161.726250000001,492,49,H,7659.290142492575
310900,Município,2024,Média do Salário Real,Mulher - BrAm,49302,2165.822,493,49,H,802.180914587781
310900,Município,2024,Média do Salário Real,Mulher - BrAm,52508,2576.244,525,52,H,180.25235069202293
310900,Município,2024,Média do Salário Real,Mulher - BrAm,53105,4692.18,531,53,H,1266.9939305300556
310900,Município,2024,Média do Salário Real,Mulher - BrAm,55108,2078.345263157895,551,55,I,1335.3558553491293
310900,Município,2024,Média do Salário Real,Mulher - BrAm,56112,2003.5333870967747,561,56,I,1611.5459048775754
310900,Município,2024,Média do Salário Real,Mulher - BrAm,56201,1855.9227777777778,562,56,I,639.8011351589286
310900,Município,2024,Média do Salário Real,Mulher - BrAm,61108,842.99,611,61,J,562.7155764682545
310900,Município,2024,Média do Salário Real,Mulher - BrAm,64221,5538.5233333333335,642,64,K,1583.1635839630305
310900,Município,2024,Média do Salário Real,Mulher - BrAm,64247,4024.1007692307685,642,64,K,2620.5509370692184
310900,Município,2024,Média do Salário Real,Mulher - BrAm,66223,2760.36,662,66,K,NA
310900,Município,2024,Média do Salário Real,Mulher - BrAm,68218,1869.4625,682,68,L,248.9539392973461
310900,Município,2024,Média do Salário Real,Mulher - BrAm,68226,2837.19,682,68,L,1529.7972368258481
310900,Município,2024,Média do Salário Real,Mulher - BrAm,69117,1723.77,691,69,M,NA
310900,Município,2024,Média do Salário Real,Mulher - BrAm,69125,2302.4444444444443,691,69,M,748.4515867962187
310900,Município,2024,Média do Salário Real,Mulher - BrAm,69206,2821.3779999999997,692,69,M,744.2381454807133
310900,Município,2024,Média do Salário Real,Mulher - BrAm,70204,3720.56,702,70,M,NA
310900,Município,2024,Média do Salário Real,Mulher - BrAm,71197,1727.73,711,71,M,NA
310900,Município,2024,Média do Salário Real,Mulher - BrAm,73190,4763.11,731,73,M,NA
310900,Município,2024,Média do Salário Real,Mulher - BrAm,73203,1468.47,732,73,M,NA
310900,Município,2024,Média do Salário Real,Mulher - BrAm,74901,4170.669999999999,749,74,M,791.7410798360787
310900,Município,2024,Média do Salário Real,Mulher - BrAm,75001,1794.2666666666667,750,75,M,366.4889301284101
310900,Município,2024,Média do Salário Real,Mulher - BrAm,77195,2750,771,77,N,1060.6601717798212
310900,Município,2024,Média do Salário Real,Mulher - BrAm,77322,1412,773,77,N,NA
310900,Município,2024,Média do Salário Real,Mulher - BrAm,77390,1412,773,77,N,NA
310900,Município,2024,Média do Salário Real,Mulher - BrAm,81125,2961.3148387096767,811,81,N,2311.3210815330567
310900,Município,2024,Média do Salário Real,Mulher - BrAm,82113,8144.17,821,82,N,NA
310900,Município,2024,Média do Salário Real,Mulher - BrAm,82997,1790.885,829,82,N,566.0507506987927
310900,Município,2024,Média do Salário Real,Mulher - BrAm,84116,5219.3736705202255,841,84,O,2945.9263070315596
310900,Município,2024,Média do Salário Real,Mulher - BrAm,85121,1606,851,85,P,387.5591088681399
310900,Município,2024,Média do Salário Real,Mulher - BrAm,85139,2591.2435483870963,851,85,P,2148.1939591783425
310900,Município,2024,Média do Salário Real,Mulher - BrAm,85201,1175.0166666666667,852,85,P,745.3146465978871
310900,Município,2024,Média do Salário Real,Mulher - BrAm,85333,2664.867826086956,853,85,P,1320.4719937340467
310900,Município,2024,Média do Salário Real,Mulher - BrAm,85937,1015.07,859,85,P,787.9587991132532
310900,Município,2024,Média do Salário Real,Mulher - BrAm,85996,1908.7522222222224,859,85,P,744.6533357169928
310900,Município,2024,Média do Salário Real,Mulher - BrAm,86101,4278.38695652174,861,86,Q,1773.0251806303843
310900,Município,2024,Média do Salário Real,Mulher - BrAm,86305,1786.9255555555555,863,86,Q,527.1118776460607
310900,Município,2024,Média do Salário Real,Mulher - BrAm,86402,1832.013333333333,864,86,Q,492.01538929861397
310900,Município,2024,Média do Salário Real,Mulher - BrAm,86500,2319.0533333333333,865,86,Q,1510.5681345882197
310900,Município,2024,Média do Salário Real,Mulher - BrAm,86909,3166,869,86,Q,NA
310900,Município,2024,Média do Salário Real,Mulher - BrAm,87115,3032.8790909090912,871,87,Q,1686.0196221423673
310900,Município,2024,Média do Salário Real,Mulher - BrAm,91023,5439.4095789473695,910,91,R,6680.079722472887
310900,Município,2024,Média do Salário Real,Mulher - BrAm,93131,2675.425,931,93,R,302.7477683650204
310900,Município,2024,Média do Salário Real,Mulher - BrAm,94111,2440.64,941,94,S,NA
310900,Município,2024,Média do Salário Real,Mulher - BrAm,94201,5395.66,942,94,S,NA
310900,Município,2024,Média do Salário Real,Mulher - BrAm,94308,3153.6785714285716,943,94,S,1830.6404354577273
310900,Município,2024,Média do Salário Real,Mulher - BrAm,94995,2449.112,949,94,S,682.2671788016773
310900,Município,2024,Média do Salário Real,Mulher - BrAm,96025,1258.7033333333331,960,96,S,494.2198539449152
310900,Município,2024,Média do Salário Real,Mulher - BrAm,96092,1412,960,96,S,NA
310900,Município,2024,Média do Salário Real,Mulher - PPI,01199,2118,011,01,A,NA
310900,Município,2024,Média do Salário Real,Mulher - PPI,01512,1589.7533333333333,015,01,A,307.8778045480598
310900,Município,2024,Média do Salário Real,Mulher - PPI,01521,2118,015,01,A,NA
310900,Município,2024,Média do Salário Real,Mulher - PPI,01547,2007.58,015,01,A,731.3464016456222
310900,Município,2024,Média do Salário Real,Mulher - PPI,01610,1412,016,01,A,NA
310900,Município,2024,Média do Salário Real,Mulher - PPI,01628,2118.1,016,01,A,NA
310900,Município,2024,Média do Salário Real,Mulher - PPI,02306,3618.3971428571426,023,02,A,2100.5195515214346
310900,Município,2024,Média do Salário Real,Mulher - PPI,07103,5436.84530701754,071,07,B,4264.320775314333
310900,Município,2024,Média do Salário Real,Mulher - PPI,08100,1700,081,08,B,NA
310900,Município,2024,Média do Salário Real,Mulher - PPI,09904,3467.1733333333336,099,09,B,2781.2558617706018
310900,Município,2024,Média do Salário Real,Mulher - PPI,10121,1502.8429411764707,101,10,C,478.12970692651254
310900,Município,2024,Média do Salário Real,Mulher - PPI,10139,2785.28,101,10,C,NA
310900,Município,2024,Média do Salário Real,Mulher - PPI,10911,1540.7184999999997,109,10,C,152.27583186873676
310900,Município,2024,Média do Salário Real,Mulher - PPI,10945,1777.33,109,10,C,NA
310900,Município,2024,Média do Salário Real,Mulher - PPI,11216,1705.5697590361447,112,11,C,463.7572617299467
310900,Município,2024,Média do Salário Real,Mulher - PPI,14134,1717.2557142857145,141,14,C,155.39817704391334
310900,Município,2024,Média do Salário Real,Mulher - PPI,23915,1600,239,23,C,NA
310900,Município,2024,Média do Salário Real,Mulher - PPI,24512,3766.5,245,24,C,NA
310900,Município,2024,Média do Salário Real,Mulher - PPI,25128,1553.44,251,25,C,NA
310900,Município,2024,Média do Salário Real,Mulher - PPI,28402,1460.14,284,28,C,NA
310900,Município,2024,Média do Salário Real,Mulher - PPI,31012,1857.49,310,31,C,NA
310900,Município,2024,Média do Salário Real,Mulher - PPI,33210,1412,332,33,C,NA
310900,Município,2024,Média do Salário Real,Mulher - PPI,41204,2698.117916666667,412,41,F,1830.4688962809482
310900,Município,2024,Média do Salário Real,Mulher - PPI,42111,3613.429466666666,421,42,F,2449.645968802427
310900,Município,2024,Média do Salário Real,Mulher - PPI,42120,3181.8759999999997,421,42,F,2088.1841244412744
310900,Município,2024,Média do Salário Real,Mulher - PPI,42995,2695.88,429,42,F,NA
310900,Município,2024,Média do Salário Real,Mulher - PPI,43304,2665.132,433,43,F,486.10683771162894
310900,Município,2024,Média do Salário Real,Mulher - PPI,43991,2719.36,439,43,F,1182.7214037887366
310900,Município,2024,Média do Salário Real,Mulher - PPI,45307,2389.7174999999997,453,45,G,601.2755171231126
310900,Município,2024,Média do Salário Real,Mulher - PPI,45412,1412,454,45,G,NA
310900,Município,2024,Média do Salário Real,Mulher - PPI,46397,730,463,46,G,NA
310900,Município,2024,Média do Salário Real,Mulher - PPI,46893,1869.25,468,46,G,917.3813288195191
310900,Município,2024,Média do Salário Real,Mulher - PPI,46915,2392.3775,469,46,G,807.0755630951604
310900,Município,2024,Média do Salário Real,Mulher - PPI,47113,2039.6323571428572,471,47,G,693.5935167019302
310900,Município,2024,Média do Salário Real,Mulher - PPI,47121,1642.0493333333332,471,47,G,301.91237684530415
310900,Município,2024,Média do Salário Real,Mulher - PPI,47130,1607.97,471,47,G,522.2162793599712
310900,Município,2024,Média do Salário Real,Mulher - PPI,47211,1661.8653846153845,472,47,G,467.5553921660937
310900,Município,2024,Média do Salário Real,Mulher - PPI,47229,2162.59,472,47,G,1201.9381824203772
310900,Município,2024,Média do Salário Real,Mulher - PPI,47237,1556,472,47,G,203.64675298172568
310900,Município,2024,Média do Salário Real,Mulher - PPI,47245,1412,472,47,G,0
310900,Município,2024,Média do Salário Real,Mulher - PPI,47296,1557.8899999999999,472,47,G,622.5313951922425
310900,Município,2024,Média do Salário Real,Mulher - PPI,47318,3160.135,473,47,G,2116.2871246123477
310900,Município,2024,Média do Salário Real,Mulher - PPI,47415,1463.5,474,47,G,72.8319984622144
310900,Município,2024,Média do Salário Real,Mulher - PPI,47423,2659.27,474,47,G,NA
310900,Município,2024,Média do Salário Real,Mulher - PPI,47440,1877.2776923076917,474,47,G,583.4947098393108
310900,Município,2024,Média do Salário Real,Mulher - PPI,47539,1757.0800000000004,475,47,G,273.3540860312866
310900,Município,2024,Média do Salário Real,Mulher - PPI,47547,3270.68,475,47,G,1669.6771002801709
310900,Município,2024,Média do Salário Real,Mulher - PPI,47555,1916.923,475,47,G,575.6171145446135
310900,Município,2024,Média do Salário Real,Mulher - PPI,47571,1679.3,475,47,G,NA
310900,Município,2024,Média do Salário Real,Mulher - PPI,47610,1481.6666666666667,476,47,G,663.2506816179435
310900,Município,2024,Média do Salário Real,Mulher - PPI,47636,1412,476,47,G,NA
310900,Município,2024,Média do Salário Real,Mulher - PPI,47717,2630.3675,477,47,G,1337.7052871122057
310900,Município,2024,Média do Salário Real,Mulher - PPI,47725,1691.9566666666667,477,47,G,267.46585507936027
310900,Município,2024,Média do Salário Real,Mulher - PPI,47741,2114.07,477,47,G,608.9506090809008
310900,Município,2024,Média do Salário Real,Mulher - PPI,47814,1539.1016,478,47,G,180.43930673220842
310900,Município,2024,Média do Salário Real,Mulher - PPI,47822,2066.9246153846157,478,47,G,819.5662780257146
310900,Município,2024,Média do Salário Real,Mulher - PPI,47849,1963,478,47,G,0
310900,Município,2024,Média do Salário Real,Mulher - PPI,47890,1883.525,478,47,G,631.4446095416689
310900,Município,2024,Média do Salário Real,Mulher - PPI,49213,2111.395,492,49,H,663.1278324476108
310900,Município,2024,Média do Salário Real,Mulher - PPI,49299,2216.7591666666667,492,49,H,609.5767465960129
310900,Município,2024,Média do Salário Real,Mulher - PPI,49302,1675.602,493,49,H,559.3182552755135
310900,Município,2024,Média do Salário Real,Mulher - PPI,52125,3561.6041666666665,521,52,H,3239.259000465885
310900,Município,2024,Média do Salário Real,Mulher - PPI,52290,1600,522,52,H,NA
310900,Município,2024,Média do Salário Real,Mulher - PPI,52508,2639.57,525,52,H,273.2800307377031
310900,Município,2024,Média do Salário Real,Mulher - PPI,53105,6087.25,531,53,H,NA
310900,Município,2024,Média do Salário Real,Mulher - PPI,55108,1674.0305797101448,551,55,I,453.3780127355229
310900,Município,2024,Média do Salário Real,Mulher - PPI,55906,1760.76,559,55,I,318.778421791689
310900,Município,2024,Média do Salário Real,Mulher - PPI,56112,2156.0707086614184,561,56,I,1020.6853305361628
310900,Município,2024,Média do Salário Real,Mulher - PPI,56121,1430,561,56,I,NA
310900,Município,2024,Média do Salário Real,Mulher - PPI,56201,1706.541860465116,562,56,I,550.592347910329
310900,Município,2024,Média do Salário Real,Mulher - PPI,61108,1598.85,611,61,J,139.7950106405805
310900,Município,2024,Média do Salário Real,Mulher - PPI,64221,7152.026,642,64,K,2670.2282218155065
310900,Município,2024,Média do Salário Real,Mulher - PPI,64239,12689.4,642,64,K,NA
310900,Município,2024,Média do Salário Real,Mulher - PPI,64247,4007.2042857142856,642,64,K,3330.880174707866
310900,Município,2024,Média do Salário Real,Mulher - PPI,66223,3031.79,662,66,K,NA
310900,Município,2024,Média do Salário Real,Mulher - PPI,68102,2946.9599999999996,681,68,L,2683.166264844577
310900,Município,2024,Média do Salário Real,Mulher - PPI,68218,1773.63,682,68,L,261.38956087291115
310900,Município,2024,Média do Salário Real,Mulher - PPI,68226,1545.87,682,68,L,1.9657568516985828
310900,Município,2024,Média do Salário Real,Mulher - PPI,69117,1412,691,69,M,0
310900,Município,2024,Média do Salário Real,Mulher - PPI,69125,2988.9759999999997,691,69,M,2259.2963119726755
310900,Município,2024,Média do Salário Real,Mulher - PPI,69206,2539.212631578947,692,69,M,1113.1008928207027
310900,Município,2024,Média do Salário Real,Mulher - PPI,70204,5216.326666666667,702,70,M,1249.7538703814178
310900,Município,2024,Média do Salário Real,Mulher - PPI,71120,2200,711,71,M,NA
310900,Município,2024,Média do Salário Real,Mulher - PPI,71197,1700,711,71,M,NA
310900,Município,2024,Média do Salário Real,Mulher - PPI,73190,1737.3,731,73,M,NA
310900,Município,2024,Média do Salário Real,Mulher - PPI,74901,3871.42,749,74,M,0
310900,Município,2024,Média do Salário Real,Mulher - PPI,75001,1515,750,75,M,0
310900,Município,2024,Média do Salário Real,Mulher - PPI,79112,1647.86,791,79,N,NA
310900,Município,2024,Média do Salário Real,Mulher - PPI,80200,1412,802,80,N,NA
310900,Município,2024,Média do Salário Real,Mulher - PPI,81125,3561.5499999999993,811,81,N,2026.9626866628316
310900,Município,2024,Média do Salário Real,Mulher - PPI,82113,1823.1469999999997,821,82,N,461.98149097236853
310900,Município,2024,Média do Salário Real,Mulher - PPI,82997,1708.5600000000002,829,82,N,256.8883430597815
310900,Município,2024,Média do Salário Real,Mulher - PPI,84116,4115.907705882344,841,84,O,2404.2525678925067
310900,Município,2024,Média do Salário Real,Mulher - PPI,85121,2683.2799999999997,851,85,P,435.54200095972357
310900,Município,2024,Média do Salário Real,Mulher - PPI,85139,2670.7328571428575,851,85,P,1281.7667092121474
310900,Município,2024,Média do Salário Real,Mulher - PPI,85201,3947.45,852,85,P,NA
310900,Município,2024,Média do Salário Real,Mulher - PPI,85333,1252.69,853,85,P,NA
310900,Município,2024,Média do Salário Real,Mulher - PPI,85937,1579.6960000000001,859,85,P,1148.5258684635712
310900,Município,2024,Média do Salário Real,Mulher - PPI,85996,1697.9957142857145,859,85,P,303.81077103229586
310900,Município,2024,Média do Salário Real,Mulher - PPI,86101,4205.139423076925,861,86,Q,1779.6269046357954
310900,Município,2024,Média do Salário Real,Mulher - PPI,86305,1864.8777272727268,863,86,Q,608.1925664445723
310900,Município,2024,Média do Salário Real,Mulher - PPI,86402,1900.5615384615385,864,86,Q,496.4537348677141
310900,Município,2024,Média do Salário Real,Mulher - PPI,86500,1704.5259999999998,865,86,Q,238.09755559434035
310900,Município,2024,Média do Salário Real,Mulher - PPI,86909,1500,869,86,Q,NA
310900,Município,2024,Média do Salário Real,Mulher - PPI,87115,2138.602499999999,871,87,Q,921.2024463430322
310900,Município,2024,Média do Salário Real,Mulher - PPI,91023,3155.2016666666673,910,91,R,3341.6345299773516
310900,Município,2024,Média do Salário Real,Mulher - PPI,93131,2626.4054545454546,931,93,R,1407.0515098699382
310900,Município,2024,Média do Salário Real,Mulher - PPI,93191,4500,931,93,R,2121.3203435596424
310900,Município,2024,Média do Salário Real,Mulher - PPI,93298,2064.815,932,93,R,159.7566350734769
310900,Município,2024,Média do Salário Real,Mulher - PPI,94111,1515,941,94,S,NA
310900,Município,2024,Média do Salário Real,Mulher - PPI,94201,3920.7466666666674,942,94,S,3036.2053438845887
310900,Município,2024,Média do Salário Real,Mulher - PPI,94308,2412.133636363637,943,94,S,1361.7623999809798
310900,Município,2024,Média do Salário Real,Mulher - PPI,94995,2377.901,949,94,S,669.6038604105166
310900,Município,2024,Média do Salário Real,Mulher - PPI,95291,2417.748,952,95,S,905.4258916775024
310900,Município,2024,Média do Salário Real,Mulher - PPI,96025,1952.8225,960,96,S,660.287751533375
310900,Município,2024,Média do Salário Real,Mulher - PPI,96033,1694.4,960,96,S,0
310900,Município,2024,Média do Salário Real,Mulher - PPI,96092,1656,960,96,S,345.0681092190352
310900,Município,2024,Média do Salário Real,Mulher - Total,01199,2118,011,01,A,NA
310900,Município,2024,Média do Salário Real,Mulher - Total,01512,1731.0433333333333,015,01,A,473.75675959997307
310900,Município,2024,Média do Salário Real,Mulher - Total,01521,2456.725,015,01,A,673.3884407234801
310900,Município,2024,Média do Salário Real,Mulher - Total,01547,2005.0533333333333,015,01,A,517.158517026775
310900,Município,2024,Média do Salário Real,Mulher - Total,01610,1605.325,016,01,A,273.40283694577863
310900,Município,2024,Média do Salário Real,Mulher - Total,01628,2118.1,016,01,A,NA
310900,Município,2024,Média do Salário Real,Mulher - Total,02306,3755.133333333333,023,02,A,1973.9899885257778
310900,Município,2024,Média do Salário Real,Mulher - Total,07103,6361.829530516428,071,07,B,5169.850883815078
310900,Município,2024,Média do Salário Real,Mulher - Total,08100,3626,081,08,B,2428.442299088039
310900,Município,2024,Média do Salário Real,Mulher - Total,09904,3129.785,099,09,B,1764.8111500182026
310900,Município,2024,Média do Salário Real,Mulher - Total,10121,1668.0028571428577,101,10,C,559.3539871209035
310900,Município,2024,Média do Salário Real,Mulher - Total,10139,2785.28,101,10,C,NA
310900,Município,2024,Média do Salário Real,Mulher - Total,10538,1232,105,10,C,NA
310900,Município,2024,Média do Salário Real,Mulher - Total,10643,1412,106,10,C,NA
310900,Município,2024,Média do Salário Real,Mulher - Total,10911,1611.4166666666667,109,10,C,210.69160244354754
310900,Município,2024,Média do Salário Real,Mulher - Total,10945,1857.61,109,10,C,346.65434167193115
310900,Município,2024,Média do Salário Real,Mulher - Total,11216,1751.0635000000007,112,11,C,482.40027883799956
310900,Município,2024,Média do Salário Real,Mulher - Total,14126,1750,141,14,C,0
310900,Município,2024,Média do Salário Real,Mulher - Total,14134,2097.5856,141,14,C,820.8213265792582
310900,Município,2024,Média do Salário Real,Mulher - Total,23303,1412,233,23,C,NA
310900,Município,2024,Média do Salário Real,Mulher - Total,23915,1600,239,23,C,NA
310900,Município,2024,Média do Salário Real,Mulher - Total,24512,2712.3575,245,24,C,910.5892055284863
310900,Município,2024,Média do Salário Real,Mulher - Total,25128,1553.44,251,25,C,NA
310900,Município,2024,Média do Salário Real,Mulher - Total,28402,1460.14,284,28,C,0
310900,Município,2024,Média do Salário Real,Mulher - Total,31012,1857.49,310,31,C,NA
310900,Município,2024,Média do Salário Real,Mulher - Total,32507,1412,325,32,C,NA
310900,Município,2024,Média do Salário Real,Mulher - Total,33210,1412,332,33,C,NA
310900,Município,2024,Média do Salário Real,Mulher - Total,41204,3587.738378378378,412,41,F,2533.5300012976113
310900,Município,2024,Média do Salário Real,Mulher - Total,42111,3641.5829787234034,421,42,F,2678.470116626252
310900,Município,2024,Média do Salário Real,Mulher - Total,42120,3623.9745454545464,421,42,F,2388.7734022510726
310900,Município,2024,Média do Salário Real,Mulher - Total,42995,3630.2574999999997,429,42,F,807.2573476645061
310900,Município,2024,Média do Salário Real,Mulher - Total,43304,2829.375714285715,433,43,F,903.8805406478806
310900,Município,2024,Média do Salário Real,Mulher - Total,43991,2716.35576923077,439,43,F,1517.344052199561
310900,Município,2024,Média do Salário Real,Mulher - Total,45200,1756,452,45,G,486.4894654563447
310900,Município,2024,Média do Salário Real,Mulher - Total,45307,2180.3614285714284,453,45,G,599.1706244031152
310900,Município,2024,Média do Salário Real,Mulher - Total,45412,1412,454,45,G,NA
310900,Município,2024,Média do Salário Real,Mulher - Total,46397,730,463,46,G,NA
310900,Município,2024,Média do Salário Real,Mulher - Total,46494,1700.6,464,46,G,NA
310900,Município,2024,Média do Salário Real,Mulher - Total,46711,1237.31,467,46,G,795.7638294117169
310900,Município,2024,Média do Salário Real,Mulher - Total,46893,2791.4457142857145,468,46,G,1351.4686196733924
310900,Município,2024,Média do Salário Real,Mulher - Total,46915,2363.955945945946,469,46,G,727.0610775598929
310900,Município,2024,Média do Salário Real,Mulher - Total,47113,2095.882045454546,471,47,G,822.1618429713689
310900,Município,2024,Média do Salário Real,Mulher - Total,47121,1695.2272413793103,471,47,G,417.8461785658907
310900,Município,2024,Média do Salário Real,Mulher - Total,47130,2514.1580000000004,471,47,G,2802.9520586925655
310900,Município,2024,Média do Salário Real,Mulher - Total,47211,1583.905833333333,472,47,G,370.49538433922044
310900,Município,2024,Média do Salário Real,Mulher - Total,47229,1838.2933333333333,472,47,G,1102.061540829277
310900,Município,2024,Média do Salário Real,Mulher - Total,47237,1556,472,47,G,203.64675298172568
310900,Município,2024,Média do Salário Real,Mulher - Total,47245,1412,472,47,G,0
310900,Município,2024,Média do Salário Real,Mulher - Total,47296,1581.5749999999998,472,47,G,559.8233165472835
310900,Município,2024,Média do Salário Real,Mulher - Total,47318,3174.746666666667,473,47,G,1980.09060444213
310900,Município,2024,Média do Salário Real,Mulher - Total,47415,1684.6666666666667,474,47,G,386.5182186305496
310900,Município,2024,Média do Salário Real,Mulher - Total,47423,2659.27,474,47,G,NA
310900,Município,2024,Média do Salário Real,Mulher - Total,47431,1962.665,474,47,G,536.4889859540455
310900,Município,2024,Média do Salário Real,Mulher - Total,47440,1946.7524528301888,474,47,G,620.0782386580983
310900,Município,2024,Média do Salário Real,Mulher - Total,47539,2135.3149999999996,475,47,G,936.5930545718468
310900,Município,2024,Média do Salário Real,Mulher - Total,47547,2195.5829999999996,475,47,G,879.1601077297202
310900,Município,2024,Média do Salário Real,Mulher - Total,47555,2165.1924000000004,475,47,G,772.2368131995953
310900,Município,2024,Média do Salário Real,Mulher - Total,47571,1679.3,475,47,G,NA
310900,Município,2024,Média do Salário Real,Mulher - Total,47610,1501.19375,476,47,G,562.2236847919797
310900,Município,2024,Média do Salário Real,Mulher - Total,47636,1412,476,47,G,NA
310900,Município,2024,Média do Salário Real,Mulher - Total,47717,2532.0441428571426,477,47,G,1282.7991900374934
310900,Município,2024,Média do Salário Real,Mulher - Total,47725,2330.9375,477,47,G,1296.486795365974
310900,Município,2024,Média do Salário Real,Mulher - Total,47741,2238.37125,477,47,G,809.3609452866856
310900,Município,2024,Média do Salário Real,Mulher - Total,47814,1606.084375,478,47,G,280.80441243692667
310900,Município,2024,Média do Salário Real,Mulher - Total,47822,1774.3372000000004,478,47,G,658.4784851048666
310900,Município,2024,Média do Salário Real,Mulher - Total,47849,1825.25,478,47,G,275.5
310900,Município,2024,Média do Salário Real,Mulher - Total,47890,1923.5264705882355,478,47,G,673.4650032383009
310900,Município,2024,Média do Salário Real,Mulher - Total,49213,1950.0842857142857,492,49,H,536.7069790508641
310900,Município,2024,Média do Salário Real,Mulher - Total,49299,2953.8832352941176,492,49,H,3778.8763611565005
310900,Município,2024,Média do Salário Real,Mulher - Total,49302,1993.53,493,49,H,741.9123677362442
310900,Município,2024,Média do Salário Real,Mulher - Total,52125,3561.6041666666665,521,52,H,3239.259000465885
310900,Município,2024,Média do Salário Real,Mulher - Total,52290,1600,522,52,H,NA
310900,Município,2024,Média do Salário Real,Mulher - Total,52508,2610.7854545454547,525,52,H,226.78412124148534
310900,Município,2024,Média do Salário Real,Mulher - Total,53105,5157.203333333334,531,53,H,1204.731053651948
310900,Município,2024,Média do Salário Real,Mulher - Total,55108,1772.2321111111107,551,55,I,743.6857027775362
310900,Município,2024,Média do Salário Real,Mulher - Total,55906,1760.76,559,55,I,318.778421791689
310900,Município,2024,Média do Salário Real,Mulher - Total,56112,2102.5893969849244,561,56,I,1223.419161216199
310900,Município,2024,Média do Salário Real,Mulher - Total,56121,1430,561,56,I,NA
310900,Município,2024,Média do Salário Real,Mulher - Total,56201,1750.621475409836,562,56,I,576.9805698081351
310900,Município,2024,Média do Salário Real,Mulher - Total,61108,1220.92,611,61,J,550.0047892518755
310900,Município,2024,Média do Salário Real,Mulher - Total,64221,6271.933636363636,642,64,K,2194.371585954725
310900,Município,2024,Média do Salário Real,Mulher - Total,64239,12689.4,642,64,K,NA
310900,Município,2024,Média do Salário Real,Mulher - Total,64247,4018.1869999999994,642,64,K,2800.1627958277522
310900,Município,2024,Média do Salário Real,Mulher - Total,66223,2896.075,662,66,K,191.92999361746448
310900,Município,2024,Média do Salário Real,Mulher - Total,68102,2946.9599999999996,681,68,L,2683.166264844577
310900,Município,2024,Média do Salário Real,Mulher - Total,68218,1821.54625,682,68,L,241.80140475413174
310900,Município,2024,Média do Salário Real,Mulher - Total,68226,2191.5299999999997,682,68,L,1155.8244953855813
310900,Município,2024,Média do Salário Real,Mulher - Total,69117,1515.9233333333334,691,69,M,180.0004934252496
310900,Município,2024,Média do Salário Real,Mulher - Total,69125,2663.776842105263,691,69,M,1710.3250419991732
310900,Município,2024,Média do Salário Real,Mulher - Total,69206,2681.563428571428,692,69,M,956.4575401693075
310900,Município,2024,Média do Salário Real,Mulher - Total,70204,4470.142,702,70,M,1375.9592049621237
310900,Município,2024,Média do Salário Real,Mulher - Total,71120,2200,711,71,M,NA
310900,Município,2024,Média do Salário Real,Mulher - Total,71197,1783.3966666666668,711,71,M,121.2278690455843
310900,Município,2024,Média do Salário Real,Mulher - Total,73190,3311.246666666666,731,73,M,1516.5948022571265
310900,Município,2024,Média do Salário Real,Mulher - Total,73203,1468.47,732,73,M,NA
310900,Município,2024,Média do Salário Real,Mulher - Total,74901,4061.851818181817,749,74,M,631.5908890542704
310900,Município,2024,Média do Salário Real,Mulher - Total,75001,1724.45,750,75,M,335.63489649149585
310900,Município,2024,Média do Salário Real,Mulher - Total,77195,2750,771,77,N,1060.6601717798212
310900,Município,2024,Média do Salário Real,Mulher - Total,77322,1463.5,773,77,N,72.8319984622144
310900,Município,2024,Média do Salário Real,Mulher - Total,77390,1412,773,77,N,NA
310900,Município,2024,Média do Salário Real,Mulher - Total,79112,1647.86,791,79,N,NA
310900,Município,2024,Média do Salário Real,Mulher - Total,80200,1412,802,80,N,NA
310900,Município,2024,Média do Salário Real,Mulher - Total,81125,3350.6206172839507,811,81,N,2143.677397149199
310900,Município,2024,Média do Salário Real,Mulher - Total,82113,2113.062592592593,821,82,N,1310.7302667467845
310900,Município,2024,Média do Salário Real,Mulher - Total,82997,1725.5275000000001,829,82,N,406.28904671252394
310900,Município,2024,Média do Salário Real,Mulher - Total,84116,4751.180956738777,841,84,O,2782.21143097934
310900,Município,2024,Média do Salário Real,Mulher - Total,85121,2144.6400000000003,851,85,P,690.833977285012
310900,Município,2024,Média do Salário Real,Mulher - Total,85139,2662.316666666667,851,85,P,1733.8801958788226
310900,Município,2024,Média do Salário Real,Mulher - Total,85201,1847.6166666666668,852,85,P,1179.7480325674064
310900,Município,2024,Média do Salário Real,Mulher - Total,85333,2606.027083333333,853,85,P,1323.2268023003107
310900,Município,2024,Média do Salário Real,Mulher - Total,85937,1367.96125,859,85,P,1008.248803271402
310900,Município,2024,Média do Salário Real,Mulher - Total,85996,1854.7277777777776,859,85,P,573.5372038864001
310900,Município,2024,Média do Salário Real,Mulher - Total,86101,4227.602000000003,861,86,Q,1765.9153792916916
310900,Município,2024,Média do Salário Real,Mulher - Total,86305,1892.7047887323945,863,86,Q,630.4449865222391
310900,Município,2024,Média do Salário Real,Mulher - Total,86402,1878.9147368421054,864,86,Q,482.3139531394281
310900,Município,2024,Média do Salário Real,Mulher - Total,86500,1969.3966666666665,865,86,Q,835.4483561687102
310900,Município,2024,Média do Salário Real,Mulher - Total,86909,2333,869,86,Q,1178.0398974567881
310900,Município,2024,Média do Salário Real,Mulher - Total,87115,2367.370930232557,871,87,Q,1207.9132545798107
310900,Município,2024,Média do Salário Real,Mulher - Total,91023,3990.4518217054274,910,91,R,4955.193014591087
310900,Município,2024,Média do Salário Real,Mulher - Total,93123,1560,931,93,R,NA
310900,Município,2024,Média do Salário Real,Mulher - Total,93131,2633.9469230769228,931,93,R,1287.5578368393437
310900,Município,2024,Média do Salário Real,Mulher - Total,93191,4500,931,93,R,2121.3203435596424
310900,Município,2024,Média do Salário Real,Mulher - Total,93298,2064.815,932,93,R,159.7566350734769
310900,Município,2024,Média do Salário Real,Mulher - Total,94111,1977.82,941,94,S,654.5263209375157
310900,Município,2024,Média do Salário Real,Mulher - Total,94201,4289.4749999999995,942,94,S,2586.4140417509852
310900,Município,2024,Média do Salário Real,Mulher - Total,94308,2568.6766666666667,943,94,S,1490.519512142127
310900,Município,2024,Média do Salário Real,Mulher - Total,94995,2401.6379999999995,949,94,S,649.9550169621631
310900,Município,2024,Média do Salário Real,Mulher - Total,95291,2417.748,952,95,S,905.4258916775024
310900,Município,2024,Média do Salário Real,Mulher - Total,96025,1655.3428571428572,960,96,S,661.1091135033179
310900,Município,2024,Média do Salário Real,Mulher - Total,96033,1694.4,960,96,S,0
310900,Município,2024,Média do Salário Real,Mulher - Total,96092,1608.88,960,96,S,240.00645324657418
310900,Município,2024,Média do Salário Real,PPI - Total,01113,2118,011,01,A,NA
310900,Município,2024,Média do Salário Real,PPI - Total,01199,2418.151818181818,011,01,A,363.2843287789382
310900,Município,2024,Média do Salário Real,PPI - Total,01211,2602.52,012,01,A,902.9335331573415
310900,Município,2024,Média do Salário Real,PPI - Total,01318,1343.6750000000002,013,01,A,32.20871388304721
310900,Município,2024,Média do Salário Real,PPI - Total,01393,2196.645,013,01,A,467.87134390770296
310900,Município,2024,Média do Salário Real,PPI - Total,01512,1802.3311764705884,015,01,A,519.2720234325994
310900,Município,2024,Média do Salário Real,PPI - Total,01521,2363.232727272727,015,01,A,921.1196729317087
310900,Município,2024,Média do Salário Real,PPI - Total,01547,2052.8275,015,01,A,677.7092118649905
310900,Município,2024,Média do Salário Real,PPI - Total,01598,1711.52,015,01,A,NA
310900,Município,2024,Média do Salário Real,PPI - Total,01610,1962.64,016,01,A,579.5846488132687
310900,Município,2024,Média do Salário Real,PPI - Total,01628,1735.0660000000003,016,01,A,355.0093138746895
310900,Município,2024,Média do Salário Real,PPI - Total,02306,2564.5861111111103,023,02,A,1268.8304141942865
310900,Município,2024,Média do Salário Real,PPI - Total,07103,6010.087181878744,071,07,B,4937.910476380036
310900,Município,2024,Média do Salário Real,PPI - Total,08100,3092.427,081,08,B,746.5933919378494
310900,Município,2024,Média do Salário Real,PPI - Total,09904,4574.266923076923,099,09,B,2084.78720415052
310900,Município,2024,Média do Salário Real,PPI - Total,10121,1674.7823880597014,101,10,C,663.0863103564193
310900,Município,2024,Média do Salário Real,PPI - Total,10139,2643.16,101,10,C,200.98803148446444
310900,Município,2024,Média do Salário Real,PPI - Total,10520,1681.91,105,10,C,NA
310900,Município,2024,Média do Salário Real,PPI - Total,10538,1760,105,10,C,0
310900,Município,2024,Média do Salário Real,PPI - Total,10911,1642.3641935483874,109,10,C,312.672812897382
310900,Município,2024,Média do Salário Real,PPI - Total,10945,1809.4299999999998,109,10,C,119.02173947084907
310900,Município,2024,Média do Salário Real,PPI - Total,11216,2041.5054477611943,112,11,C,1397.0798069817322
310900,Município,2024,Média do Salário Real,PPI - Total,14126,1515,141,14,C,NA
310900,Município,2024,Média do Salário Real,PPI - Total,14134,1855.6771428571428,141,14,C,525.6069706016606
310900,Município,2024,Média do Salário Real,PPI - Total,18300,1412,183,18,C,NA
310900,Município,2024,Média do Salário Real,PPI - Total,20991,2577.1266666666666,209,20,C,439.4248577781341
310900,Município,2024,Média do Salário Real,PPI - Total,23303,2646.00625,233,23,C,1172.7650788741903
310900,Município,2024,Média do Salário Real,PPI - Total,23915,2102.8,239,23,C,340.04882002441946
310900,Município,2024,Média do Salário Real,PPI - Total,24512,2505.9063157894734,245,24,C,1138.8370025610948
310900,Município,2024,Média do Salário Real,PPI - Total,25128,2332.9641666666666,251,25,C,811.9488451134471
310900,Município,2024,Média do Salário Real,PPI - Total,28402,1460.14,284,28,C,0
310900,Município,2024,Média do Salário Real,PPI - Total,31012,2116.3442857142854,310,31,C,664.6643042633663
310900,Município,2024,Média do Salário Real,PPI - Total,33210,1412,332,33,C,NA
310900,Município,2024,Média do Salário Real,PPI - Total,38114,2389.145,381,38,E,271.70069692586355
310900,Município,2024,Média do Salário Real,PPI - Total,41107,1884.7666666666667,411,41,F,382.81718056186213
310900,Município,2024,Média do Salário Real,PPI - Total,41204,2717.9804635761598,412,41,F,1733.0515144393285
310900,Município,2024,Média do Salário Real,PPI - Total,42111,3613.1234525660934,421,42,F,2143.9983514663795
310900,Município,2024,Média do Salário Real,PPI - Total,42120,4305.06,421,42,F,2427.6379025227384
310900,Município,2024,Média do Salário Real,PPI - Total,42227,3690.922,422,42,F,2063.638496544392
310900,Município,2024,Média do Salário Real,PPI - Total,42928,3439,429,42,F,NA
310900,Município,2024,Média do Salário Real,PPI - Total,42995,2837.167045454545,429,42,F,1570.4424931973488
310900,Município,2024,Média do Salário Real,PPI - Total,43215,5742.34,432,43,F,5363.178661129984
310900,Município,2024,Média do Salário Real,PPI - Total,43223,2866.713333333333,432,43,F,180.36404778484354
310900,Município,2024,Média do Salário Real,PPI - Total,43291,4014.2743749999995,432,43,F,2297.2106974037556
310900,Município,2024,Média do Salário Real,PPI - Total,43304,3049.2942424242424,433,43,F,913.5023063429776
310900,Município,2024,Média do Salário Real,PPI - Total,43991,3106.6725490196077,439,43,F,1794.1184738630848
310900,Município,2024,Média do Salário Real,PPI - Total,45200,2581.79375,452,45,G,771.0271277595047
310900,Município,2024,Média do Salário Real,PPI - Total,45307,2109.925238095238,453,45,G,1109.0387072623707
310900,Município,2024,Média do Salário Real,PPI - Total,45412,2173.9333333333334,454,45,G,659.8536226568234
310900,Município,2024,Média do Salário Real,PPI - Total,46371,1502.39,463,46,G,NA
310900,Município,2024,Média do Salário Real,PPI - Total,46397,730,463,46,G,NA
310900,Município,2024,Média do Salário Real,PPI - Total,46451,5104.66,464,46,G,NA
310900,Município,2024,Média do Salário Real,PPI - Total,46494,1412,464,46,G,NA
310900,Município,2024,Média do Salário Real,PPI - Total,46729,1634.96,467,46,G,NA
310900,Município,2024,Média do Salário Real,PPI - Total,46893,2535.692,468,46,G,1015.1984487804913
310900,Município,2024,Média do Salário Real,PPI - Total,46915,2686.697205882353,469,46,G,935.2127430726707
310900,Município,2024,Média do Salário Real,PPI - Total,47113,2251.9472348484856,471,47,G,951.2802804031837
310900,Município,2024,Média do Salário Real,PPI - Total,47121,1606.4704545454545,471,47,G,375.43826947382155
310900,Município,2024,Média do Salário Real,PPI - Total,47130,1883.8514285714284,471,47,G,558.2968306976433
310900,Município,2024,Média do Salário Real,PPI - Total,47211,1603.22,472,47,G,413.9310958146935
310900,Município,2024,Média do Salário Real,PPI - Total,47229,2225.631176470588,472,47,G,845.8448793579289
310900,Município,2024,Média do Salário Real,PPI - Total,47237,1636.8,472,47,G,237.02151801049624
310900,Município,2024,Média do Salário Real,PPI - Total,47245,1596.8,472,47,G,270.29465403518435
310900,Município,2024,Média do Salário Real,PPI - Total,47296,1651.2199999999998,472,47,G,582.1384709352726
310900,Município,2024,Média do Salário Real,PPI - Total,47318,2827.325882352942,473,47,G,2226.841563688065
310900,Município,2024,Média do Salário Real,PPI - Total,47415,1446.3333333333333,474,47,G,59.46707772653145
310900,Município,2024,Média do Salário Real,PPI - Total,47423,2659.27,474,47,G,NA
310900,Município,2024,Média do Salário Real,PPI - Total,47431,1917.06375,474,47,G,819.1302990879587
310900,Município,2024,Média do Salário Real,PPI - Total,47440,1915.817777777777,474,47,G,500.4833061671737
310900,Município,2024,Média do Salário Real,PPI - Total,47539,2309.7414285714285,475,47,G,1232.4808521491464
310900,Município,2024,Média do Salário Real,PPI - Total,47547,2535.4925,475,47,G,1310.4305254222115
310900,Município,2024,Média do Salário Real,PPI - Total,47555,1916.923,475,47,G,575.6171145446135
310900,Município,2024,Média do Salário Real,PPI - Total,47571,1679.3,475,47,G,NA
310900,Município,2024,Média do Salário Real,PPI - Total,47610,1491.98,476,47,G,531.7602971264403
310900,Município,2024,Média do Salário Real,PPI - Total,47636,1412,476,47,G,NA
310900,Município,2024,Média do Salário Real,PPI - Total,47717,2585.1976785714282,477,47,G,1461.659385493066
310900,Município,2024,Média do Salário Real,PPI - Total,47725,2420.5875,477,47,G,1473.5343749722974
310900,Município,2024,Média do Salário Real,PPI - Total,47741,2114.07,477,47,G,608.9506090809008
310900,Município,2024,Média do Salário Real,PPI - Total,47814,1540.6329629629631,478,47,G,173.8922417390639
310900,Município,2024,Média do Salário Real,PPI - Total,47822,2020.144285714286,478,47,G,806.6338065042925
310900,Município,2024,Média do Salário Real,PPI - Total,47849,2059.3688888888887,478,47,G,313.63243148795334
310900,Município,2024,Média do Salário Real,PPI - Total,47890,1748.7720930232554,478,47,G,654.7542038540589
310900,Município,2024,Média do Salário Real,PPI - Total,49213,2880.6678048780473,492,49,H,762.1880013504286
310900,Município,2024,Média do Salário Real,PPI - Total,49299,2902.5159999999996,492,49,H,910.2701004558322
310900,Município,2024,Média do Salário Real,PPI - Total,49302,3155.880100334452,493,49,H,1254.2968967675054
310900,Município,2024,Média do Salário Real,PPI - Total,52125,4035.873090909091,521,52,H,4014.2582925888123
310900,Município,2024,Média do Salário Real,PPI - Total,52290,1600,522,52,H,NA
310900,Município,2024,Média do Salário Real,PPI - Total,52508,4022.535128205125,525,52,H,1590.5592325952966
310900,Município,2024,Média do Salário Real,PPI - Total,53105,4881.865000000001,531,53,H,1125.580472721266
310900,Município,2024,Média do Salário Real,PPI - Total,55108,1742.090869565217,551,55,I,585.0588454172722
310900,Município,2024,Média do Salário Real,PPI - Total,55906,2108.608,559,55,I,825.3519959205285
310900,Município,2024,Média do Salário Real,PPI - Total,56112,2220.258064516128,561,56,I,1260.6027077889696
310900,Município,2024,Média do Salário Real,PPI - Total,56121,1430,561,56,I,NA
310900,Município,2024,Média do Salário Real,PPI - Total,56201,1750.4076470588232,562,56,I,537.9661832330662
310900,Município,2024,Média do Salário Real,PPI - Total,61108,2533.21,611,61,J,1803.7243408385145
310900,Município,2024,Média do Salário Real,PPI - Total,64221,6710.546250000001,642,64,K,2237.055789922725
310900,Município,2024,Média do Salário Real,PPI - Total,64239,14092.993333333332,642,64,K,3155.89728795684
310900,Município,2024,Média do Salário Real,PPI - Total,64247,4925.8644444444435,642,64,K,3476.6677259630055
310900,Município,2024,Média do Salário Real,PPI - Total,66193,3592.86,661,66,K,1552.325658874452
310900,Município,2024,Média do Salário Real,PPI - Total,66223,2574.9449999999997,662,66,K,646.0763949023366
310900,Município,2024,Média do Salário Real,PPI - Total,68102,3078.5516666666667,681,68,L,1856.5906191771696
310900,Município,2024,Média do Salário Real,PPI - Total,68218,1675.63,682,68,L,256.6589727245085
310900,Município,2024,Média do Salário Real,PPI - Total,68226,1778.6366666666665,682,68,L,403.1660891411049
310900,Município,2024,Média do Salário Real,PPI - Total,69117,1495.6766666666665,691,69,M,144.93223807467174
310900,Município,2024,Média do Salário Real,PPI - Total,69125,3673.2425,691,69,M,3516.1975786873336
310900,Município,2024,Média do Salário Real,PPI - Total,69206,2321.266,692,69,M,1051.607930880928
310900,Município,2024,Média do Salário Real,PPI - Total,70204,5082.996666666667,702,70,M,1445.9524780342308
310900,Município,2024,Média do Salário Real,PPI - Total,71120,2637.6033333333335,711,71,M,1302.9854937923653
310900,Município,2024,Média do Salário Real,PPI - Total,71197,1650,711,71,M,70.71067811865476
310900,Município,2024,Média do Salário Real,PPI - Total,73190,2087.696,731,73,M,365.0159151050814
310900,Município,2024,Média do Salário Real,PPI - Total,74901,3871.42,749,74,M,0
310900,Município,2024,Média do Salário Real,PPI - Total,75001,1515,750,75,M,0
310900,Município,2024,Média do Salário Real,PPI - Total,77195,2731.3375,771,77,N,505.37389177881624
310900,Município,2024,Média do Salário Real,PPI - Total,77322,1798.8262499999998,773,77,N,356.20817131629644
310900,Município,2024,Média do Salário Real,PPI - Total,79112,1873.76,791,79,N,266.9164736392267
310900,Município,2024,Média do Salário Real,PPI - Total,80200,1918.0966666666666,802,80,N,551.9880651185615
310900,Município,2024,Média do Salário Real,PPI - Total,81125,3353.198577235772,811,81,N,1574.4655996081324
310900,Município,2024,Média do Salário Real,PPI - Total,82113,1972.6806451612904,821,82,N,644.5038554419747
310900,Município,2024,Média do Salário Real,PPI - Total,82997,1808.7755555555557,829,82,N,377.8605451006904
310900,Município,2024,Média do Salário Real,PPI - Total,84116,4133.3726481714975,841,84,O,2220.603894366816
310900,Município,2024,Média do Salário Real,PPI - Total,85121,2683.2799999999997,851,85,P,435.54200095972357
310900,Município,2024,Média do Salário Real,PPI - Total,85139,2757.089318181818,851,85,P,1452.8655287691186
310900,Município,2024,Média do Salário Real,PPI - Total,85201,2778.16,852,85,P,1653.6257763472363
310900,Município,2024,Média do Salário Real,PPI - Total,85333,1701.0425,853,85,P,706.1873100925237
310900,Município,2024,Média do Salário Real,PPI - Total,85937,1756.1183333333336,859,85,P,1114.4677539600088
310900,Município,2024,Média do Salário Real,PPI - Total,85996,1858.355,859,85,P,495.09262817484665
310900,Município,2024,Média do Salário Real,PPI - Total,86101,4016.2361643835648,861,86,Q,1625.3786426062818
310900,Município,2024,Média do Salário Real,PPI - Total,86305,2230.2285454545454,863,86,Q,1106.1595318193854
310900,Município,2024,Média do Salário Real,PPI - Total,86402,1900.5615384615385,864,86,Q,496.4537348677141
310900,Município,2024,Média do Salário Real,PPI - Total,86500,1704.5259999999998,865,86,Q,238.09755559434035
310900,Município,2024,Média do Salário Real,PPI - Total,86909,1500,869,86,Q,NA
310900,Município,2024,Média do Salário Real,PPI - Total,87115,2129.7218181818175,871,87,Q,908.1284909721427
310900,Município,2024,Média do Salário Real,PPI - Total,91023,3245.9162089552224,910,91,R,3187.0090496540643
310900,Município,2024,Média do Salário Real,PPI - Total,93123,1677.9125,931,93,R,818.3306840299953
310900,Município,2024,Média do Salário Real,PPI - Total,93131,2467.8915789473685,931,93,R,1321.5223683450301
310900,Município,2024,Média do Salário Real,PPI - Total,93191,4500,931,93,R,2121.3203435596424
310900,Município,2024,Média do Salário Real,PPI - Total,93298,3047.4075000000003,932,93,R,1190.0594196194575
310900,Município,2024,Média do Salário Real,PPI - Total,94111,1515,941,94,S,NA
310900,Município,2024,Média do Salário Real,PPI - Total,94201,3920.7466666666674,942,94,S,3036.2053438845887
310900,Município,2024,Média do Salário Real,PPI - Total,94308,2659.094803921569,943,94,S,1854.5659828205385
310900,Município,2024,Média do Salário Real,PPI - Total,94910,2700,949,94,S,NA
310900,Município,2024,Média do Salário Real,PPI - Total,94995,2481.2030952380946,949,94,S,862.4058498418278
310900,Município,2024,Média do Salário Real,PPI - Total,95291,2499.013333333334,952,95,S,754.4166446168855
310900,Município,2024,Média do Salário Real,PPI - Total,96025,1952.8225,960,96,S,660.287751533375
310900,Município,2024,Média do Salário Real,PPI - Total,96033,1694.4,960,96,S,0
310900,Município,2024,Média do Salário Real,PPI - Total,96092,1364.3325,960,96,S,479.46088011258365
