aba_origem,variavel,variavel_num,tipo,tema,descricao
Dicionário Básico,V0001,1,,Básico,Total de pessoas
Dicionário Básico,V0002,2,,Básico,Total de Domicílios (DPPO + DPPV + DPPUO + DPIO + DCCM + DCSM)
Dicionário Básico,V0003,3,,Básico,Total de Domicílios Particulares (DPPO + DPPV + DPPUO + DPIO)
Dicionário Básico,V0004,4,,Básico,Total de Domicílios Coletivos (DCCM + DCSM)
Dicionário Básico,V0005,5,,Básico,Média de moradores em Domicílios Particulares Ocupados (Total pessoas em Domicílios Particulares Ocupados / DPPO + DPIO)
Dicionário Básico,V0006,6,,Básico,Percentual de Domicílios Particulares Ocupados Imputados (Total DPO imputados / Total DPO)
Dicionário Básico,V0007,7,,Básico,Total de Domicílios Particulares Ocupados (DPPO + DPIO)
Dicionário Básico,V0008,8,,Básico,Total de Domicílios Particulares  de Uso Ocasional (DPPUO)
Dicionário Básico,V0009,9,,Básico,Total de Domicílios Particulares Permanentes Vagos (DPPV)
Dicionário não PCT,V00001,1,Domicílio,Características do Domicílio - Parte 1,Domicílios Particulares Permanentes Ocupados
Dicionário não PCT,V00002,2,Domicílio,Características do Domicílio - Parte 1,Domicílios Particulares Improvisados Ocupados
Dicionário não PCT,V00003,3,Domicílio,Características do Domicílio - Parte 1,Unidades de Habitação em Domicílios Coletivos Com Morador
Dicionário não PCT,V00004,4,Domicílio,Características do Domicílio - Parte 1,Domicílios Particulares Permanentes Ocupados
Dicionário não PCT,V00005,5,Domicílio,Características do Domicílio - Parte 1,"Domicílios Particulares Permanentes Ocupados, Quantidade de moradores"
Dicionário não PCT,V00006,6,Domicílio,Características do Domicílio - Parte 1,"Domicílios Particulares Improvisados Ocupados, Quantidade de moradores"
Dicionário não PCT,V00007,7,Domicílio,Características do Domicílio - Parte 1,"Domicílios Coletivos Com Morador, Quantidade de moradores"
Dicionário não PCT,V00008,8,Domicílio,Características do Domicílio - Parte 1,"Domicílios Particulares Permanentes Ocupados, Quantidade de crianças de zero a nove anos de idade"
Dicionário não PCT,V00009,9,Domicílio,Características do Domicílio - Parte 1,"Domicílios Particulares Improvisados Ocupados, Quantidade de crianças de zero a nove anos de idade"
Dicionário não PCT,V00010,10,Domicílio,Características do Domicílio - Parte 1,"Domicílios Coletivos Com Morador, Quantidade de crianças de zero a nove anos de idade"
Dicionário não PCT,V00011,11,Domicílio,Características do Domicílio - Parte 1,"Domicílios Particulares Permanentes Ocupados, Pessoas de sexo masculino no domicílio"
Dicionário não PCT,V00012,12,Domicílio,Características do Domicílio - Parte 1,"Domicílios Particulares Improvisados Ocupados, Pessoas de sexo masculino no domicílio"
Dicionário não PCT,V00013,13,Domicílio,Características do Domicílio - Parte 1,"Domicílios Coletivos Com Morador, Pessoas de sexo masculino no domicílio"
Dicionário não PCT,V00014,14,Domicílio,Características do Domicílio - Parte 1,"Domicílios Particulares Permanentes Ocupados, Pessoas de sexo feminino no domicílio"
Dicionário não PCT,V00015,15,Domicílio,Características do Domicílio - Parte 1,"Domicílios Particulares Improvisados Ocupados, Pessoas de sexo feminino no domicílio"
Dicionário não PCT,V00016,16,Domicílio,Características do Domicílio - Parte 1,"Domicílios Coletivos Com Morador, Pessoas de sexo feminino no domicílio"
Dicionário não PCT,V00017,17,Domicílio,Características do Domicílio - Parte 1,"Domicílios Particulares Permanentes Ocupados, Com 1 morador no domicílio"
Dicionário não PCT,V00018,18,Domicílio,Características do Domicílio - Parte 1,"Domicílios Particulares Permanentes Ocupados, Com 2 moradores no domicílio"
Dicionário não PCT,V00019,19,Domicílio,Características do Domicílio - Parte 1,"Domicílios Particulares Permanentes Ocupados, Com 3 moradores no domicílio"
Dicionário não PCT,V00020,20,Domicílio,Características do Domicílio - Parte 1,"Domicílios Particulares Permanentes Ocupados, Com 4 moradores no domicílio"
Dicionário não PCT,V00021,21,Domicílio,Características do Domicílio - Parte 1,"Domicílios Particulares Permanentes Ocupados, Com 5 moradores no domicílio"
Dicionário não PCT,V00022,22,Domicílio,Características do Domicílio - Parte 1,"Domicílios Particulares Permanentes Ocupados, Com 6 moradores no domicílio"
Dicionário não PCT,V00023,23,Domicílio,Características do Domicílio - Parte 1,"Domicílios Particulares Permanentes Ocupados, Com 7 moradores no domicílio"
Dicionário não PCT,V00024,24,Domicílio,Características do Domicílio - Parte 1,"Domicílios Particulares Permanentes Ocupados, Com 8 moradores no domicílio"
Dicionário não PCT,V00025,25,Domicílio,Características do Domicílio - Parte 1,"Domicílios Particulares Permanentes Ocupados, Com 9 moradores no domicílio"
Dicionário não PCT,V00026,26,Domicílio,Características do Domicílio - Parte 1,"Domicílios Particulares Permanentes Ocupados, Com 10 ou mais moradores no domicílio"
Dicionário não PCT,V00027,27,Domicílio,Características do Domicílio - Parte 1,"Domicílios Particulares Improvisados Ocupados, Com 1 morador no domicílio"
Dicionário não PCT,V00028,28,Domicílio,Características do Domicílio - Parte 1,"Domicílios Particulares Improvisados Ocupados, Com 2 moradores no domicílio"
Dicionário não PCT,V00029,29,Domicílio,Características do Domicílio - Parte 1,"Domicílios Particulares Improvisados Ocupados, Com 3 moradores no domicílio"
Dicionário não PCT,V00030,30,Domicílio,Características do Domicílio - Parte 1,"Domicílios Particulares Improvisados Ocupados, Com 4 moradores no domicílio"
Dicionário não PCT,V00031,31,Domicílio,Características do Domicílio - Parte 1,"Domicílios Particulares Improvisados Ocupados, Com 5 moradores no domicílio"
Dicionário não PCT,V00032,32,Domicílio,Características do Domicílio - Parte 1,"Domicílios Particulares Improvisados Ocupados, Com 6 moradores no domicílio"
Dicionário não PCT,V00033,33,Domicílio,Características do Domicílio - Parte 1,"Domicílios Particulares Improvisados Ocupados, Com 7 moradores no domicílio"
Dicionário não PCT,V00034,34,Domicílio,Características do Domicílio - Parte 1,"Domicílios Particulares Improvisados Ocupados, Com 8 moradores no domicílio"
Dicionário não PCT,V00035,35,Domicílio,Características do Domicílio - Parte 1,"Domicílios Particulares Improvisados Ocupados, Com 9 moradores no domicílio"
Dicionário não PCT,V00036,36,Domicílio,Características do Domicílio - Parte 1,"Domicílios Particulares Improvisados Ocupados, Com 10 ou mais moradores no domicílio"
Dicionário não PCT,V00037,37,Domicílio,Características do Domicílio - Parte 1,"Domicílios Coletivos Com Morador, Com 1 morador no domicílio"
Dicionário não PCT,V00038,38,Domicílio,Características do Domicílio - Parte 1,"Domicílios Coletivos Com Morador, Com 2 moradores no domicílio"
Dicionário não PCT,V00039,39,Domicílio,Características do Domicílio - Parte 1,"Domicílios Coletivos Com Morador, Com 3 moradores no domicílio"
Dicionário não PCT,V00040,40,Domicílio,Características do Domicílio - Parte 1,"Domicílios Coletivos Com Morador, Com 4 moradores no domicílio"
Dicionário não PCT,V00041,41,Domicílio,Características do Domicílio - Parte 1,"Domicílios Coletivos Com Morador, Com 5 moradores no domicílio"
Dicionário não PCT,V00042,42,Domicílio,Características do Domicílio - Parte 1,"Domicílios Coletivos Com Morador, Com 6 moradores no domicílio"
Dicionário não PCT,V00043,43,Domicílio,Características do Domicílio - Parte 1,"Domicílios Coletivos Com Morador, Com 7 moradores no domicílio"
Dicionário não PCT,V00044,44,Domicílio,Características do Domicílio - Parte 1,"Domicílios Coletivos Com Morador, Com 8 moradores no domicílio"
Dicionário não PCT,V00045,45,Domicílio,Características do Domicílio - Parte 1,"Domicílios Coletivos Com Morador, Com 9 moradores no domicílio"
Dicionário não PCT,V00046,46,Domicílio,Características do Domicílio - Parte 1,"Domicílios Coletivos Com Morador, Com 10 ou mais moradores no domicílio"
Dicionário não PCT,V00047,47,Domicílio,Características do Domicílio - Parte 1,"Domicílios Particulares Permanentes Ocupados, Tipo de espécie é casa"
Dicionário não PCT,V00048,48,Domicílio,Características do Domicílio - Parte 1,"Domicílios Particulares Permanentes Ocupados, Tipo de espécie é casa de vila ou em condomínio"
Dicionário não PCT,V00049,49,Domicílio,Características do Domicílio - Parte 1,"Domicílios Particulares Permanentes Ocupados, Tipo de espécie é apartamento"
Dicionário não PCT,V00050,50,Domicílio,Características do Domicílio - Parte 1,"Domicílios Particulares Permanentes Ocupados, Tipo de espécie é habitação em casa de cômodos ou cortiço"
Dicionário não PCT,V00051,51,Domicílio,Características do Domicílio - Parte 1,"Domicílios Particulares Permanentes Ocupados, Tipo de espécie é habitação indígena sem paredes ou maloca"
Dicionário não PCT,V00052,52,Domicílio,Características do Domicílio - Parte 1,"Domicílios Particulares Permanentes Ocupados, Tipo de espécie é estrutura residencial permanente degradada ou inacabada"
Dicionário não PCT,V00053,53,Domicílio,Características do Domicílio - Parte 1,"Domicílios Particulares Improvisados Ocupados, Tipo de espécie é tenda ou barraca de lona, plástico ou tecido"
Dicionário não PCT,V00054,54,Domicílio,Características do Domicílio - Parte 1,"Domicílios Particulares Improvisados Ocupados, Tipo de espécie é dentro de estabelecimento em funcionamento"
Dicionário não PCT,V00055,55,Domicílio,Características do Domicílio - Parte 1,"Domicílios Particulares Improvisados Ocupados, Tipo de espécie é abrigo natural e outras estruturas improvisadas"
Dicionário não PCT,V00056,56,Domicílio,Características do Domicílio - Parte 1,"Domicílios Particulares Improvisados Ocupados, Tipo de espécie é estrutura improvisada em logradouro público, exceto tenda ou barraca"
Dicionário não PCT,V00057,57,Domicílio,Características do Domicílio - Parte 1,"Domicílios Particulares Improvisados Ocupados, Tipo de espécie é estrutura não residencial permanente degradada ou inacabada"
Dicionário não PCT,V00058,58,Domicílio,Características do Domicílio - Parte 1,"Domicílios Particulares Improvisados Ocupados, Tipo de espécie é veículo (carro, caminhão, trailer, barco etc)"
Dicionário não PCT,V00059,59,Domicílio,Características do Domicílio - Parte 1,"Domicílios Coletivos Com Morador, Tipo de espécie é asilo ou outra instituição de longa permanência para idosos"
Dicionário não PCT,V00060,60,Domicílio,Características do Domicílio - Parte 1,"Domicílios Coletivos Com Morador, Tipo de espécie é hotel ou pensão"
Dicionário não PCT,V00061,61,Domicílio,Características do Domicílio - Parte 1,"Domicílios Coletivos Com Morador, Tipo de espécie é alojamento"
Dicionário não PCT,V00062,62,Domicílio,Características do Domicílio - Parte 1,"Domicílios Coletivos Com Morador, Tipo de espécie é penitenciária, centro de detenção e similar"
Dicionário não PCT,V00063,63,Domicílio,Características do Domicílio - Parte 1,"Domicílios Coletivos Com Morador, Tipo de espécie é outros domicílios coletivos com morador"
Dicionário não PCT,V00064,64,Domicílio,Características do Domicílio - Parte 1,"Domicílios Coletivos Com Morador, Tipo de espécie é abrigo, albergue ou casa de passagem para população em situação de rua"
Dicionário não PCT,V00065,65,Domicílio,Características do Domicílio - Parte 1,"Domicílios Coletivos Com Morador, Tipo de espécie é abrigo, casas de passagem ou república assistencial para outros grupos vulneráveis"
Dicionário não PCT,V00066,66,Domicílio,Características do Domicílio - Parte 1,"Domicílios Coletivos Com Morador, Tipo de espécie é clínica psiquiátrica, comunidade terapêutica e similar"
Dicionário não PCT,V00067,67,Domicílio,Características do Domicílio - Parte 1,"Domicílios Coletivos Com Morador, Tipo de espécie é orfanato e similar"
Dicionário não PCT,V00068,68,Domicílio,Características do Domicílio - Parte 1,"Domicílios Coletivos Com Morador, Tipo de espécie é unidade de internação de menores"
Dicionário não PCT,V00069,69,Domicílio,Características do Domicílio - Parte 1,"Domicílios Coletivos Com Morador, Tipo de espécie é quartel ou outra organização militar"
Dicionário não PCT,V00070,70,Domicílio,Características do Domicílio - Parte 1,"Domicílios Particulares Permanentes Ocupados, Quantidade de moradores"
Dicionário não PCT,V00071,71,Domicílio,Características do Domicílio - Parte 1,"Domicílios Particulares Permanentes Ocupados, Quantidade de crianças de zero a nove anos de idade"
Dicionário não PCT,V00072,72,Domicílio,Características do Domicílio - Parte 1,"Domicílios Particulares Permanentes Ocupados, Pessoas de sexo masculino no domicílio"
Dicionário não PCT,V00073,73,Domicílio,Características do Domicílio - Parte 1,"Domicílios Particulares Permanentes Ocupados, Pessoas de sexo feminino no domicílio"
Dicionário não PCT,V00074,74,Domicílio,Características do Domicílio - Parte 1,"Domicílios Particulares Permanentes Ocupados, Com 1 morador no domicílio"
Dicionário não PCT,V00075,75,Domicílio,Características do Domicílio - Parte 1,"Domicílios Particulares Permanentes Ocupados, Com 2 moradores no domicílio"
Dicionário não PCT,V00076,76,Domicílio,Características do Domicílio - Parte 1,"Domicílios Particulares Permanentes Ocupados, Com 3 moradores no domicílio"
Dicionário não PCT,V00077,77,Domicílio,Características do Domicílio - Parte 1,"Domicílios Particulares Permanentes Ocupados, Com 4 moradores no domicílio"
Dicionário não PCT,V00078,78,Domicílio,Características do Domicílio - Parte 1,"Domicílios Particulares Permanentes Ocupados, Com 5 moradores no domicílio"
Dicionário não PCT,V00079,79,Domicílio,Características do Domicílio - Parte 1,"Domicílios Particulares Permanentes Ocupados, Com 6 moradores no domicílio"
Dicionário não PCT,V00080,80,Domicílio,Características do Domicílio - Parte 1,"Domicílios Particulares Permanentes Ocupados, Com 7 moradores no domicílio"
Dicionário não PCT,V00081,81,Domicílio,Características do Domicílio - Parte 1,"Domicílios Particulares Permanentes Ocupados, Com 8 moradores no domicílio"
Dicionário não PCT,V00082,82,Domicílio,Características do Domicílio - Parte 1,"Domicílios Particulares Permanentes Ocupados, Com 9 moradores no domicílio"
Dicionário não PCT,V00083,83,Domicílio,Características do Domicílio - Parte 1,"Domicílios Particulares Permanentes Ocupados, Com 10 ou mais moradores no domicílio"
Dicionário não PCT,V00084,84,Domicílio,Características do Domicílio - Parte 1,"Domicílios Particulares Permanentes Ocupados, Tipo de espécie é casa, Quantidade de moradores"
Dicionário não PCT,V00085,85,Domicílio,Características do Domicílio - Parte 1,"Domicílios Particulares Permanentes Ocupados, Tipo de espécie é casa de vila ou em condomínio, Quantidade de moradores"
Dicionário não PCT,V00086,86,Domicílio,Características do Domicílio - Parte 1,"Domicílios Particulares Permanentes Ocupados, Tipo de espécie é apartamento, Quantidade de moradores"
Dicionário não PCT,V00087,87,Domicílio,Características do Domicílio - Parte 1,"Domicílios Particulares Permanentes Ocupados, Tipo de espécie é casa, Quantidade de crianças de zero a nove anos de idade"
Dicionário não PCT,V00088,88,Domicílio,Características do Domicílio - Parte 1,"Domicílios Particulares Permanentes Ocupados, Tipo de espécie é casa de vila ou em condomínio, Quantidade de crianças de zero a nove anos de idade"
Dicionário não PCT,V00089,89,Domicílio,Características do Domicílio - Parte 1,"Domicílios Particulares Permanentes Ocupados, Tipo de espécie é apartamento, Quantidade de crianças de zero a nove anos de idade"
Dicionário não PCT,V00090,90,Domicílio,Características do Domicílio - Parte 2,"Domicílios Particulares Permanentes Ocupados, Tipo de espécie é casa, Cor ou raça da pessoa responsável pelo domicílio é branca"
Dicionário não PCT,V00091,91,Domicílio,Características do Domicílio - Parte 2,"Domicílios Particulares Permanentes Ocupados, Tipo de espécie é casa, Cor ou raça da pessoa responsável pelo domicílio é preta"
Dicionário não PCT,V00092,92,Domicílio,Características do Domicílio - Parte 2,"Domicílios Particulares Permanentes Ocupados, Tipo de espécie é casa, Cor ou raça da pessoa responsável pelo domicílio é amarela"
Dicionário não PCT,V00093,93,Domicílio,Características do Domicílio - Parte 2,"Domicílios Particulares Permanentes Ocupados, Tipo de espécie é casa, Cor ou raça da pessoa responsável pelo domicílio é parda"
Dicionário não PCT,V00094,94,Domicílio,Características do Domicílio - Parte 2,"Domicílios Particulares Permanentes Ocupados, Tipo de espécie é casa, Cor ou raça da pessoa responsável pelo domicílio é indígena"
Dicionário não PCT,V00095,95,Domicílio,Características do Domicílio - Parte 2,"Domicílios Particulares Permanentes Ocupados, Tipo de espécie é casa de vila ou em condomínio, Cor ou raça da pessoa responsável pelo domicílio é branca"
Dicionário não PCT,V00096,96,Domicílio,Características do Domicílio - Parte 2,"Domicílios Particulares Permanentes Ocupados, Tipo de espécie é casa de vila ou em condomínio, Cor ou raça da pessoa responsável pelo domicílio é preta"
Dicionário não PCT,V00097,97,Domicílio,Características do Domicílio - Parte 2,"Domicílios Particulares Permanentes Ocupados, Tipo de espécie é casa de vila ou em condomínio, Cor ou raça da pessoa responsável pelo domicílio é amarela"
Dicionário não PCT,V00098,98,Domicílio,Características do Domicílio - Parte 2,"Domicílios Particulares Permanentes Ocupados, Tipo de espécie é casa de vila ou em condomínio, Cor ou raça da pessoa responsável pelo domicílio é parda"
Dicionário não PCT,V00099,99,Domicílio,Características do Domicílio - Parte 2,"Domicílios Particulares Permanentes Ocupados, Tipo de espécie é casa de vila ou em condomínio, Cor ou raça da pessoa responsável pelo domicílio é indígena"
Dicionário não PCT,V00100,100,Domicílio,Características do Domicílio - Parte 2,"Domicílios Particulares Permanentes Ocupados, Tipo de espécie é apartamento, Cor ou raça da pessoa responsável pelo domicílio é branca"
Dicionário não PCT,V00101,101,Domicílio,Características do Domicílio - Parte 2,"Domicílios Particulares Permanentes Ocupados, Tipo de espécie é apartamento, Cor ou raça da pessoa responsável pelo domicílio é preta"
Dicionário não PCT,V00102,102,Domicílio,Características do Domicílio - Parte 2,"Domicílios Particulares Permanentes Ocupados, Tipo de espécie é apartamento, Cor ou raça da pessoa responsável pelo domicílio é amarela"
Dicionário não PCT,V00103,103,Domicílio,Características do Domicílio - Parte 2,"Domicílios Particulares Permanentes Ocupados, Tipo de espécie é apartamento, Cor ou raça da pessoa responsável pelo domicílio é parda"
Dicionário não PCT,V00104,104,Domicílio,Características do Domicílio - Parte 2,"Domicílios Particulares Permanentes Ocupados, Tipo de espécie é apartamento, Cor ou raça da pessoa responsável pelo domicílio é indígena"
Dicionário não PCT,V00105,105,Domicílio,Características do Domicílio - Parte 2,"Domicílios Particulares Permanentes Ocupados, Tipo de espécie é casa, Sexo da pessoa responsável pelo domicílio é masculino"
Dicionário não PCT,V00106,106,Domicílio,Características do Domicílio - Parte 2,"Domicílios Particulares Permanentes Ocupados, Tipo de espécie é casa, Sexo da pessoa responsável pelo domicílio é feminino"
Dicionário não PCT,V00107,107,Domicílio,Características do Domicílio - Parte 2,"Domicílios Particulares Permanentes Ocupados, Tipo de espécie é casa de vila ou em condomínio, Sexo da pessoa responsável pelo domicílio é masculino"
Dicionário não PCT,V00108,108,Domicílio,Características do Domicílio - Parte 2,"Domicílios Particulares Permanentes Ocupados, Tipo de espécie é casa de vila ou em condomínio, Sexo da pessoa responsável pelo domicílio é feminino"
Dicionário não PCT,V00109,109,Domicílio,Características do Domicílio - Parte 2,"Domicílios Particulares Permanentes Ocupados, Tipo de espécie é apartamento, Sexo da pessoa responsável pelo domicílio é masculino"
Dicionário não PCT,V00110,110,Domicílio,Características do Domicílio - Parte 2,"Domicílios Particulares Permanentes Ocupados, Tipo de espécie é apartamento, Sexo da pessoa responsável pelo domicílio é feminino"
Dicionário não PCT,V00111,111,Domicílio,Características do Domicílio - Parte 2,"Domicílios Particulares Permanentes Ocupados, Utiliza rede geral de distribuição"
Dicionário não PCT,V00112,112,Domicílio,Características do Domicílio - Parte 2,"Domicílios Particulares Permanentes Ocupados, Utiliza poço profundo ou artesiano"
Dicionário não PCT,V00113,113,Domicílio,Características do Domicílio - Parte 2,"Domicílios Particulares Permanentes Ocupados, Utiliza poço raso, freático ou cacimba"
Dicionário não PCT,V00114,114,Domicílio,Características do Domicílio - Parte 2,"Domicílios Particulares Permanentes Ocupados, Utiliza fonte, nascente ou mina"
Dicionário não PCT,V00115,115,Domicílio,Características do Domicílio - Parte 2,"Domicílios Particulares Permanentes Ocupados, Utiliza carro-pipa"
Dicionário não PCT,V00116,116,Domicílio,Características do Domicílio - Parte 2,"Domicílios Particulares Permanentes Ocupados, Utiliza água da chuva armazenada"
Dicionário não PCT,V00117,117,Domicílio,Características do Domicílio - Parte 2,"Domicílios Particulares Permanentes Ocupados, Utiliza rios, açudes, córregos, lagos e igarapés"
Dicionário não PCT,V00118,118,Domicílio,Características do Domicílio - Parte 2,"Domicílios Particulares Permanentes Ocupados, Utiliza outra forma de abastecimento de água"
Dicionário não PCT,V00119,119,Domicílio,Características do Domicílio - Parte 2,"Domicílios Particulares Permanentes Ocupados, Tipo de espécie é casa, Utiliza rede geral de distribuição"
Dicionário não PCT,V00120,120,Domicílio,Características do Domicílio - Parte 2,"Domicílios Particulares Permanentes Ocupados, Tipo de espécie é casa, Utiliza poço profundo ou artesiano"
Dicionário não PCT,V00121,121,Domicílio,Características do Domicílio - Parte 2,"Domicílios Particulares Permanentes Ocupados, Tipo de espécie é casa, Utiliza poço raso, freático ou cacimba"
Dicionário não PCT,V00122,122,Domicílio,Características do Domicílio - Parte 2,"Domicílios Particulares Permanentes Ocupados, Tipo de espécie é casa, Utiliza fonte, nascente ou mina"
Dicionário não PCT,V00123,123,Domicílio,Características do Domicílio - Parte 2,"Domicílios Particulares Permanentes Ocupados, Tipo de espécie é casa, Utiliza carro-pipa"
Dicionário não PCT,V00124,124,Domicílio,Características do Domicílio - Parte 2,"Domicílios Particulares Permanentes Ocupados, Tipo de espécie é casa, Utiliza água da chuva armazenada"
Dicionário não PCT,V00125,125,Domicílio,Características do Domicílio - Parte 2,"Domicílios Particulares Permanentes Ocupados, Tipo de espécie é casa, Utiliza rios, açudes, córregos, lagos e igarapés"
Dicionário não PCT,V00126,126,Domicílio,Características do Domicílio - Parte 2,"Domicílios Particulares Permanentes Ocupados, Tipo de espécie é casa, Utiliza outra forma de abastecimento de água"
Dicionário não PCT,V00127,127,Domicílio,Características do Domicílio - Parte 2,"Domicílios Particulares Permanentes Ocupados, Tipo de espécie é casa de vila ou em condomínio, Utiliza rede geral de distribuição"
Dicionário não PCT,V00128,128,Domicílio,Características do Domicílio - Parte 2,"Domicílios Particulares Permanentes Ocupados, Tipo de espécie é casa de vila ou em condomínio, Utiliza poço profundo ou artesiano"
Dicionário não PCT,V00129,129,Domicílio,Características do Domicílio - Parte 2,"Domicílios Particulares Permanentes Ocupados, Tipo de espécie é casa de vila ou em condomínio, Utiliza poço raso, freático ou cacimba"
Dicionário não PCT,V00130,130,Domicílio,Características do Domicílio - Parte 2,"Domicílios Particulares Permanentes Ocupados, Tipo de espécie é casa de vila ou em condomínio, Utiliza fonte, nascente ou mina"
Dicionário não PCT,V00131,131,Domicílio,Características do Domicílio - Parte 2,"Domicílios Particulares Permanentes Ocupados, Tipo de espécie é casa de vila ou em condomínio, Utiliza carro-pipa"
Dicionário não PCT,V00132,132,Domicílio,Características do Domicílio - Parte 2,"Domicílios Particulares Permanentes Ocupados, Tipo de espécie é casa de vila ou em condomínio, Utiliza água da chuva armazenada"
Dicionário não PCT,V00133,133,Domicílio,Características do Domicílio - Parte 2,"Domicílios Particulares Permanentes Ocupados, Tipo de espécie é casa de vila ou em condomínio, Utiliza rios, açudes, córregos, lagos e igarapés"
Dicionário não PCT,V00134,134,Domicílio,Características do Domicílio - Parte 2,"Domicílios Particulares Permanentes Ocupados, Tipo de espécie é casa de vila ou em condomínio, Utiliza outra forma de abastecimento de água"
Dicionário não PCT,V00135,135,Domicílio,Características do Domicílio - Parte 2,"Domicílios Particulares Permanentes Ocupados, Tipo de espécie é apartamento, Utiliza rede geral de distribuição"
Dicionário não PCT,V00136,136,Domicílio,Características do Domicílio - Parte 2,"Domicílios Particulares Permanentes Ocupados, Tipo de espécie é apartamento, Utiliza poço profundo ou artesiano"
Dicionário não PCT,V00137,137,Domicílio,Características do Domicílio - Parte 2,"Domicílios Particulares Permanentes Ocupados, Tipo de espécie é apartamento, Utiliza poço raso, freático ou cacimba"
Dicionário não PCT,V00138,138,Domicílio,Características do Domicílio - Parte 2,"Domicílios Particulares Permanentes Ocupados, Tipo de espécie é apartamento, Utiliza fonte, nascente ou mina"
Dicionário não PCT,V00139,139,Domicílio,Características do Domicílio - Parte 2,"Domicílios Particulares Permanentes Ocupados, Tipo de espécie é apartamento, Utiliza carro-pipa"
Dicionário não PCT,V00140,140,Domicílio,Características do Domicílio - Parte 2,"Domicílios Particulares Permanentes Ocupados, Tipo de espécie é apartamento, Utiliza água da chuva armazenada"
Dicionário não PCT,V00141,141,Domicílio,Características do Domicílio - Parte 2,"Domicílios Particulares Permanentes Ocupados, Tipo de espécie é apartamento, Utiliza rios, açudes, córregos, lagos e igarapés"
Dicionário não PCT,V00142,142,Domicílio,Características do Domicílio - Parte 2,"Domicílios Particulares Permanentes Ocupados, Tipo de espécie é apartamento, Utiliza outra forma de abastecimento de água"
Dicionário não PCT,V00143,143,Domicílio,Características do Domicílio - Parte 2,"Domicílios Particulares Permanentes Ocupados, Utiliza rede geral de distribuição, Cor ou raça da pessoa responsável pelo domicílio é branca"
Dicionário não PCT,V00144,144,Domicílio,Características do Domicílio - Parte 2,"Domicílios Particulares Permanentes Ocupados, Utiliza rede geral de distribuição, Cor ou raça da pessoa responsável pelo domicílio é preta"
Dicionário não PCT,V00145,145,Domicílio,Características do Domicílio - Parte 2,"Domicílios Particulares Permanentes Ocupados, Utiliza rede geral de distribuição, Cor ou raça da pessoa responsável pelo domicílio é amarela"
Dicionário não PCT,V00146,146,Domicílio,Características do Domicílio - Parte 2,"Domicílios Particulares Permanentes Ocupados, Utiliza rede geral de distribuição, Cor ou raça da pessoa responsável pelo domicílio é parda"
Dicionário não PCT,V00147,147,Domicílio,Características do Domicílio - Parte 2,"Domicílios Particulares Permanentes Ocupados, Utiliza rede geral de distribuição, Cor ou raça da pessoa responsável pelo domicílio é indígena"
Dicionário não PCT,V00148,148,Domicílio,Características do Domicílio - Parte 2,"Domicílios Particulares Permanentes Ocupados, Utiliza poço profundo ou artesiano, Cor ou raça da pessoa responsável pelo domicílio é branca"
Dicionário não PCT,V00149,149,Domicílio,Características do Domicílio - Parte 2,"Domicílios Particulares Permanentes Ocupados, Utiliza poço profundo ou artesiano, Cor ou raça da pessoa responsável pelo domicílio é preta"
Dicionário não PCT,V00150,150,Domicílio,Características do Domicílio - Parte 2,"Domicílios Particulares Permanentes Ocupados, Utiliza poço profundo ou artesiano, Cor ou raça da pessoa responsável pelo domicílio é amarela"
Dicionário não PCT,V00151,151,Domicílio,Características do Domicílio - Parte 2,"Domicílios Particulares Permanentes Ocupados, Utiliza poço profundo ou artesiano, Cor ou raça da pessoa responsável pelo domicílio é parda"
Dicionário não PCT,V00152,152,Domicílio,Características do Domicílio - Parte 2,"Domicílios Particulares Permanentes Ocupados, Utiliza poço profundo ou artesiano, Cor ou raça da pessoa responsável pelo domicílio é indígena"
Dicionário não PCT,V00153,153,Domicílio,Características do Domicílio - Parte 2,"Domicílios Particulares Permanentes Ocupados, Utiliza poço raso, freático ou cacimba, Cor ou raça da pessoa responsável pelo domicílio é branca"
Dicionário não PCT,V00154,154,Domicílio,Características do Domicílio - Parte 2,"Domicílios Particulares Permanentes Ocupados, Utiliza poço raso, freático ou cacimba, Cor ou raça da pessoa responsável pelo domicílio é preta"
Dicionário não PCT,V00155,155,Domicílio,Características do Domicílio - Parte 2,"Domicílios Particulares Permanentes Ocupados, Utiliza poço raso, freático ou cacimba, Cor ou raça da pessoa responsável pelo domicílio é amarela"
Dicionário não PCT,V00156,156,Domicílio,Características do Domicílio - Parte 2,"Domicílios Particulares Permanentes Ocupados, Utiliza poço raso, freático ou cacimba, Cor ou raça da pessoa responsável pelo domicílio é parda"
Dicionário não PCT,V00157,157,Domicílio,Características do Domicílio - Parte 2,"Domicílios Particulares Permanentes Ocupados, Utiliza poço raso, freático ou cacimba, Cor ou raça da pessoa responsável pelo domicílio é indígena"
Dicionário não PCT,V00158,158,Domicílio,Características do Domicílio - Parte 2,"Domicílios Particulares Permanentes Ocupados, Utiliza fonte, nascente ou mina, Cor ou raça da pessoa responsável pelo domicílio é branca"
Dicionário não PCT,V00159,159,Domicílio,Características do Domicílio - Parte 2,"Domicílios Particulares Permanentes Ocupados, Utiliza fonte, nascente ou mina, Cor ou raça da pessoa responsável pelo domicílio é preta"
Dicionário não PCT,V00160,160,Domicílio,Características do Domicílio - Parte 2,"Domicílios Particulares Permanentes Ocupados, Utiliza fonte, nascente ou mina, Cor ou raça da pessoa responsável pelo domicílio é amarela"
Dicionário não PCT,V00161,161,Domicílio,Características do Domicílio - Parte 2,"Domicílios Particulares Permanentes Ocupados, Utiliza fonte, nascente ou mina, Cor ou raça da pessoa responsável pelo domicílio é parda"
Dicionário não PCT,V00162,162,Domicílio,Características do Domicílio - Parte 2,"Domicílios Particulares Permanentes Ocupados, Utiliza fonte, nascente ou mina, Cor ou raça da pessoa responsável pelo domicílio é indígena"
Dicionário não PCT,V00163,163,Domicílio,Características do Domicílio - Parte 2,"Domicílios Particulares Permanentes Ocupados, Utiliza carro-pipa, Cor ou raça da pessoa responsável pelo domicílio é branca"
Dicionário não PCT,V00164,164,Domicílio,Características do Domicílio - Parte 2,"Domicílios Particulares Permanentes Ocupados, Utiliza carro-pipa, Cor ou raça da pessoa responsável pelo domicílio é preta"
Dicionário não PCT,V00165,165,Domicílio,Características do Domicílio - Parte 2,"Domicílios Particulares Permanentes Ocupados, Utiliza carro-pipa, Cor ou raça da pessoa responsável pelo domicílio é amarela"
Dicionário não PCT,V00166,166,Domicílio,Características do Domicílio - Parte 2,"Domicílios Particulares Permanentes Ocupados, Utiliza carro-pipa, Cor ou raça da pessoa responsável pelo domicílio é parda"
Dicionário não PCT,V00167,167,Domicílio,Características do Domicílio - Parte 2,"Domicílios Particulares Permanentes Ocupados, Utiliza carro-pipa, Cor ou raça da pessoa responsável pelo domicílio é indígena"
Dicionário não PCT,V00168,168,Domicílio,Características do Domicílio - Parte 2,"Domicílios Particulares Permanentes Ocupados, Utiliza água da chuva armazenada, Cor ou raça da pessoa responsável pelo domicílio é branca"
Dicionário não PCT,V00169,169,Domicílio,Características do Domicílio - Parte 2,"Domicílios Particulares Permanentes Ocupados, Utiliza água da chuva armazenada, Cor ou raça da pessoa responsável pelo domicílio é preta"
Dicionário não PCT,V00170,170,Domicílio,Características do Domicílio - Parte 2,"Domicílios Particulares Permanentes Ocupados, Utiliza água da chuva armazenada, Cor ou raça da pessoa responsável pelo domicílio é amarela"
Dicionário não PCT,V00171,171,Domicílio,Características do Domicílio - Parte 2,"Domicílios Particulares Permanentes Ocupados, Utiliza água da chuva armazenada, Cor ou raça da pessoa responsável pelo domicílio é parda"
Dicionário não PCT,V00172,172,Domicílio,Características do Domicílio - Parte 2,"Domicílios Particulares Permanentes Ocupados, Utiliza água da chuva armazenada, Cor ou raça da pessoa responsável pelo domicílio é indígena"
Dicionário não PCT,V00173,173,Domicílio,Características do Domicílio - Parte 2,"Domicílios Particulares Permanentes Ocupados, Utiliza rios, açudes, córregos, lagos e igarapés, Cor ou raça da pessoa responsável pelo domicílio é branca"
Dicionário não PCT,V00174,174,Domicílio,Características do Domicílio - Parte 2,"Domicílios Particulares Permanentes Ocupados, Utiliza rios, açudes, córregos, lagos e igarapés, Cor ou raça da pessoa responsável pelo domicílio é preta"
Dicionário não PCT,V00175,175,Domicílio,Características do Domicílio - Parte 2,"Domicílios Particulares Permanentes Ocupados, Utiliza rios, açudes, córregos, lagos e igarapés, Cor ou raça da pessoa responsável pelo domicílio é amarela"
Dicionário não PCT,V00176,176,Domicílio,Características do Domicílio - Parte 2,"Domicílios Particulares Permanentes Ocupados, Utiliza rios, açudes, córregos, lagos e igarapés, Cor ou raça da pessoa responsável pelo domicílio é parda"
Dicionário não PCT,V00177,177,Domicílio,Características do Domicílio - Parte 2,"Domicílios Particulares Permanentes Ocupados, Utiliza rios, açudes, córregos, lagos e igarapés, Cor ou raça da pessoa responsável pelo domicílio é indígena"
Dicionário não PCT,V00178,178,Domicílio,Características do Domicílio - Parte 2,"Domicílios Particulares Permanentes Ocupados, Utiliza outra forma de abastecimento de água, Cor ou raça da pessoa responsável pelo domicílio é branca"
Dicionário não PCT,V00179,179,Domicílio,Características do Domicílio - Parte 2,"Domicílios Particulares Permanentes Ocupados, Utiliza outra forma de abastecimento de água, Cor ou raça da pessoa responsável pelo domicílio é preta"
Dicionário não PCT,V00180,180,Domicílio,Características do Domicílio - Parte 2,"Domicílios Particulares Permanentes Ocupados, Utiliza outra forma de abastecimento de água, Cor ou raça da pessoa responsável pelo domicílio é amarela"
Dicionário não PCT,V00181,181,Domicílio,Características do Domicílio - Parte 2,"Domicílios Particulares Permanentes Ocupados, Utiliza outra forma de abastecimento de água, Cor ou raça da pessoa responsável pelo domicílio é parda"
Dicionário não PCT,V00182,182,Domicílio,Características do Domicílio - Parte 2,"Domicílios Particulares Permanentes Ocupados, Utiliza outra forma de abastecimento de água, Cor ou raça da pessoa responsável pelo domicílio é indígena"
Dicionário não PCT,V00183,183,Domicílio,Características do Domicílio - Parte 2,"Domicílios Particulares Permanentes Ocupados, Utiliza rede geral de distribuição, Sexo da pessoa responsável pelo domicílio é masculino"
Dicionário não PCT,V00184,184,Domicílio,Características do Domicílio - Parte 2,"Domicílios Particulares Permanentes Ocupados, Utiliza rede geral de distribuição, Sexo da pessoa responsável pelo domicílio é feminino"
Dicionário não PCT,V00185,185,Domicílio,Características do Domicílio - Parte 2,"Domicílios Particulares Permanentes Ocupados, Utiliza poço profundo ou artesiano, Sexo da pessoa responsável pelo domicílio é masculino"
Dicionário não PCT,V00186,186,Domicílio,Características do Domicílio - Parte 2,"Domicílios Particulares Permanentes Ocupados, Utiliza poço profundo ou artesiano, Sexo da pessoa responsável pelo domicílio é feminino"
Dicionário não PCT,V00187,187,Domicílio,Características do Domicílio - Parte 2,"Domicílios Particulares Permanentes Ocupados, Utiliza poço raso, freático ou cacimba, Sexo da pessoa responsável pelo domicílio é masculino"
Dicionário não PCT,V00188,188,Domicílio,Características do Domicílio - Parte 2,"Domicílios Particulares Permanentes Ocupados, Utiliza poço raso, freático ou cacimba, Sexo da pessoa responsável pelo domicílio é feminino"
Dicionário não PCT,V00189,189,Domicílio,Características do Domicílio - Parte 2,"Domicílios Particulares Permanentes Ocupados, Utiliza fonte, nascente ou mina, Sexo da pessoa responsável pelo domicílio é masculino"
Dicionário não PCT,V00190,190,Domicílio,Características do Domicílio - Parte 2,"Domicílios Particulares Permanentes Ocupados, Utiliza fonte, nascente ou mina, Sexo da pessoa responsável pelo domicílio é feminino"
Dicionário não PCT,V00191,191,Domicílio,Características do Domicílio - Parte 2,"Domicílios Particulares Permanentes Ocupados, Utiliza carro-pipa, Sexo da pessoa responsável pelo domicílio é masculino"
Dicionário não PCT,V00192,192,Domicílio,Características do Domicílio - Parte 2,"Domicílios Particulares Permanentes Ocupados, Utiliza carro-pipa, Sexo da pessoa responsável pelo domicílio é feminino"
Dicionário não PCT,V00193,193,Domicílio,Características do Domicílio - Parte 2,"Domicílios Particulares Permanentes Ocupados, Utiliza água da chuva armazenada, Sexo da pessoa responsável pelo domicílio é masculino"
Dicionário não PCT,V00194,194,Domicílio,Características do Domicílio - Parte 2,"Domicílios Particulares Permanentes Ocupados, Utiliza água da chuva armazenada, Sexo da pessoa responsável pelo domicílio é feminino"
Dicionário não PCT,V00195,195,Domicílio,Características do Domicílio - Parte 2,"Domicílios Particulares Permanentes Ocupados, Utiliza rios, açudes, córregos, lagos e igarapés, Sexo da pessoa responsável pelo domicílio é masculino"
Dicionário não PCT,V00196,196,Domicílio,Características do Domicílio - Parte 2,"Domicílios Particulares Permanentes Ocupados, Utiliza rios, açudes, córregos, lagos e igarapés, Sexo da pessoa responsável pelo domicílio é feminino"
Dicionário não PCT,V00197,197,Domicílio,Características do Domicílio - Parte 2,"Domicílios Particulares Permanentes Ocupados, Utiliza outra forma de abastecimento de água, Sexo da pessoa responsável pelo domicílio é masculino"
Dicionário não PCT,V00198,198,Domicílio,Características do Domicílio - Parte 2,"Domicílios Particulares Permanentes Ocupados, Utiliza outra forma de abastecimento de água, Sexo da pessoa responsável pelo domicílio é feminino"
Dicionário não PCT,V00199,199,Domicílio,Características do Domicílio - Parte 2,"Domicílios Particulares Permanentes Ocupados, Água chega encanada até dentro da casa, apartamento ou habitação"
Dicionário não PCT,V00200,200,Domicílio,Características do Domicílio - Parte 2,"Domicílios Particulares Permanentes Ocupados, Água chega encanada, mas apenas ao terreno"
Dicionário não PCT,V00201,201,Domicílio,Características do Domicílio - Parte 2,"Domicílios Particulares Permanentes Ocupados, Água não chega encanada ao domicílio"
Dicionário não PCT,V00202,202,Domicílio,Características do Domicílio - Parte 2,"Domicílios Particulares Permanentes Ocupados, Tipo de espécie é casa, Água chega encanada até dentro da casa, apartamento ou habitação"
Dicionário não PCT,V00203,203,Domicílio,Características do Domicílio - Parte 2,"Domicílios Particulares Permanentes Ocupados, Tipo de espécie é casa, Água chega encanada, mas apenas ao terreno"
Dicionário não PCT,V00204,204,Domicílio,Características do Domicílio - Parte 2,"Domicílios Particulares Permanentes Ocupados, Tipo de espécie é casa, Água não chega encanada ao domicílio"
Dicionário não PCT,V00205,205,Domicílio,Características do Domicílio - Parte 2,"Domicílios Particulares Permanentes Ocupados, Tipo de espécie é casa de vila ou em condomínio, Água chega encanada até dentro da casa, apartamento ou habitação"
Dicionário não PCT,V00206,206,Domicílio,Características do Domicílio - Parte 2,"Domicílios Particulares Permanentes Ocupados, Tipo de espécie é casa de vila ou em condomínio, Água chega encanada, mas apenas ao terreno"
Dicionário não PCT,V00207,207,Domicílio,Características do Domicílio - Parte 2,"Domicílios Particulares Permanentes Ocupados, Tipo de espécie é casa de vila ou em condomínio, Água não chega encanada ao domicílio"
Dicionário não PCT,V00208,208,Domicílio,Características do Domicílio - Parte 2,"Domicílios Particulares Permanentes Ocupados, Tipo de espécie é apartamento, Água chega encanada até dentro da casa, apartamento ou habitação"
Dicionário não PCT,V00209,209,Domicílio,Características do Domicílio - Parte 2,"Domicílios Particulares Permanentes Ocupados, Tipo de espécie é apartamento, Água chega encanada, mas apenas ao terreno"
Dicionário não PCT,V00210,210,Domicílio,Características do Domicílio - Parte 2,"Domicílios Particulares Permanentes Ocupados, Tipo de espécie é apartamento, Água não chega encanada ao domicílio"
Dicionário não PCT,V00211,211,Domicílio,Características do Domicílio - Parte 2,"Domicílios Particulares Permanentes Ocupados, Água chega encanada até dentro da casa, apartamento ou habitação, Cor ou raça da pessoa responsável pelo domicílio é branca"
Dicionário não PCT,V00212,212,Domicílio,Características do Domicílio - Parte 2,"Domicílios Particulares Permanentes Ocupados, Água chega encanada até dentro da casa, apartamento ou habitação, Cor ou raça da pessoa responsável pelo domicílio é preta"
Dicionário não PCT,V00213,213,Domicílio,Características do Domicílio - Parte 2,"Domicílios Particulares Permanentes Ocupados, Água chega encanada até dentro da casa, apartamento ou habitação, Cor ou raça da pessoa responsável pelo domicílio é amarela"
Dicionário não PCT,V00214,214,Domicílio,Características do Domicílio - Parte 2,"Domicílios Particulares Permanentes Ocupados, Água chega encanada até dentro da casa, apartamento ou habitação, Cor ou raça da pessoa responsável pelo domicílio é parda"
Dicionário não PCT,V00215,215,Domicílio,Características do Domicílio - Parte 2,"Domicílios Particulares Permanentes Ocupados, Água chega encanada até dentro da casa, apartamento ou habitação, Cor ou raça da pessoa responsável pelo domicílio é indígena"
Dicionário não PCT,V00216,216,Domicílio,Características do Domicílio - Parte 2,"Domicílios Particulares Permanentes Ocupados, Água chega encanada, mas apenas ao terreno, Cor ou raça da pessoa responsável pelo domicílio é branca"
Dicionário não PCT,V00217,217,Domicílio,Características do Domicílio - Parte 2,"Domicílios Particulares Permanentes Ocupados, Água chega encanada, mas apenas ao terreno, Cor ou raça da pessoa responsável pelo domicílio é preta"
Dicionário não PCT,V00218,218,Domicílio,Características do Domicílio - Parte 2,"Domicílios Particulares Permanentes Ocupados, Água chega encanada, mas apenas ao terreno, Cor ou raça da pessoa responsável pelo domicílio é amarela"
Dicionário não PCT,V00219,219,Domicílio,Características do Domicílio - Parte 2,"Domicílios Particulares Permanentes Ocupados, Água chega encanada, mas apenas ao terreno, Cor ou raça da pessoa responsável pelo domicílio é parda"
Dicionário não PCT,V00220,220,Domicílio,Características do Domicílio - Parte 2,"Domicílios Particulares Permanentes Ocupados, Água chega encanada, mas apenas ao terreno, Cor ou raça da pessoa responsável pelo domicílio é indígena"
Dicionário não PCT,V00221,221,Domicílio,Características do Domicílio - Parte 2,"Domicílios Particulares Permanentes Ocupados, Água não chega encanada ao domicílio, Cor ou raça da pessoa responsável pelo domicílio é branca"
Dicionário não PCT,V00222,222,Domicílio,Características do Domicílio - Parte 2,"Domicílios Particulares Permanentes Ocupados, Água não chega encanada ao domicílio, Cor ou raça da pessoa responsável pelo domicílio é preta"
Dicionário não PCT,V00223,223,Domicílio,Características do Domicílio - Parte 2,"Domicílios Particulares Permanentes Ocupados, Água não chega encanada ao domicílio, Cor ou raça da pessoa responsável pelo domicílio é amarela"
Dicionário não PCT,V00224,224,Domicílio,Características do Domicílio - Parte 2,"Domicílios Particulares Permanentes Ocupados, Água não chega encanada ao domicílio, Cor ou raça da pessoa responsável pelo domicílio é parda"
Dicionário não PCT,V00225,225,Domicílio,Características do Domicílio - Parte 2,"Domicílios Particulares Permanentes Ocupados, Água não chega encanada ao domicílio, Cor ou raça da pessoa responsável pelo domicílio é indígena"
Dicionário não PCT,V00226,226,Domicílio,Características do Domicílio - Parte 2,"Domicílios Particulares Permanentes Ocupados, Água chega encanada até dentro da casa, apartamento ou habitação, Sexo da pessoa responsável pelo domicílio é masculino"
Dicionário não PCT,V00227,227,Domicílio,Características do Domicílio - Parte 2,"Domicílios Particulares Permanentes Ocupados, Água chega encanada até dentro da casa, apartamento ou habitação, Sexo da pessoa responsável pelo domicílio é feminino"
Dicionário não PCT,V00228,228,Domicílio,Características do Domicílio - Parte 2,"Domicílios Particulares Permanentes Ocupados, Água chega encanada, mas apenas ao terreno, Sexo da pessoa responsável pelo domicílio é masculino"
Dicionário não PCT,V00229,229,Domicílio,Características do Domicílio - Parte 2,"Domicílios Particulares Permanentes Ocupados, Água chega encanada, mas apenas ao terreno, Sexo da pessoa responsável pelo domicílio é feminino"
Dicionário não PCT,V00230,230,Domicílio,Características do Domicílio - Parte 2,"Domicílios Particulares Permanentes Ocupados, Água não chega encanada ao domicílio, Sexo da pessoa responsável pelo domicílio é masculino"
Dicionário não PCT,V00231,231,Domicílio,Características do Domicílio - Parte 2,"Domicílios Particulares Permanentes Ocupados, Água não chega encanada ao domicílio, Sexo da pessoa responsável pelo domicílio é feminino"
Dicionário não PCT,V00232,232,Domicílio,Características do Domicílio - Parte 2,"Domicílios Particulares Permanentes Ocupados, 1 banheiro de uso exclusivo com chuveiro e vaso sanitário existentes no domicílio"
Dicionário não PCT,V00233,233,Domicílio,Características do Domicílio - Parte 2,"Domicílios Particulares Permanentes Ocupados, 2 banheiros de uso exclusivo com chuveiro e vaso sanitário existentes no domicílio"
Dicionário não PCT,V00234,234,Domicílio,Características do Domicílio - Parte 2,"Domicílios Particulares Permanentes Ocupados, 3 banheiros de uso exclusivo com chuveiro e vaso sanitário existentes no domicílio"
Dicionário não PCT,V00235,235,Domicílio,Características do Domicílio - Parte 2,"Domicílios Particulares Permanentes Ocupados, 4 ou mais banheiros de uso exclusivo com chuveiro e vaso sanitário existentes no domicílio"
Dicionário não PCT,V00236,236,Domicílio,Características do Domicílio - Parte 2,"Domicílios Particulares Permanentes Ocupados, Apenas banheiro de uso comum a mais de um domicílio"
Dicionário não PCT,V00237,237,Domicílio,Características do Domicílio - Parte 2,"Domicílios Particulares Permanentes Ocupados, Apenas sanitário ou buraco para dejeções, inclusive os localizados no terreno"
Dicionário não PCT,V00238,238,Domicílio,Características do Domicílio - Parte 2,"Domicílios Particulares Permanentes Ocupados, Não tinham banheiro nem sanitário"
Dicionário não PCT,V00239,239,Domicílio,Características do Domicílio - Parte 2,"Domicílios Particulares Permanentes Ocupados, Tipo de espécie é casa, 1 banheiro de uso exclusivo com chuveiro e vaso sanitário existentes no domicílio"
Dicionário não PCT,V00240,240,Domicílio,Características do Domicílio - Parte 2,"Domicílios Particulares Permanentes Ocupados, Tipo de espécie é casa, 2 banheiros de uso exclusivo com chuveiro e vaso sanitário existentes no domicílio"
Dicionário não PCT,V00241,241,Domicílio,Características do Domicílio - Parte 2,"Domicílios Particulares Permanentes Ocupados, Tipo de espécie é casa, 3 banheiros de uso exclusivo com chuveiro e vaso sanitário existentes no domicílio"
Dicionário não PCT,V00242,242,Domicílio,Características do Domicílio - Parte 2,"Domicílios Particulares Permanentes Ocupados, Tipo de espécie é casa, 4 ou mais banheiros de uso exclusivo com chuveiro e vaso sanitário existentes no domicílio"
Dicionário não PCT,V00243,243,Domicílio,Características do Domicílio - Parte 2,"Domicílios Particulares Permanentes Ocupados, Tipo de espécie é casa, Apenas banheiro de uso comum a mais de um domicílio"
Dicionário não PCT,V00244,244,Domicílio,Características do Domicílio - Parte 2,"Domicílios Particulares Permanentes Ocupados, Tipo de espécie é casa, Apenas sanitário ou buraco para dejeções, inclusive os localizados no terreno"
Dicionário não PCT,V00245,245,Domicílio,Características do Domicílio - Parte 2,"Domicílios Particulares Permanentes Ocupados, Tipo de espécie é casa, Não tinham banheiro nem sanitário"
Dicionário não PCT,V00246,246,Domicílio,Características do Domicílio - Parte 2,"Domicílios Particulares Permanentes Ocupados, Tipo de espécie é casa de vila ou em condomínio, 1 banheiro de uso exclusivo com chuveiro e vaso sanitário existentes no domicílio"
Dicionário não PCT,V00247,247,Domicílio,Características do Domicílio - Parte 2,"Domicílios Particulares Permanentes Ocupados, Tipo de espécie é casa de vila ou em condomínio, 2 banheiros de uso exclusivo com chuveiro e vaso sanitário existentes no domicílio"
Dicionário não PCT,V00248,248,Domicílio,Características do Domicílio - Parte 2,"Domicílios Particulares Permanentes Ocupados, Tipo de espécie é casa de vila ou em condomínio, 3 banheiros de uso exclusivo com chuveiro e vaso sanitário existentes no domicílio"
Dicionário não PCT,V00249,249,Domicílio,Características do Domicílio - Parte 2,"Domicílios Particulares Permanentes Ocupados, Tipo de espécie é casa de vila ou em condomínio, 4 ou mais banheiros de uso exclusivo com chuveiro e vaso sanitário existentes no domicílio"
Dicionário não PCT,V00250,250,Domicílio,Características do Domicílio - Parte 2,"Domicílios Particulares Permanentes Ocupados, Tipo de espécie é casa de vila ou em condomínio, Apenas banheiro de uso comum a mais de um domicílio"
Dicionário não PCT,V00251,251,Domicílio,Características do Domicílio - Parte 2,"Domicílios Particulares Permanentes Ocupados, Tipo de espécie é casa de vila ou em condomínio, Apenas sanitário ou buraco para dejeções, inclusive os localizados no terreno"
Dicionário não PCT,V00252,252,Domicílio,Características do Domicílio - Parte 2,"Domicílios Particulares Permanentes Ocupados, Tipo de espécie é casa de vila ou em condomínio, Não tinham banheiro nem sanitário"
Dicionário não PCT,V00253,253,Domicílio,Características do Domicílio - Parte 2,"Domicílios Particulares Permanentes Ocupados, Tipo de espécie é apartamento, 1 banheiro de uso exclusivo com chuveiro e vaso sanitário existentes no domicílio"
Dicionário não PCT,V00254,254,Domicílio,Características do Domicílio - Parte 2,"Domicílios Particulares Permanentes Ocupados, Tipo de espécie é apartamento, 2 banheiros de uso exclusivo com chuveiro e vaso sanitário existentes no domicílio"
Dicionário não PCT,V00255,255,Domicílio,Características do Domicílio - Parte 2,"Domicílios Particulares Permanentes Ocupados, Tipo de espécie é apartamento, 3 banheiros de uso exclusivo com chuveiro e vaso sanitário existentes no domicílio"
Dicionário não PCT,V00256,256,Domicílio,Características do Domicílio - Parte 2,"Domicílios Particulares Permanentes Ocupados, Tipo de espécie é apartamento, 4 ou mais banheiros de uso exclusivo com chuveiro e vaso sanitário existentes no domicílio"
Dicionário não PCT,V00257,257,Domicílio,Características do Domicílio - Parte 2,"Domicílios Particulares Permanentes Ocupados, Tipo de espécie é apartamento, Apenas banheiro de uso comum a mais de um domicílio"
Dicionário não PCT,V00258,258,Domicílio,Características do Domicílio - Parte 2,"Domicílios Particulares Permanentes Ocupados, Tipo de espécie é apartamento, Apenas sanitário ou buraco para dejeções, inclusive os localizados no terreno"
Dicionário não PCT,V00259,259,Domicílio,Características do Domicílio - Parte 2,"Domicílios Particulares Permanentes Ocupados, Tipo de espécie é apartamento, Não tinham banheiro nem sanitário"
Dicionário não PCT,V00260,260,Domicílio,Características do Domicílio - Parte 2,"Domicílios Particulares Permanentes Ocupados, 1 banheiro de uso exclusivo com chuveiro e vaso sanitário existentes no domicílio, Cor ou raça da pessoa responsável pelo domicílio é branca"
Dicionário não PCT,V00261,261,Domicílio,Características do Domicílio - Parte 2,"Domicílios Particulares Permanentes Ocupados, 1 banheiro de uso exclusivo com chuveiro e vaso sanitário existentes no domicílio, Cor ou raça da pessoa responsável pelo domicílio é preta"
Dicionário não PCT,V00262,262,Domicílio,Características do Domicílio - Parte 2,"Domicílios Particulares Permanentes Ocupados, 1 banheiro de uso exclusivo com chuveiro e vaso sanitário existentes no domicílio, Cor ou raça da pessoa responsável pelo domicílio é amarela"
Dicionário não PCT,V00263,263,Domicílio,Características do Domicílio - Parte 2,"Domicílios Particulares Permanentes Ocupados, 1 banheiro de uso exclusivo com chuveiro e vaso sanitário existentes no domicílio, Cor ou raça da pessoa responsável pelo domicílio é parda"
Dicionário não PCT,V00264,264,Domicílio,Características do Domicílio - Parte 2,"Domicílios Particulares Permanentes Ocupados, 1 banheiro de uso exclusivo com chuveiro e vaso sanitário existentes no domicílio, Cor ou raça da pessoa responsável pelo domicílio é indígena"
Dicionário não PCT,V00265,265,Domicílio,Características do Domicílio - Parte 2,"Domicílios Particulares Permanentes Ocupados, 2 banheiros de uso exclusivo com chuveiro e vaso sanitário existentes no domicílio, Cor ou raça da pessoa responsável pelo domicílio é branca"
Dicionário não PCT,V00266,266,Domicílio,Características do Domicílio - Parte 2,"Domicílios Particulares Permanentes Ocupados, 2 banheiros de uso exclusivo com chuveiro e vaso sanitário existentes no domicílio, Cor ou raça da pessoa responsável pelo domicílio é preta"
Dicionário não PCT,V00267,267,Domicílio,Características do Domicílio - Parte 2,"Domicílios Particulares Permanentes Ocupados, 2 banheiros de uso exclusivo com chuveiro e vaso sanitário existentes no domicílio, Cor ou raça da pessoa responsável pelo domicílio é amarela"
Dicionário não PCT,V00268,268,Domicílio,Características do Domicílio - Parte 2,"Domicílios Particulares Permanentes Ocupados, 2 banheiros de uso exclusivo com chuveiro e vaso sanitário existentes no domicílio, Cor ou raça da pessoa responsável pelo domicílio é parda"
Dicionário não PCT,V00269,269,Domicílio,Características do Domicílio - Parte 2,"Domicílios Particulares Permanentes Ocupados, 2 banheiros de uso exclusivo com chuveiro e vaso sanitário existentes no domicílio, Cor ou raça da pessoa responsável pelo domicílio é indígena"
Dicionário não PCT,V00270,270,Domicílio,Características do Domicílio - Parte 2,"Domicílios Particulares Permanentes Ocupados, 3 banheiros de uso exclusivo com chuveiro e vaso sanitário existentes no domicílio, Cor ou raça da pessoa responsável pelo domicílio é branca"
Dicionário não PCT,V00271,271,Domicílio,Características do Domicílio - Parte 2,"Domicílios Particulares Permanentes Ocupados, 3 banheiros de uso exclusivo com chuveiro e vaso sanitário existentes no domicílio, Cor ou raça da pessoa responsável pelo domicílio é preta"
Dicionário não PCT,V00272,272,Domicílio,Características do Domicílio - Parte 2,"Domicílios Particulares Permanentes Ocupados, 3 banheiros de uso exclusivo com chuveiro e vaso sanitário existentes no domicílio, Cor ou raça da pessoa responsável pelo domicílio é amarela"
Dicionário não PCT,V00273,273,Domicílio,Características do Domicílio - Parte 2,"Domicílios Particulares Permanentes Ocupados, 3 banheiros de uso exclusivo com chuveiro e vaso sanitário existentes no domicílio, Cor ou raça da pessoa responsável pelo domicílio é parda"
Dicionário não PCT,V00274,274,Domicílio,Características do Domicílio - Parte 2,"Domicílios Particulares Permanentes Ocupados, 3 banheiros de uso exclusivo com chuveiro e vaso sanitário existentes no domicílio, Cor ou raça da pessoa responsável pelo domicílio é indígena"
Dicionário não PCT,V00275,275,Domicílio,Características do Domicílio - Parte 2,"Domicílios Particulares Permanentes Ocupados, 4 ou mais banheiros de uso exclusivo com chuveiro e vaso sanitário existentes no domicílio, Cor ou raça da pessoa responsável pelo domicílio é branca"
Dicionário não PCT,V00276,276,Domicílio,Características do Domicílio - Parte 2,"Domicílios Particulares Permanentes Ocupados, 4 ou mais banheiros de uso exclusivo com chuveiro e vaso sanitário existentes no domicílio, Cor ou raça da pessoa responsável pelo domicílio é preta"
Dicionário não PCT,V00277,277,Domicílio,Características do Domicílio - Parte 2,"Domicílios Particulares Permanentes Ocupados, 4 ou mais banheiros de uso exclusivo com chuveiro e vaso sanitário existentes no domicílio, Cor ou raça da pessoa responsável pelo domicílio é amarela"
Dicionário não PCT,V00278,278,Domicílio,Características do Domicílio - Parte 2,"Domicílios Particulares Permanentes Ocupados, 4 ou mais banheiros de uso exclusivo com chuveiro e vaso sanitário existentes no domicílio, Cor ou raça da pessoa responsável pelo domicílio é parda"
Dicionário não PCT,V00279,279,Domicílio,Características do Domicílio - Parte 2,"Domicílios Particulares Permanentes Ocupados, 4 ou mais banheiros de uso exclusivo com chuveiro e vaso sanitário existentes no domicílio, Cor ou raça da pessoa responsável pelo domicílio é indígena"
Dicionário não PCT,V00280,280,Domicílio,Características do Domicílio - Parte 2,"Domicílios Particulares Permanentes Ocupados, Apenas banheiro de uso comum a mais de um domicílio, Cor ou raça da pessoa responsável pelo domicílio é branca"
Dicionário não PCT,V00281,281,Domicílio,Características do Domicílio - Parte 2,"Domicílios Particulares Permanentes Ocupados, Apenas banheiro de uso comum a mais de um domicílio, Cor ou raça da pessoa responsável pelo domicílio é preta"
Dicionário não PCT,V00282,282,Domicílio,Características do Domicílio - Parte 2,"Domicílios Particulares Permanentes Ocupados, Apenas banheiro de uso comum a mais de um domicílio, Cor ou raça da pessoa responsável pelo domicílio é amarela"
Dicionário não PCT,V00283,283,Domicílio,Características do Domicílio - Parte 2,"Domicílios Particulares Permanentes Ocupados, Apenas banheiro de uso comum a mais de um domicílio, Cor ou raça da pessoa responsável pelo domicílio é parda"
Dicionário não PCT,V00284,284,Domicílio,Características do Domicílio - Parte 2,"Domicílios Particulares Permanentes Ocupados, Apenas banheiro de uso comum a mais de um domicílio, Cor ou raça da pessoa responsável pelo domicílio é indígena"
Dicionário não PCT,V00285,285,Domicílio,Características do Domicílio - Parte 2,"Domicílios Particulares Permanentes Ocupados, Apenas sanitário ou buraco para dejeções, inclusive os localizados no terreno, Cor ou raça da pessoa responsável pelo domicílio é branca"
Dicionário não PCT,V00286,286,Domicílio,Características do Domicílio - Parte 2,"Domicílios Particulares Permanentes Ocupados, Apenas sanitário ou buraco para dejeções, inclusive os localizados no terreno, Cor ou raça da pessoa responsável pelo domicílio é preta"
Dicionário não PCT,V00287,287,Domicílio,Características do Domicílio - Parte 2,"Domicílios Particulares Permanentes Ocupados, Apenas sanitário ou buraco para dejeções, inclusive os localizados no terreno, Cor ou raça da pessoa responsável pelo domicílio é amarela"
Dicionário não PCT,V00288,288,Domicílio,Características do Domicílio - Parte 2,"Domicílios Particulares Permanentes Ocupados, Apenas sanitário ou buraco para dejeções, inclusive os localizados no terreno, Cor ou raça da pessoa responsável pelo domicílio é parda"
Dicionário não PCT,V00289,289,Domicílio,Características do Domicílio - Parte 2,"Domicílios Particulares Permanentes Ocupados, Apenas sanitário ou buraco para dejeções, inclusive os localizados no terreno, Cor ou raça da pessoa responsável pelo domicílio é indígena"
Dicionário não PCT,V00290,290,Domicílio,Características do Domicílio - Parte 2,"Domicílios Particulares Permanentes Ocupados, Não tinham banheiro nem sanitário, Cor ou raça da pessoa responsável pelo domicílio é branca"
Dicionário não PCT,V00291,291,Domicílio,Características do Domicílio - Parte 2,"Domicílios Particulares Permanentes Ocupados, Não tinham banheiro nem sanitário, Cor ou raça da pessoa responsável pelo domicílio é preta"
Dicionário não PCT,V00292,292,Domicílio,Características do Domicílio - Parte 2,"Domicílios Particulares Permanentes Ocupados, Não tinham banheiro nem sanitário, Cor ou raça da pessoa responsável pelo domicílio é amarela"
Dicionário não PCT,V00293,293,Domicílio,Características do Domicílio - Parte 2,"Domicílios Particulares Permanentes Ocupados, Não tinham banheiro nem sanitário, Cor ou raça da pessoa responsável pelo domicílio é parda"
Dicionário não PCT,V00294,294,Domicílio,Características do Domicílio - Parte 2,"Domicílios Particulares Permanentes Ocupados, Não tinham banheiro nem sanitário, Cor ou raça da pessoa responsável pelo domicílio é indígena"
Dicionário não PCT,V00295,295,Domicílio,Características do Domicílio - Parte 2,"Domicílios Particulares Permanentes Ocupados, 1 banheiro de uso exclusivo com chuveiro e vaso sanitário existentes no domicílio, Sexo da pessoa responsável pelo domicílio é masculino"
Dicionário não PCT,V00296,296,Domicílio,Características do Domicílio - Parte 2,"Domicílios Particulares Permanentes Ocupados, 1 banheiro de uso exclusivo com chuveiro e vaso sanitário existentes no domicílio, Sexo da pessoa responsável pelo domicílio é feminino"
Dicionário não PCT,V00297,297,Domicílio,Características do Domicílio - Parte 2,"Domicílios Particulares Permanentes Ocupados, 2 banheiros de uso exclusivo com chuveiro e vaso sanitário existentes no domicílio, Sexo da pessoa responsável pelo domicílio é masculino"
Dicionário não PCT,V00298,298,Domicílio,Características do Domicílio - Parte 2,"Domicílios Particulares Permanentes Ocupados, 2 banheiros de uso exclusivo com chuveiro e vaso sanitário existentes no domicílio, Sexo da pessoa responsável pelo domicílio é feminino"
Dicionário não PCT,V00299,299,Domicílio,Características do Domicílio - Parte 2,"Domicílios Particulares Permanentes Ocupados, 3 banheiros de uso exclusivo com chuveiro e vaso sanitário existentes no domicílio, Sexo da pessoa responsável pelo domicílio é masculino"
Dicionário não PCT,V00300,300,Domicílio,Características do Domicílio - Parte 2,"Domicílios Particulares Permanentes Ocupados, 3 banheiros de uso exclusivo com chuveiro e vaso sanitário existentes no domicílio, Sexo da pessoa responsável pelo domicílio é feminino"
Dicionário não PCT,V00301,301,Domicílio,Características do Domicílio - Parte 2,"Domicílios Particulares Permanentes Ocupados, 4 ou mais banheiros de uso exclusivo com chuveiro e vaso sanitário existentes no domicílio, Sexo da pessoa responsável pelo domicílio é masculino"
Dicionário não PCT,V00302,302,Domicílio,Características do Domicílio - Parte 2,"Domicílios Particulares Permanentes Ocupados, 4 ou mais banheiros de uso exclusivo com chuveiro e vaso sanitário existentes no domicílio, Sexo da pessoa responsável pelo domicílio é feminino"
Dicionário não PCT,V00303,303,Domicílio,Características do Domicílio - Parte 2,"Domicílios Particulares Permanentes Ocupados, Apenas banheiro de uso comum a mais de um domicílio, Sexo da pessoa responsável pelo domicílio é masculino"
Dicionário não PCT,V00304,304,Domicílio,Características do Domicílio - Parte 2,"Domicílios Particulares Permanentes Ocupados, Apenas banheiro de uso comum a mais de um domicílio, Sexo da pessoa responsável pelo domicílio é feminino"
Dicionário não PCT,V00305,305,Domicílio,Características do Domicílio - Parte 2,"Domicílios Particulares Permanentes Ocupados, Apenas sanitário ou buraco para dejeções, inclusive os localizados no terreno, Sexo da pessoa responsável pelo domicílio é masculino"
Dicionário não PCT,V00306,306,Domicílio,Características do Domicílio - Parte 2,"Domicílios Particulares Permanentes Ocupados, Apenas sanitário ou buraco para dejeções, inclusive os localizados no terreno, Sexo da pessoa responsável pelo domicílio é feminino"
Dicionário não PCT,V00307,307,Domicílio,Características do Domicílio - Parte 2,"Domicílios Particulares Permanentes Ocupados, Não tinham banheiro nem sanitário, Sexo da pessoa responsável pelo domicílio é masculino"
Dicionário não PCT,V00308,308,Domicílio,Características do Domicílio - Parte 2,"Domicílios Particulares Permanentes Ocupados, Não tinham banheiro nem sanitário, Sexo da pessoa responsável pelo domicílio é feminino"
Dicionário não PCT,V00309,309,Domicílio,Características do Domicílio - Parte 2,"Domicílios Particulares Permanentes Ocupados, Destinação do esgoto do banheiro ou sanitário ou buraco para dejeções é rede geral ou pluvial"
Dicionário não PCT,V00310,310,Domicílio,Características do Domicílio - Parte 2,"Domicílios Particulares Permanentes Ocupados, Destinação do esgoto do banheiro ou sanitário ou buraco para dejeções é fossa séptica ou fossa filtro ligada à rede"
Dicionário não PCT,V00311,311,Domicílio,Características do Domicílio - Parte 2,"Domicílios Particulares Permanentes Ocupados, Destinação do esgoto do banheiro ou sanitário ou buraco para dejeções é fossa séptica ou fossa filtro não ligada à rede"
Dicionário não PCT,V00312,312,Domicílio,Características do Domicílio - Parte 2,"Domicílios Particulares Permanentes Ocupados, Destinação do esgoto do banheiro ou sanitário ou buraco para dejeções é fossa rudimentar ou buraco"
Dicionário não PCT,V00313,313,Domicílio,Características do Domicílio - Parte 2,"Domicílios Particulares Permanentes Ocupados, Destinação do esgoto do banheiro ou sanitário ou buraco para dejeções é vala"
Dicionário não PCT,V00314,314,Domicílio,Características do Domicílio - Parte 2,"Domicílios Particulares Permanentes Ocupados, Destinação do esgoto do banheiro ou sanitário ou buraco para dejeções é rio, lago, córrego ou mar"
Dicionário não PCT,V00315,315,Domicílio,Características do Domicílio - Parte 2,"Domicílios Particulares Permanentes Ocupados, Destinação do esgoto do banheiro ou sanitário ou buraco para dejeções é outra forma"
Dicionário não PCT,V00316,316,Domicílio,Características do Domicílio - Parte 2,"Domicílios Particulares Permanentes Ocupados, Destinação do esgoto inexistente, pois não tinham banheiro nem sanitário"
Dicionário não PCT,V00317,317,Domicílio,Características do Domicílio - Parte 2,"Domicílios Particulares Permanentes Ocupados, Tipo de espécie é casa, Destinação do esgoto do banheiro ou sanitário ou buraco para dejeções é rede geral ou pluvial"
Dicionário não PCT,V00318,318,Domicílio,Características do Domicílio - Parte 2,"Domicílios Particulares Permanentes Ocupados, Tipo de espécie é casa, Destinação do esgoto do banheiro ou sanitário ou buraco para dejeções é fossa séptica ou fossa filtro ligada à rede"
Dicionário não PCT,V00319,319,Domicílio,Características do Domicílio - Parte 2,"Domicílios Particulares Permanentes Ocupados, Tipo de espécie é casa, Destinação do esgoto do banheiro ou sanitário ou buraco para dejeções é fossa séptica ou fossa filtro não ligada à rede"
Dicionário não PCT,V00320,320,Domicílio,Características do Domicílio - Parte 2,"Domicílios Particulares Permanentes Ocupados, Tipo de espécie é casa, Destinação do esgoto do banheiro ou sanitário ou buraco para dejeções é fossa rudimentar ou buraco"
Dicionário não PCT,V00321,321,Domicílio,Características do Domicílio - Parte 2,"Domicílios Particulares Permanentes Ocupados, Tipo de espécie é casa, Destinação do esgoto do banheiro ou sanitário ou buraco para dejeções é vala"
Dicionário não PCT,V00322,322,Domicílio,Características do Domicílio - Parte 2,"Domicílios Particulares Permanentes Ocupados, Tipo de espécie é casa, Destinação do esgoto do banheiro ou sanitário ou buraco para dejeções é rio, lago, córrego ou mar"
Dicionário não PCT,V00323,323,Domicílio,Características do Domicílio - Parte 2,"Domicílios Particulares Permanentes Ocupados, Tipo de espécie é casa, Destinação do esgoto do banheiro ou sanitário ou buraco para dejeções é outra forma"
Dicionário não PCT,V00324,324,Domicílio,Características do Domicílio - Parte 2,"Domicílios Particulares Permanentes Ocupados, Tipo de espécie é casa, Destinação do esgoto inexistente, pois não tinham banheiro nem sanitário"
Dicionário não PCT,V00325,325,Domicílio,Características do Domicílio - Parte 2,"Domicílios Particulares Permanentes Ocupados, Tipo de espécie é casa de vila ou em condomínio, Destinação do esgoto do banheiro ou sanitário ou buraco para dejeções é rede geral ou pluvial"
Dicionário não PCT,V00326,326,Domicílio,Características do Domicílio - Parte 2,"Domicílios Particulares Permanentes Ocupados, Tipo de espécie é casa de vila ou em condomínio, Destinação do esgoto do banheiro ou sanitário ou buraco para dejeções é fossa séptica ou fossa filtro ligada à rede"
Dicionário não PCT,V00327,327,Domicílio,Características do Domicílio - Parte 2,"Domicílios Particulares Permanentes Ocupados, Tipo de espécie é casa de vila ou em condomínio, Destinação do esgoto do banheiro ou sanitário ou buraco para dejeções é fossa séptica ou fossa filtro não ligada à rede"
Dicionário não PCT,V00328,328,Domicílio,Características do Domicílio - Parte 2,"Domicílios Particulares Permanentes Ocupados, Tipo de espécie é casa de vila ou em condomínio, Destinação do esgoto do banheiro ou sanitário ou buraco para dejeções é fossa rudimentar ou buraco"
Dicionário não PCT,V00329,329,Domicílio,Características do Domicílio - Parte 2,"Domicílios Particulares Permanentes Ocupados, Tipo de espécie é casa de vila ou em condomínio, Destinação do esgoto do banheiro ou sanitário ou buraco para dejeções é vala"
Dicionário não PCT,V00330,330,Domicílio,Características do Domicílio - Parte 2,"Domicílios Particulares Permanentes Ocupados, Tipo de espécie é casa de vila ou em condomínio, Destinação do esgoto do banheiro ou sanitário ou buraco para dejeções é rio, lago, córrego ou mar"
Dicionário não PCT,V00331,331,Domicílio,Características do Domicílio - Parte 2,"Domicílios Particulares Permanentes Ocupados, Tipo de espécie é casa de vila ou em condomínio, Destinação do esgoto do banheiro ou sanitário ou buraco para dejeções é outra forma"
Dicionário não PCT,V00332,332,Domicílio,Características do Domicílio - Parte 2,"Domicílios Particulares Permanentes Ocupados, Tipo de espécie é casa de vila ou em condomínio, Destinação do esgoto inexistente, pois não tinham banheiro nem sanitário"
Dicionário não PCT,V00333,333,Domicílio,Características do Domicílio - Parte 2,"Domicílios Particulares Permanentes Ocupados, Tipo de espécie é apartamento, Destinação do esgoto do banheiro ou sanitário ou buraco para dejeções é rede geral ou pluvial"
Dicionário não PCT,V00334,334,Domicílio,Características do Domicílio - Parte 2,"Domicílios Particulares Permanentes Ocupados, Tipo de espécie é apartamento, Destinação do esgoto do banheiro ou sanitário ou buraco para dejeções é fossa séptica ou fossa filtro ligada à rede"
Dicionário não PCT,V00335,335,Domicílio,Características do Domicílio - Parte 2,"Domicílios Particulares Permanentes Ocupados, Tipo de espécie é apartamento, Destinação do esgoto do banheiro ou sanitário ou buraco para dejeções é fossa séptica ou fossa filtro não ligada à rede"
Dicionário não PCT,V00336,336,Domicílio,Características do Domicílio - Parte 2,"Domicílios Particulares Permanentes Ocupados, Tipo de espécie é apartamento, Destinação do esgoto do banheiro ou sanitário ou buraco para dejeções é fossa rudimentar ou buraco"
Dicionário não PCT,V00337,337,Domicílio,Características do Domicílio - Parte 2,"Domicílios Particulares Permanentes Ocupados, Tipo de espécie é apartamento, Destinação do esgoto do banheiro ou sanitário ou buraco para dejeções é vala"
Dicionário não PCT,V00338,338,Domicílio,Características do Domicílio - Parte 2,"Domicílios Particulares Permanentes Ocupados, Tipo de espécie é apartamento, Destinação do esgoto do banheiro ou sanitário ou buraco para dejeções é rio, lago, córrego ou mar"
Dicionário não PCT,V00339,339,Domicílio,Características do Domicílio - Parte 2,"Domicílios Particulares Permanentes Ocupados, Tipo de espécie é apartamento, Destinação do esgoto do banheiro ou sanitário ou buraco para dejeções é outra forma"
Dicionário não PCT,V00340,340,Domicílio,Características do Domicílio - Parte 2,"Domicílios Particulares Permanentes Ocupados, Tipo de espécie é apartamento, Destinação do esgoto inexistente, pois não tinham banheiro nem sanitário"
Dicionário não PCT,V00341,341,Domicílio,Características do Domicílio - Parte 2,"Domicílios Particulares Permanentes Ocupados, Destinação do esgoto do banheiro ou sanitário ou buraco para dejeções é rede geral ou pluvial, Cor ou raça da pessoa responsável pelo domicílio é branca"
Dicionário não PCT,V00342,342,Domicílio,Características do Domicílio - Parte 2,"Domicílios Particulares Permanentes Ocupados, Destinação do esgoto do banheiro ou sanitário ou buraco para dejeções é rede geral ou pluvial, Cor ou raça da pessoa responsável pelo domicílio é preta"
Dicionário não PCT,V00343,343,Domicílio,Características do Domicílio - Parte 2,"Domicílios Particulares Permanentes Ocupados, Destinação do esgoto do banheiro ou sanitário ou buraco para dejeções é rede geral ou pluvial, Cor ou raça da pessoa responsável pelo domicílio é amarela"
Dicionário não PCT,V00344,344,Domicílio,Características do Domicílio - Parte 2,"Domicílios Particulares Permanentes Ocupados, Destinação do esgoto do banheiro ou sanitário ou buraco para dejeções é rede geral ou pluvial, Cor ou raça da pessoa responsável pelo domicílio é parda"
Dicionário não PCT,V00345,345,Domicílio,Características do Domicílio - Parte 2,"Domicílios Particulares Permanentes Ocupados, Destinação do esgoto do banheiro ou sanitário ou buraco para dejeções é rede geral ou pluvial, Cor ou raça da pessoa responsável pelo domicílio é indígena"
Dicionário não PCT,V00346,346,Domicílio,Características do Domicílio - Parte 2,"Domicílios Particulares Permanentes Ocupados, Destinação do esgoto do banheiro ou sanitário ou buraco para dejeções é fossa séptica ou fossa filtro ligada à rede, Cor ou raça da pessoa responsável pelo domicílio é branca"
Dicionário não PCT,V00347,347,Domicílio,Características do Domicílio - Parte 2,"Domicílios Particulares Permanentes Ocupados, Destinação do esgoto do banheiro ou sanitário ou buraco para dejeções é fossa séptica ou fossa filtro ligada à rede, Cor ou raça da pessoa responsável pelo domicílio é preta"
Dicionário não PCT,V00348,348,Domicílio,Características do Domicílio - Parte 2,"Domicílios Particulares Permanentes Ocupados, Destinação do esgoto do banheiro ou sanitário ou buraco para dejeções é fossa séptica ou fossa filtro ligada à rede, Cor ou raça da pessoa responsável pelo domicílio é amarela"
Dicionário não PCT,V00349,349,Domicílio,Características do Domicílio - Parte 2,"Domicílios Particulares Permanentes Ocupados, Destinação do esgoto do banheiro ou sanitário ou buraco para dejeções é fossa séptica ou fossa filtro ligada à rede, Cor ou raça da pessoa responsável pelo domicílio é parda"
Dicionário não PCT,V00350,350,Domicílio,Características do Domicílio - Parte 2,"Domicílios Particulares Permanentes Ocupados, Destinação do esgoto do banheiro ou sanitário ou buraco para dejeções é fossa séptica ou fossa filtro ligada à rede, Cor ou raça da pessoa responsável pelo domicílio é indígena"
Dicionário não PCT,V00351,351,Domicílio,Características do Domicílio - Parte 2,"Domicílios Particulares Permanentes Ocupados, Destinação do esgoto do banheiro ou sanitário ou buraco para dejeções é fossa séptica ou fossa filtro não ligada à rede, Cor ou raça da pessoa responsável pelo domicílio é branca"
Dicionário não PCT,V00352,352,Domicílio,Características do Domicílio - Parte 2,"Domicílios Particulares Permanentes Ocupados, Destinação do esgoto do banheiro ou sanitário ou buraco para dejeções é fossa séptica ou fossa filtro não ligada à rede, Cor ou raça da pessoa responsável pelo domicílio é preta"
Dicionário não PCT,V00353,353,Domicílio,Características do Domicílio - Parte 2,"Domicílios Particulares Permanentes Ocupados, Destinação do esgoto do banheiro ou sanitário ou buraco para dejeções é fossa séptica ou fossa filtro não ligada à rede, Cor ou raça da pessoa responsável pelo domicílio é amarela"
Dicionário não PCT,V00354,354,Domicílio,Características do Domicílio - Parte 2,"Domicílios Particulares Permanentes Ocupados, Destinação do esgoto do banheiro ou sanitário ou buraco para dejeções é fossa séptica ou fossa filtro não ligada à rede, Cor ou raça da pessoa responsável pelo domicílio é parda"
Dicionário não PCT,V00355,355,Domicílio,Características do Domicílio - Parte 2,"Domicílios Particulares Permanentes Ocupados, Destinação do esgoto do banheiro ou sanitário ou buraco para dejeções é fossa séptica ou fossa filtro não ligada à rede, Cor ou raça da pessoa responsável pelo domicílio é indígena"
Dicionário não PCT,V00356,356,Domicílio,Características do Domicílio - Parte 2,"Domicílios Particulares Permanentes Ocupados, Destinação do esgoto do banheiro ou sanitário ou buraco para dejeções é fossa rudimentar ou buraco, Cor ou raça da pessoa responsável pelo domicílio é branca"
Dicionário não PCT,V00357,357,Domicílio,Características do Domicílio - Parte 2,"Domicílios Particulares Permanentes Ocupados, Destinação do esgoto do banheiro ou sanitário ou buraco para dejeções é fossa rudimentar ou buraco, Cor ou raça da pessoa responsável pelo domicílio é preta"
Dicionário não PCT,V00358,358,Domicílio,Características do Domicílio - Parte 2,"Domicílios Particulares Permanentes Ocupados, Destinação do esgoto do banheiro ou sanitário ou buraco para dejeções é fossa rudimentar ou buraco, Cor ou raça da pessoa responsável pelo domicílio é amarela"
Dicionário não PCT,V00359,359,Domicílio,Características do Domicílio - Parte 2,"Domicílios Particulares Permanentes Ocupados, Destinação do esgoto do banheiro ou sanitário ou buraco para dejeções é fossa rudimentar ou buraco, Cor ou raça da pessoa responsável pelo domicílio é parda"
Dicionário não PCT,V00360,360,Domicílio,Características do Domicílio - Parte 2,"Domicílios Particulares Permanentes Ocupados, Destinação do esgoto do banheiro ou sanitário ou buraco para dejeções é fossa rudimentar ou buraco, Cor ou raça da pessoa responsável pelo domicílio é indígena"
Dicionário não PCT,V00361,361,Domicílio,Características do Domicílio - Parte 2,"Domicílios Particulares Permanentes Ocupados, Destinação do esgoto do banheiro ou sanitário ou buraco para dejeções é vala, Cor ou raça da pessoa responsável pelo domicílio é branca"
Dicionário não PCT,V00362,362,Domicílio,Características do Domicílio - Parte 2,"Domicílios Particulares Permanentes Ocupados, Destinação do esgoto do banheiro ou sanitário ou buraco para dejeções é vala, Cor ou raça da pessoa responsável pelo domicílio é preta"
Dicionário não PCT,V00363,363,Domicílio,Características do Domicílio - Parte 2,"Domicílios Particulares Permanentes Ocupados, Destinação do esgoto do banheiro ou sanitário ou buraco para dejeções é vala, Cor ou raça da pessoa responsável pelo domicílio é amarela"
Dicionário não PCT,V00364,364,Domicílio,Características do Domicílio - Parte 2,"Domicílios Particulares Permanentes Ocupados, Destinação do esgoto do banheiro ou sanitário ou buraco para dejeções é vala, Cor ou raça da pessoa responsável pelo domicílio é parda"
Dicionário não PCT,V00365,365,Domicílio,Características do Domicílio - Parte 2,"Domicílios Particulares Permanentes Ocupados, Destinação do esgoto do banheiro ou sanitário ou buraco para dejeções é vala, Cor ou raça da pessoa responsável pelo domicílio é indígena"
Dicionário não PCT,V00366,366,Domicílio,Características do Domicílio - Parte 2,"Domicílios Particulares Permanentes Ocupados, Destinação do esgoto do banheiro ou sanitário ou buraco para dejeções é rio, lago, córrego ou mar, Cor ou raça da pessoa responsável pelo domicílio é branca"
Dicionário não PCT,V00367,367,Domicílio,Características do Domicílio - Parte 2,"Domicílios Particulares Permanentes Ocupados, Destinação do esgoto do banheiro ou sanitário ou buraco para dejeções é rio, lago, córrego ou mar, Cor ou raça da pessoa responsável pelo domicílio é preta"
Dicionário não PCT,V00368,368,Domicílio,Características do Domicílio - Parte 2,"Domicílios Particulares Permanentes Ocupados, Destinação do esgoto do banheiro ou sanitário ou buraco para dejeções é rio, lago, córrego ou mar, Cor ou raça da pessoa responsável pelo domicílio é amarela"
Dicionário não PCT,V00369,369,Domicílio,Características do Domicílio - Parte 2,"Domicílios Particulares Permanentes Ocupados, Destinação do esgoto do banheiro ou sanitário ou buraco para dejeções é rio, lago, córrego ou mar, Cor ou raça da pessoa responsável pelo domicílio é parda"
Dicionário não PCT,V00370,370,Domicílio,Características do Domicílio - Parte 2,"Domicílios Particulares Permanentes Ocupados, Destinação do esgoto do banheiro ou sanitário ou buraco para dejeções é rio, lago, córrego ou mar, Cor ou raça da pessoa responsável pelo domicílio é indígena"
Dicionário não PCT,V00371,371,Domicílio,Características do Domicílio - Parte 2,"Domicílios Particulares Permanentes Ocupados, Destinação do esgoto do banheiro ou sanitário ou buraco para dejeções é outra forma, Cor ou raça da pessoa responsável pelo domicílio é branca"
Dicionário não PCT,V00372,372,Domicílio,Características do Domicílio - Parte 2,"Domicílios Particulares Permanentes Ocupados, Destinação do esgoto do banheiro ou sanitário ou buraco para dejeções é outra forma, Cor ou raça da pessoa responsável pelo domicílio é preta"
Dicionário não PCT,V00373,373,Domicílio,Características do Domicílio - Parte 2,"Domicílios Particulares Permanentes Ocupados, Destinação do esgoto do banheiro ou sanitário ou buraco para dejeções é outra forma, Cor ou raça da pessoa responsável pelo domicílio é amarela"
Dicionário não PCT,V00374,374,Domicílio,Características do Domicílio - Parte 2,"Domicílios Particulares Permanentes Ocupados, Destinação do esgoto do banheiro ou sanitário ou buraco para dejeções é outra forma, Cor ou raça da pessoa responsável pelo domicílio é parda"
Dicionário não PCT,V00375,375,Domicílio,Características do Domicílio - Parte 2,"Domicílios Particulares Permanentes Ocupados, Destinação do esgoto do banheiro ou sanitário ou buraco para dejeções é outra forma, Cor ou raça da pessoa responsável pelo domicílio é indígena"
Dicionário não PCT,V00376,376,Domicílio,Características do Domicílio - Parte 2,"Domicílios Particulares Permanentes Ocupados, Destinação do esgoto inexistente, pois não tinham banheiro nem sanitário, Cor ou raça da pessoa responsável pelo domicílio é branca"
Dicionário não PCT,V00377,377,Domicílio,Características do Domicílio - Parte 2,"Domicílios Particulares Permanentes Ocupados, Destinação do esgoto inexistente, pois não tinham banheiro nem sanitário, Cor ou raça da pessoa responsável pelo domicílio é preta"
Dicionário não PCT,V00378,378,Domicílio,Características do Domicílio - Parte 2,"Domicílios Particulares Permanentes Ocupados, Destinação do esgoto inexistente, pois não tinham banheiro nem sanitário, Cor ou raça da pessoa responsável pelo domicílio é amarela"
Dicionário não PCT,V00379,379,Domicílio,Características do Domicílio - Parte 2,"Domicílios Particulares Permanentes Ocupados, Destinação do esgoto inexistente, pois não tinham banheiro nem sanitário, Cor ou raça da pessoa responsável pelo domicílio é parda"
Dicionário não PCT,V00380,380,Domicílio,Características do Domicílio - Parte 2,"Domicílios Particulares Permanentes Ocupados, Destinação do esgoto inexistente, pois não tinham banheiro nem sanitário, Cor ou raça da pessoa responsável pelo domicílio é indígena"
Dicionário não PCT,V00381,381,Domicílio,Características do Domicílio - Parte 2,"Domicílios Particulares Permanentes Ocupados, Destinação do esgoto do banheiro ou sanitário ou buraco para dejeções é rede geral ou pluvial, Sexo da pessoa responsável pelo domicílio é masculino"
Dicionário não PCT,V00382,382,Domicílio,Características do Domicílio - Parte 2,"Domicílios Particulares Permanentes Ocupados, Destinação do esgoto do banheiro ou sanitário ou buraco para dejeções é rede geral ou pluvial, Sexo da pessoa responsável pelo domicílio é feminino"
Dicionário não PCT,V00383,383,Domicílio,Características do Domicílio - Parte 2,"Domicílios Particulares Permanentes Ocupados, Destinação do esgoto do banheiro ou sanitário ou buraco para dejeções é fossa séptica ou fossa filtro ligada à rede, Sexo da pessoa responsável pelo domicílio é masculino"
Dicionário não PCT,V00384,384,Domicílio,Características do Domicílio - Parte 2,"Domicílios Particulares Permanentes Ocupados, Destinação do esgoto do banheiro ou sanitário ou buraco para dejeções é fossa séptica ou fossa filtro ligada à rede, Sexo da pessoa responsável pelo domicílio é feminino"
Dicionário não PCT,V00385,385,Domicílio,Características do Domicílio - Parte 2,"Domicílios Particulares Permanentes Ocupados, Destinação do esgoto do banheiro ou sanitário ou buraco para dejeções é fossa séptica ou fossa filtro não ligada à rede, Sexo da pessoa responsável pelo domicílio é masculino"
Dicionário não PCT,V00386,386,Domicílio,Características do Domicílio - Parte 2,"Domicílios Particulares Permanentes Ocupados, Destinação do esgoto do banheiro ou sanitário ou buraco para dejeções é fossa séptica ou fossa filtro não ligada à rede, Sexo da pessoa responsável pelo domicílio é feminino"
Dicionário não PCT,V00387,387,Domicílio,Características do Domicílio - Parte 2,"Domicílios Particulares Permanentes Ocupados, Destinação do esgoto do banheiro ou sanitário ou buraco para dejeções é fossa rudimentar ou buraco, Sexo da pessoa responsável pelo domicílio é masculino"
Dicionário não PCT,V00388,388,Domicílio,Características do Domicílio - Parte 2,"Domicílios Particulares Permanentes Ocupados, Destinação do esgoto do banheiro ou sanitário ou buraco para dejeções é fossa rudimentar ou buraco, Sexo da pessoa responsável pelo domicílio é feminino"
Dicionário não PCT,V00389,389,Domicílio,Características do Domicílio - Parte 2,"Domicílios Particulares Permanentes Ocupados, Destinação do esgoto do banheiro ou sanitário ou buraco para dejeções é vala, Sexo da pessoa responsável pelo domicílio é masculino"
Dicionário não PCT,V00390,390,Domicílio,Características do Domicílio - Parte 2,"Domicílios Particulares Permanentes Ocupados, Destinação do esgoto do banheiro ou sanitário ou buraco para dejeções é vala, Sexo da pessoa responsável pelo domicílio é feminino"
Dicionário não PCT,V00391,391,Domicílio,Características do Domicílio - Parte 2,"Domicílios Particulares Permanentes Ocupados, Destinação do esgoto do banheiro ou sanitário ou buraco para dejeções é rio, lago, córrego ou mar, Sexo da pessoa responsável pelo domicílio é masculino"
Dicionário não PCT,V00392,392,Domicílio,Características do Domicílio - Parte 2,"Domicílios Particulares Permanentes Ocupados, Destinação do esgoto do banheiro ou sanitário ou buraco para dejeções é rio, lago, córrego ou mar, Sexo da pessoa responsável pelo domicílio é feminino"
Dicionário não PCT,V00393,393,Domicílio,Características do Domicílio - Parte 2,"Domicílios Particulares Permanentes Ocupados, Destinação do esgoto do banheiro ou sanitário ou buraco para dejeções é outra forma, Sexo da pessoa responsável pelo domicílio é masculino"
Dicionário não PCT,V00394,394,Domicílio,Características do Domicílio - Parte 2,"Domicílios Particulares Permanentes Ocupados, Destinação do esgoto do banheiro ou sanitário ou buraco para dejeções é outra forma, Sexo da pessoa responsável pelo domicílio é feminino"
Dicionário não PCT,V00395,395,Domicílio,Características do Domicílio - Parte 2,"Domicílios Particulares Permanentes Ocupados, Destinação do esgoto inexistente, pois não tinham banheiro nem sanitário, Sexo da pessoa responsável pelo domicílio é masculino"
Dicionário não PCT,V00396,396,Domicílio,Características do Domicílio - Parte 2,"Domicílios Particulares Permanentes Ocupados, Destinação do esgoto inexistente, pois não tinham banheiro nem sanitário, Sexo da pessoa responsável pelo domicílio é feminino"
Dicionário não PCT,V00397,397,Domicílio,Características do Domicílio - Parte 2,"Domicílios Particulares Permanentes Ocupados, Lixo coletado no domicílio por serviço de limpeza"
Dicionário não PCT,V00398,398,Domicílio,Características do Domicílio - Parte 2,"Domicílios Particulares Permanentes Ocupados, Lixo depositado em caçamba de serviço de limpeza"
Dicionário não PCT,V00399,399,Domicílio,Características do Domicílio - Parte 2,"Domicílios Particulares Permanentes Ocupados, Lixo queimado na propriedade"
Dicionário não PCT,V00400,400,Domicílio,Características do Domicílio - Parte 2,"Domicílios Particulares Permanentes Ocupados, Lixo enterrado na propriedade"
Dicionário não PCT,V00401,401,Domicílio,Características do Domicílio - Parte 2,"Domicílios Particulares Permanentes Ocupados, Lixo jogado em terreno baldio, encosta ou área pública"
Dicionário não PCT,V00402,402,Domicílio,Características do Domicílio - Parte 2,"Domicílios Particulares Permanentes Ocupados, Outro destino do lixo"
Dicionário não PCT,V00403,403,Domicílio,Características do Domicílio - Parte 2,"Domicílios Particulares Permanentes Ocupados, Tipo de espécie é casa, Lixo coletado no domicílio por serviço de limpeza"
Dicionário não PCT,V00404,404,Domicílio,Características do Domicílio - Parte 2,"Domicílios Particulares Permanentes Ocupados, Tipo de espécie é casa, Lixo depositado em caçamba de serviço de limpeza"
Dicionário não PCT,V00405,405,Domicílio,Características do Domicílio - Parte 2,"Domicílios Particulares Permanentes Ocupados, Tipo de espécie é casa, Lixo queimado na propriedade"
Dicionário não PCT,V00406,406,Domicílio,Características do Domicílio - Parte 2,"Domicílios Particulares Permanentes Ocupados, Tipo de espécie é casa, Lixo enterrado na propriedade"
Dicionário não PCT,V00407,407,Domicílio,Características do Domicílio - Parte 2,"Domicílios Particulares Permanentes Ocupados, Tipo de espécie é casa, Lixo jogado em terreno baldio, encosta ou área pública"
Dicionário não PCT,V00408,408,Domicílio,Características do Domicílio - Parte 2,"Domicílios Particulares Permanentes Ocupados, Tipo de espécie é casa, Outro destino do lixo"
Dicionário não PCT,V00409,409,Domicílio,Características do Domicílio - Parte 2,"Domicílios Particulares Permanentes Ocupados, Tipo de espécie é casa de vila ou em condomínio, Lixo coletado no domicílio por serviço de limpeza"
Dicionário não PCT,V00410,410,Domicílio,Características do Domicílio - Parte 2,"Domicílios Particulares Permanentes Ocupados, Tipo de espécie é casa de vila ou em condomínio, Lixo depositado em caçamba de serviço de limpeza"
Dicionário não PCT,V00411,411,Domicílio,Características do Domicílio - Parte 2,"Domicílios Particulares Permanentes Ocupados, Tipo de espécie é casa de vila ou em condomínio, Lixo queimado na propriedade"
Dicionário não PCT,V00412,412,Domicílio,Características do Domicílio - Parte 2,"Domicílios Particulares Permanentes Ocupados, Tipo de espécie é casa de vila ou em condomínio, Lixo enterrado na propriedade"
Dicionário não PCT,V00413,413,Domicílio,Características do Domicílio - Parte 2,"Domicílios Particulares Permanentes Ocupados, Tipo de espécie é casa de vila ou em condomínio, Lixo jogado em terreno baldio, encosta ou área pública"
Dicionário não PCT,V00414,414,Domicílio,Características do Domicílio - Parte 2,"Domicílios Particulares Permanentes Ocupados, Tipo de espécie é casa de vila ou em condomínio, Outro destino do lixo"
Dicionário não PCT,V00415,415,Domicílio,Características do Domicílio - Parte 2,"Domicílios Particulares Permanentes Ocupados, Tipo de espécie é apartamento, Lixo coletado no domicílio por serviço de limpeza"
Dicionário não PCT,V00416,416,Domicílio,Características do Domicílio - Parte 2,"Domicílios Particulares Permanentes Ocupados, Tipo de espécie é apartamento, Lixo depositado em caçamba de serviço de limpeza"
Dicionário não PCT,V00417,417,Domicílio,Características do Domicílio - Parte 2,"Domicílios Particulares Permanentes Ocupados, Tipo de espécie é apartamento, Lixo queimado na propriedade"
Dicionário não PCT,V00418,418,Domicílio,Características do Domicílio - Parte 2,"Domicílios Particulares Permanentes Ocupados, Tipo de espécie é apartamento, Lixo enterrado na propriedade"
Dicionário não PCT,V00419,419,Domicílio,Características do Domicílio - Parte 2,"Domicílios Particulares Permanentes Ocupados, Tipo de espécie é apartamento, Lixo jogado em terreno baldio, encosta ou área pública"
Dicionário não PCT,V00420,420,Domicílio,Características do Domicílio - Parte 2,"Domicílios Particulares Permanentes Ocupados, Tipo de espécie é apartamento, Outro destino do lixo"
Dicionário não PCT,V00421,421,Domicílio,Características do Domicílio - Parte 2,"Domicílios Particulares Permanentes Ocupados, Lixo coletado no domicílio por serviço de limpeza, Cor ou raça da pessoa responsável pelo domicílio é branca"
Dicionário não PCT,V00422,422,Domicílio,Características do Domicílio - Parte 2,"Domicílios Particulares Permanentes Ocupados, Lixo coletado no domicílio por serviço de limpeza, Cor ou raça da pessoa responsável pelo domicílio é preta"
Dicionário não PCT,V00423,423,Domicílio,Características do Domicílio - Parte 2,"Domicílios Particulares Permanentes Ocupados, Lixo coletado no domicílio por serviço de limpeza, Cor ou raça da pessoa responsável pelo domicílio é amarela"
Dicionário não PCT,V00424,424,Domicílio,Características do Domicílio - Parte 2,"Domicílios Particulares Permanentes Ocupados, Lixo coletado no domicílio por serviço de limpeza, Cor ou raça da pessoa responsável pelo domicílio é parda"
Dicionário não PCT,V00425,425,Domicílio,Características do Domicílio - Parte 2,"Domicílios Particulares Permanentes Ocupados, Lixo coletado no domicílio por serviço de limpeza, Cor ou raça da pessoa responsável pelo domicílio é indígena"
Dicionário não PCT,V00426,426,Domicílio,Características do Domicílio - Parte 2,"Domicílios Particulares Permanentes Ocupados, Lixo depositado em caçamba de serviço de limpeza, Cor ou raça da pessoa responsável pelo domicílio é branca"
Dicionário não PCT,V00427,427,Domicílio,Características do Domicílio - Parte 2,"Domicílios Particulares Permanentes Ocupados, Lixo depositado em caçamba de serviço de limpeza, Cor ou raça da pessoa responsável pelo domicílio é preta"
Dicionário não PCT,V00428,428,Domicílio,Características do Domicílio - Parte 2,"Domicílios Particulares Permanentes Ocupados, Lixo depositado em caçamba de serviço de limpeza, Cor ou raça da pessoa responsável pelo domicílio é amarela"
Dicionário não PCT,V00429,429,Domicílio,Características do Domicílio - Parte 2,"Domicílios Particulares Permanentes Ocupados, Lixo depositado em caçamba de serviço de limpeza, Cor ou raça da pessoa responsável pelo domicílio é parda"
Dicionário não PCT,V00430,430,Domicílio,Características do Domicílio - Parte 2,"Domicílios Particulares Permanentes Ocupados, Lixo depositado em caçamba de serviço de limpeza, Cor ou raça da pessoa responsável pelo domicílio é indígena"
Dicionário não PCT,V00431,431,Domicílio,Características do Domicílio - Parte 2,"Domicílios Particulares Permanentes Ocupados, Lixo queimado na propriedade, Cor ou raça da pessoa responsável pelo domicílio é branca"
Dicionário não PCT,V00432,432,Domicílio,Características do Domicílio - Parte 2,"Domicílios Particulares Permanentes Ocupados, Lixo queimado na propriedade, Cor ou raça da pessoa responsável pelo domicílio é preta"
Dicionário não PCT,V00433,433,Domicílio,Características do Domicílio - Parte 2,"Domicílios Particulares Permanentes Ocupados, Lixo queimado na propriedade, Cor ou raça da pessoa responsável pelo domicílio é amarela"
Dicionário não PCT,V00434,434,Domicílio,Características do Domicílio - Parte 2,"Domicílios Particulares Permanentes Ocupados, Lixo queimado na propriedade, Cor ou raça da pessoa responsável pelo domicílio é parda"
Dicionário não PCT,V00435,435,Domicílio,Características do Domicílio - Parte 2,"Domicílios Particulares Permanentes Ocupados, Lixo queimado na propriedade, Cor ou raça da pessoa responsável pelo domicílio é indígena"
Dicionário não PCT,V00436,436,Domicílio,Características do Domicílio - Parte 2,"Domicílios Particulares Permanentes Ocupados, Lixo enterrado na propriedade, Cor ou raça da pessoa responsável pelo domicílio é branca"
Dicionário não PCT,V00437,437,Domicílio,Características do Domicílio - Parte 2,"Domicílios Particulares Permanentes Ocupados, Lixo enterrado na propriedade, Cor ou raça da pessoa responsável pelo domicílio é preta"
Dicionário não PCT,V00438,438,Domicílio,Características do Domicílio - Parte 2,"Domicílios Particulares Permanentes Ocupados, Lixo enterrado na propriedade, Cor ou raça da pessoa responsável pelo domicílio é amarela"
Dicionário não PCT,V00439,439,Domicílio,Características do Domicílio - Parte 2,"Domicílios Particulares Permanentes Ocupados, Lixo enterrado na propriedade, Cor ou raça da pessoa responsável pelo domicílio é parda"
Dicionário não PCT,V00440,440,Domicílio,Características do Domicílio - Parte 2,"Domicílios Particulares Permanentes Ocupados, Lixo enterrado na propriedade, Cor ou raça da pessoa responsável pelo domicílio é indígena"
Dicionário não PCT,V00441,441,Domicílio,Características do Domicílio - Parte 2,"Domicílios Particulares Permanentes Ocupados, Lixo jogado em terreno baldio, encosta ou área pública, Cor ou raça da pessoa responsável pelo domicílio é branca"
Dicionário não PCT,V00442,442,Domicílio,Características do Domicílio - Parte 2,"Domicílios Particulares Permanentes Ocupados, Lixo jogado em terreno baldio, encosta ou área pública, Cor ou raça da pessoa responsável pelo domicílio é preta"
Dicionário não PCT,V00443,443,Domicílio,Características do Domicílio - Parte 2,"Domicílios Particulares Permanentes Ocupados, Lixo jogado em terreno baldio, encosta ou área pública, Cor ou raça da pessoa responsável pelo domicílio é amarela"
Dicionário não PCT,V00444,444,Domicílio,Características do Domicílio - Parte 2,"Domicílios Particulares Permanentes Ocupados, Lixo jogado em terreno baldio, encosta ou área pública, Cor ou raça da pessoa responsável pelo domicílio é parda"
Dicionário não PCT,V00445,445,Domicílio,Características do Domicílio - Parte 2,"Domicílios Particulares Permanentes Ocupados, Lixo jogado em terreno baldio, encosta ou área pública, Cor ou raça da pessoa responsável pelo domicílio é indígena"
Dicionário não PCT,V00446,446,Domicílio,Características do Domicílio - Parte 2,"Domicílios Particulares Permanentes Ocupados, Outro destino do lixo, Cor ou raça da pessoa responsável pelo domicílio é branca"
Dicionário não PCT,V00447,447,Domicílio,Características do Domicílio - Parte 2,"Domicílios Particulares Permanentes Ocupados, Outro destino do lixo, Cor ou raça da pessoa responsável pelo domicílio é preta"
Dicionário não PCT,V00448,448,Domicílio,Características do Domicílio - Parte 2,"Domicílios Particulares Permanentes Ocupados, Outro destino do lixo, Cor ou raça da pessoa responsável pelo domicílio é amarela"
Dicionário não PCT,V00449,449,Domicílio,Características do Domicílio - Parte 2,"Domicílios Particulares Permanentes Ocupados, Outro destino do lixo, Cor ou raça da pessoa responsável pelo domicílio é parda"
Dicionário não PCT,V00450,450,Domicílio,Características do Domicílio - Parte 2,"Domicílios Particulares Permanentes Ocupados, Outro destino do lixo, Cor ou raça da pessoa responsável pelo domicílio é indígena"
Dicionário não PCT,V00451,451,Domicílio,Características do Domicílio - Parte 2,"Domicílios Particulares Permanentes Ocupados, Lixo coletado no domicílio por serviço de limpeza, Sexo da pessoa responsável pelo domicílio é masculino"
Dicionário não PCT,V00452,452,Domicílio,Características do Domicílio - Parte 2,"Domicílios Particulares Permanentes Ocupados, Lixo coletado no domicílio por serviço de limpeza, Sexo da pessoa responsável pelo domicílio é feminino"
Dicionário não PCT,V00453,453,Domicílio,Características do Domicílio - Parte 2,"Domicílios Particulares Permanentes Ocupados, Lixo depositado em caçamba de serviço de limpeza, Sexo da pessoa responsável pelo domicílio é masculino"
Dicionário não PCT,V00454,454,Domicílio,Características do Domicílio - Parte 2,"Domicílios Particulares Permanentes Ocupados, Lixo depositado em caçamba de serviço de limpeza, Sexo da pessoa responsável pelo domicílio é feminino"
Dicionário não PCT,V00455,455,Domicílio,Características do Domicílio - Parte 2,"Domicílios Particulares Permanentes Ocupados, Lixo queimado na propriedade, Sexo da pessoa responsável pelo domicílio é masculino"
Dicionário não PCT,V00456,456,Domicílio,Características do Domicílio - Parte 2,"Domicílios Particulares Permanentes Ocupados, Lixo queimado na propriedade, Sexo da pessoa responsável pelo domicílio é feminino"
Dicionário não PCT,V00457,457,Domicílio,Características do Domicílio - Parte 2,"Domicílios Particulares Permanentes Ocupados, Lixo enterrado na propriedade, Sexo da pessoa responsável pelo domicílio é masculino"
Dicionário não PCT,V00458,458,Domicílio,Características do Domicílio - Parte 2,"Domicílios Particulares Permanentes Ocupados, Lixo enterrado na propriedade, Sexo da pessoa responsável pelo domicílio é feminino"
Dicionário não PCT,V00459,459,Domicílio,Características do Domicílio - Parte 2,"Domicílios Particulares Permanentes Ocupados, Lixo jogado em terreno baldio, encosta ou área pública, Sexo da pessoa responsável pelo domicílio é masculino"
Dicionário não PCT,V00460,460,Domicílio,Características do Domicílio - Parte 2,"Domicílios Particulares Permanentes Ocupados, Lixo jogado em terreno baldio, encosta ou área pública, Sexo da pessoa responsável pelo domicílio é feminino"
Dicionário não PCT,V00461,461,Domicílio,Características do Domicílio - Parte 2,"Domicílios Particulares Permanentes Ocupados, Outro destino do lixo, Sexo da pessoa responsável pelo domicílio é masculino"
Dicionário não PCT,V00462,462,Domicílio,Características do Domicílio - Parte 2,"Domicílios Particulares Permanentes Ocupados, Outro destino do lixo, Sexo da pessoa responsável pelo domicílio é feminino"
Dicionário não PCT,V00463,463,Domicílio,Características do Domicílio - Parte 2,"Domicílios Particulares Permanentes Ocupados, Domicílio possui ligação à rede geral de distribuição de água, mas utiliza principalmente outra forma"
Dicionário não PCT,V00464,464,Domicílio,Características do Domicílio - Parte 2,"Domicílios Particulares Permanentes Ocupados, Domicílio não possui ligação à rede geral de distribuição de água"
Dicionário não PCT,V00465,465,Domicílio,Características do Domicílio - Parte 2,"Domicílios Particulares Permanentes Ocupados, Tipo de espécie é casa, Domicílio possui ligação à rede geral de distribuição de água, mas utiliza principalmente outra forma"
Dicionário não PCT,V00466,466,Domicílio,Características do Domicílio - Parte 2,"Domicílios Particulares Permanentes Ocupados, Tipo de espécie é casa, Domicílio não possui ligação à rede geral de distribuição de água"
Dicionário não PCT,V00467,467,Domicílio,Características do Domicílio - Parte 2,"Domicílios Particulares Permanentes Ocupados, Tipo de espécie é casa de vila ou em condomínio, Domicílio possui ligação à rede geral de distribuição de água, mas utiliza principalmente outra forma"
Dicionário não PCT,V00468,468,Domicílio,Características do Domicílio - Parte 2,"Domicílios Particulares Permanentes Ocupados, Tipo de espécie é casa de vila ou em condomínio, Domicílio não possui ligação à rede geral de distribuição de água"
Dicionário não PCT,V00469,469,Domicílio,Características do Domicílio - Parte 2,"Domicílios Particulares Permanentes Ocupados, Tipo de espécie é apartamento, Domicílio possui ligação à rede geral de distribuição de água, mas utiliza principalmente outra forma"
Dicionário não PCT,V00470,470,Domicílio,Características do Domicílio - Parte 2,"Domicílios Particulares Permanentes Ocupados, Tipo de espécie é apartamento, Domicílio não possui ligação à rede geral de distribuição de água"
Dicionário não PCT,V00471,471,Domicílio,Características do Domicílio - Parte 2,"Domicílios Particulares Permanentes Ocupados, Domicílio possui ligação à rede geral de distribuição de água, mas utiliza principalmente outra forma, Cor ou raça da pessoa responsável pelo domicílio é branca"
Dicionário não PCT,V00472,472,Domicílio,Características do Domicílio - Parte 2,"Domicílios Particulares Permanentes Ocupados, Domicílio possui ligação à rede geral de distribuição de água, mas utiliza principalmente outra forma, Cor ou raça da pessoa responsável pelo domicílio é preta"
Dicionário não PCT,V00473,473,Domicílio,Características do Domicílio - Parte 2,"Domicílios Particulares Permanentes Ocupados, Domicílio possui ligação à rede geral de distribuição de água, mas utiliza principalmente outra forma, Cor ou raça da pessoa responsável pelo domicílio é amarela"
Dicionário não PCT,V00474,474,Domicílio,Características do Domicílio - Parte 2,"Domicílios Particulares Permanentes Ocupados, Domicílio possui ligação à rede geral de distribuição de água, mas utiliza principalmente outra forma, Cor ou raça da pessoa responsável pelo domicílio é parda"
Dicionário não PCT,V00475,475,Domicílio,Características do Domicílio - Parte 2,"Domicílios Particulares Permanentes Ocupados, Domicílio possui ligação à rede geral de distribuição de água, mas utiliza principalmente outra forma, Cor ou raça da pessoa responsável pelo domicílio é indígena"
Dicionário não PCT,V00476,476,Domicílio,Características do Domicílio - Parte 2,"Domicílios Particulares Permanentes Ocupados, Domicílio não possui ligação à rede geral de distribuição de água, Cor ou raça da pessoa responsável pelo domicílio é branca"
Dicionário não PCT,V00477,477,Domicílio,Características do Domicílio - Parte 2,"Domicílios Particulares Permanentes Ocupados, Domicílio não possui ligação à rede geral de distribuição de água, Cor ou raça da pessoa responsável pelo domicílio é preta"
Dicionário não PCT,V00478,478,Domicílio,Características do Domicílio - Parte 2,"Domicílios Particulares Permanentes Ocupados, Domicílio não possui ligação à rede geral de distribuição de água, Cor ou raça da pessoa responsável pelo domicílio é amarela"
Dicionário não PCT,V00479,479,Domicílio,Características do Domicílio - Parte 2,"Domicílios Particulares Permanentes Ocupados, Domicílio não possui ligação à rede geral de distribuição de água, Cor ou raça da pessoa responsável pelo domicílio é parda"
Dicionário não PCT,V00480,480,Domicílio,Características do Domicílio - Parte 2,"Domicílios Particulares Permanentes Ocupados, Domicílio não possui ligação à rede geral de distribuição de água, Cor ou raça da pessoa responsável pelo domicílio é indígena"
Dicionário não PCT,V00481,481,Domicílio,Características do Domicílio - Parte 2,"Domicílios Particulares Permanentes Ocupados, Domicílio possui ligação à rede geral de distribuição de água, mas utiliza principalmente outra forma, Sexo da pessoa responsável pelo domicílio é masculino"
Dicionário não PCT,V00482,482,Domicílio,Características do Domicílio - Parte 2,"Domicílios Particulares Permanentes Ocupados, Domicílio possui ligação à rede geral de distribuição de água, mas utiliza principalmente outra forma, Sexo da pessoa responsável pelo domicílio é feminino"
Dicionário não PCT,V00483,483,Domicílio,Características do Domicílio - Parte 2,"Domicílios Particulares Permanentes Ocupados, Domicílio não possui ligação à rede geral de distribuição de água, Sexo da pessoa responsável pelo domicílio é masculino"
Dicionário não PCT,V00484,484,Domicílio,Características do Domicílio - Parte 2,"Domicílios Particulares Permanentes Ocupados, Domicílio não possui ligação à rede geral de distribuição de água, Sexo da pessoa responsável pelo domicílio é feminino"
Dicionário não PCT,V00485,485,Domicílio,Características do Domicílio - Parte 2,"Domicílios Particulares Permanentes Ocupados, 1 banheiro de uso exclusivo com chuveiro e vaso sanitário existentes no domicílio"
Dicionário não PCT,V00486,486,Domicílio,Características do Domicílio - Parte 2,"Domicílios Particulares Permanentes Ocupados, 2 banheiros de uso exclusivo com chuveiro e vaso sanitário existentes no domicílio"
Dicionário não PCT,V00487,487,Domicílio,Características do Domicílio - Parte 2,"Domicílios Particulares Permanentes Ocupados, 3 banheiros de uso exclusivo com chuveiro e vaso sanitário existentes no domicílio"
Dicionário não PCT,V00488,488,Domicílio,Características do Domicílio - Parte 2,"Domicílios Particulares Permanentes Ocupados, 4 banheiros de uso exclusivo com chuveiro e vaso sanitário existentes no domicílio"
Dicionário não PCT,V00489,489,Domicílio,Características do Domicílio - Parte 2,"Domicílios Particulares Permanentes Ocupados, 5 banheiros de uso exclusivo com chuveiro e vaso sanitário existentes no domicílio"
Dicionário não PCT,V00490,490,Domicílio,Características do Domicílio - Parte 2,"Domicílios Particulares Permanentes Ocupados, 6 banheiros de uso exclusivo com chuveiro e vaso sanitário existentes no domicílio"
Dicionário não PCT,V00491,491,Domicílio,Características do Domicílio - Parte 2,"Domicílios Particulares Permanentes Ocupados, 7 banheiros de uso exclusivo com chuveiro e vaso sanitário existentes no domicílio"
Dicionário não PCT,V00492,492,Domicílio,Características do Domicílio - Parte 2,"Domicílios Particulares Permanentes Ocupados, 8 banheiros de uso exclusivo com chuveiro e vaso sanitário existentes no domicílio"
Dicionário não PCT,V00493,493,Domicílio,Características do Domicílio - Parte 2,"Domicílios Particulares Permanentes Ocupados, 9 ou mais banheiros de uso exclusivo com chuveiro e vaso sanitário existentes no domicílio"
Dicionário não PCT,V00494,494,Domicílio,Características do Domicílio - Parte 2,"Domicílios Particulares Permanentes Ocupados, Com banheiro de uso exclusivo com chuveiro e vaso sanitário"
Dicionário não PCT,V00495,495,Domicílio,Características do Domicílio - Parte 2,"Domicílios Particulares Permanentes Ocupados, Sem banheiro de uso exclusivo com chuveiro e vaso sanitário"
Dicionário não PCT,V00496,496,Domicílio,Características do Domicílio - Parte 3,"Domicílios Particulares Permanentes Ocupados, Tipo de espécie é casa, Quantidade de moradores"
Dicionário não PCT,V00497,497,Domicílio,Características do Domicílio - Parte 3,"Domicílios Particulares Permanentes Ocupados, Tipo de espécie é casa de vila ou em condomínio, Quantidade de moradores"
Dicionário não PCT,V00498,498,Domicílio,Características do Domicílio - Parte 3,"Domicílios Particulares Permanentes Ocupados, Tipo de espécie é apartamento, Quantidade de moradores"
Dicionário não PCT,V00499,499,Domicílio,Características do Domicílio - Parte 3,"Domicílios Particulares Permanentes Ocupados, Tipo de espécie é casa, Quantidade de crianças de zero a nove anos de idade"
Dicionário não PCT,V00500,500,Domicílio,Características do Domicílio - Parte 3,"Domicílios Particulares Permanentes Ocupados, Tipo de espécie é casa de vila ou em condomínio, Quantidade de crianças de zero a nove anos de idade"
Dicionário não PCT,V00501,501,Domicílio,Características do Domicílio - Parte 3,"Domicílios Particulares Permanentes Ocupados, Tipo de espécie é apartamento, Quantidade de crianças de zero a nove anos de idade"
Dicionário não PCT,V00502,502,Domicílio,Características do Domicílio - Parte 3,"Domicílios Particulares Permanentes Ocupados, Tipo de espécie é casa, Pessoas de sexo masculino no domicílio"
Dicionário não PCT,V00503,503,Domicílio,Características do Domicílio - Parte 3,"Domicílios Particulares Permanentes Ocupados, Tipo de espécie é casa de vila ou em condomínio, Pessoas de sexo masculino no domicílio"
Dicionário não PCT,V00504,504,Domicílio,Características do Domicílio - Parte 3,"Domicílios Particulares Permanentes Ocupados, Tipo de espécie é apartamento, Pessoas de sexo masculino no domicílio"
Dicionário não PCT,V00505,505,Domicílio,Características do Domicílio - Parte 3,"Domicílios Particulares Permanentes Ocupados, Tipo de espécie é casa, Pessoas de sexo feminino no domicílio"
Dicionário não PCT,V00506,506,Domicílio,Características do Domicílio - Parte 3,"Domicílios Particulares Permanentes Ocupados, Tipo de espécie é casa de vila ou em condomínio, Pessoas de sexo feminino no domicílio"
Dicionário não PCT,V00507,507,Domicílio,Características do Domicílio - Parte 3,"Domicílios Particulares Permanentes Ocupados, Tipo de espécie é apartamento, Pessoas de sexo feminino no domicílio"
Dicionário não PCT,V00508,508,Domicílio,Características do Domicílio - Parte 3,"Domicílios Particulares Permanentes Ocupados, Utiliza rede geral de distribuição, Quantidade de moradores"
Dicionário não PCT,V00509,509,Domicílio,Características do Domicílio - Parte 3,"Domicílios Particulares Permanentes Ocupados, Utiliza poço profundo ou artesiano, Quantidade de moradores"
Dicionário não PCT,V00510,510,Domicílio,Características do Domicílio - Parte 3,"Domicílios Particulares Permanentes Ocupados, Utiliza poço raso, freático ou cacimba, Quantidade de moradores"
Dicionário não PCT,V00511,511,Domicílio,Características do Domicílio - Parte 3,"Domicílios Particulares Permanentes Ocupados, Utiliza fonte, nascente ou mina, Quantidade de moradores"
Dicionário não PCT,V00512,512,Domicílio,Características do Domicílio - Parte 3,"Domicílios Particulares Permanentes Ocupados, Utiliza carro-pipa, Quantidade de moradores"
Dicionário não PCT,V00513,513,Domicílio,Características do Domicílio - Parte 3,"Domicílios Particulares Permanentes Ocupados, Utiliza água da chuva armazenada, Quantidade de moradores"
Dicionário não PCT,V00514,514,Domicílio,Características do Domicílio - Parte 3,"Domicílios Particulares Permanentes Ocupados, Utiliza rios, açudes, córregos, lagos e igarapés, Quantidade de moradores"
Dicionário não PCT,V00515,515,Domicílio,Características do Domicílio - Parte 3,"Domicílios Particulares Permanentes Ocupados, Utiliza outra forma de abastecimento de água, Quantidade de moradores"
Dicionário não PCT,V00516,516,Domicílio,Características do Domicílio - Parte 3,"Domicílios Particulares Permanentes Ocupados, Utiliza rede geral de distribuição, Quantidade de crianças de zero a nove anos de idade"
Dicionário não PCT,V00517,517,Domicílio,Características do Domicílio - Parte 3,"Domicílios Particulares Permanentes Ocupados, Utiliza poço profundo ou artesiano, Quantidade de crianças de zero a nove anos de idade"
Dicionário não PCT,V00518,518,Domicílio,Características do Domicílio - Parte 3,"Domicílios Particulares Permanentes Ocupados, Utiliza poço raso, freático ou cacimba, Quantidade de crianças de zero a nove anos de idade"
Dicionário não PCT,V00519,519,Domicílio,Características do Domicílio - Parte 3,"Domicílios Particulares Permanentes Ocupados, Utiliza fonte, nascente ou mina, Quantidade de crianças de zero a nove anos de idade"
Dicionário não PCT,V00520,520,Domicílio,Características do Domicílio - Parte 3,"Domicílios Particulares Permanentes Ocupados, Utiliza carro-pipa, Quantidade de crianças de zero a nove anos de idade"
Dicionário não PCT,V00521,521,Domicílio,Características do Domicílio - Parte 3,"Domicílios Particulares Permanentes Ocupados, Utiliza água da chuva armazenada, Quantidade de crianças de zero a nove anos de idade"
Dicionário não PCT,V00522,522,Domicílio,Características do Domicílio - Parte 3,"Domicílios Particulares Permanentes Ocupados, Utiliza rios, açudes, córregos, lagos e igarapés, Quantidade de crianças de zero a nove anos de idade"
Dicionário não PCT,V00523,523,Domicílio,Características do Domicílio - Parte 3,"Domicílios Particulares Permanentes Ocupados, Utiliza outra forma de abastecimento de água, Quantidade de crianças de zero a nove anos de idade"
Dicionário não PCT,V00524,524,Domicílio,Características do Domicílio - Parte 3,"Domicílios Particulares Permanentes Ocupados, Utiliza rede geral de distribuição, Pessoas de sexo masculino no domicílio"
Dicionário não PCT,V00525,525,Domicílio,Características do Domicílio - Parte 3,"Domicílios Particulares Permanentes Ocupados, Utiliza poço profundo ou artesiano, Pessoas de sexo masculino no domicílio"
Dicionário não PCT,V00526,526,Domicílio,Características do Domicílio - Parte 3,"Domicílios Particulares Permanentes Ocupados, Utiliza poço raso, freático ou cacimba, Pessoas de sexo masculino no domicílio"
Dicionário não PCT,V00527,527,Domicílio,Características do Domicílio - Parte 3,"Domicílios Particulares Permanentes Ocupados, Utiliza fonte, nascente ou mina, Pessoas de sexo masculino no domicílio"
Dicionário não PCT,V00528,528,Domicílio,Características do Domicílio - Parte 3,"Domicílios Particulares Permanentes Ocupados, Utiliza carro-pipa, Pessoas de sexo masculino no domicílio"
Dicionário não PCT,V00529,529,Domicílio,Características do Domicílio - Parte 3,"Domicílios Particulares Permanentes Ocupados, Utiliza água da chuva armazenada, Pessoas de sexo masculino no domicílio"
Dicionário não PCT,V00530,530,Domicílio,Características do Domicílio - Parte 3,"Domicílios Particulares Permanentes Ocupados, Utiliza rios, açudes, córregos, lagos e igarapés, Pessoas de sexo masculino no domicílio"
Dicionário não PCT,V00531,531,Domicílio,Características do Domicílio - Parte 3,"Domicílios Particulares Permanentes Ocupados, Utiliza outra forma de abastecimento de água, Pessoas de sexo masculino no domicílio"
Dicionário não PCT,V00532,532,Domicílio,Características do Domicílio - Parte 3,"Domicílios Particulares Permanentes Ocupados, Utiliza rede geral de distribuição, Pessoas de sexo feminino no domicílio"
Dicionário não PCT,V00533,533,Domicílio,Características do Domicílio - Parte 3,"Domicílios Particulares Permanentes Ocupados, Utiliza poço profundo ou artesiano, Pessoas de sexo feminino no domicílio"
Dicionário não PCT,V00534,534,Domicílio,Características do Domicílio - Parte 3,"Domicílios Particulares Permanentes Ocupados, Utiliza poço raso, freático ou cacimba, Pessoas de sexo feminino no domicílio"
Dicionário não PCT,V00535,535,Domicílio,Características do Domicílio - Parte 3,"Domicílios Particulares Permanentes Ocupados, Utiliza fonte, nascente ou mina, Pessoas de sexo feminino no domicílio"
Dicionário não PCT,V00536,536,Domicílio,Características do Domicílio - Parte 3,"Domicílios Particulares Permanentes Ocupados, Utiliza carro-pipa, Pessoas de sexo feminino no domicílio"
Dicionário não PCT,V00537,537,Domicílio,Características do Domicílio - Parte 3,"Domicílios Particulares Permanentes Ocupados, Utiliza água da chuva armazenada, Pessoas de sexo feminino no domicílio"
Dicionário não PCT,V00538,538,Domicílio,Características do Domicílio - Parte 3,"Domicílios Particulares Permanentes Ocupados, Utiliza rios, açudes, córregos, lagos e igarapés, Pessoas de sexo feminino no domicílio"
Dicionário não PCT,V00539,539,Domicílio,Características do Domicílio - Parte 3,"Domicílios Particulares Permanentes Ocupados, Utiliza outra forma de abastecimento de água, Pessoas de sexo feminino no domicílio"
Dicionário não PCT,V00540,540,Domicílio,Características do Domicílio - Parte 3,"Domicílios Particulares Permanentes Ocupados, Água chega encanada até dentro da casa, apartamento ou habitação, Quantidade de moradores"
Dicionário não PCT,V00541,541,Domicílio,Características do Domicílio - Parte 3,"Domicílios Particulares Permanentes Ocupados, Água chega encanada, mas apenas ao terreno, Quantidade de moradores"
Dicionário não PCT,V00542,542,Domicílio,Características do Domicílio - Parte 3,"Domicílios Particulares Permanentes Ocupados, Água não chega encanada ao domicílio, Quantidade de moradores"
Dicionário não PCT,V00543,543,Domicílio,Características do Domicílio - Parte 3,"Domicílios Particulares Permanentes Ocupados, Água chega encanada até dentro da casa, apartamento ou habitação, Quantidade de crianças de zero a nove anos de idade"
Dicionário não PCT,V00544,544,Domicílio,Características do Domicílio - Parte 3,"Domicílios Particulares Permanentes Ocupados, Água chega encanada, mas apenas ao terreno, Quantidade de crianças de zero a nove anos de idade"
Dicionário não PCT,V00545,545,Domicílio,Características do Domicílio - Parte 3,"Domicílios Particulares Permanentes Ocupados, Água não chega encanada ao domicílio, Quantidade de crianças de zero a nove anos de idade"
Dicionário não PCT,V00546,546,Domicílio,Características do Domicílio - Parte 3,"Domicílios Particulares Permanentes Ocupados, Água chega encanada até dentro da casa, apartamento ou habitação, Pessoas de sexo masculino no domicílio"
Dicionário não PCT,V00547,547,Domicílio,Características do Domicílio - Parte 3,"Domicílios Particulares Permanentes Ocupados, Água chega encanada, mas apenas ao terreno, Pessoas de sexo masculino no domicílio"
Dicionário não PCT,V00548,548,Domicílio,Características do Domicílio - Parte 3,"Domicílios Particulares Permanentes Ocupados, Água não chega encanada ao domicílio, Pessoas de sexo masculino no domicílio"
Dicionário não PCT,V00549,549,Domicílio,Características do Domicílio - Parte 3,"Domicílios Particulares Permanentes Ocupados, Água chega encanada até dentro da casa, apartamento ou habitação, Pessoas de sexo feminino no domicílio"
Dicionário não PCT,V00550,550,Domicílio,Características do Domicílio - Parte 3,"Domicílios Particulares Permanentes Ocupados, Água chega encanada, mas apenas ao terreno, Pessoas de sexo feminino no domicílio"
Dicionário não PCT,V00551,551,Domicílio,Características do Domicílio - Parte 3,"Domicílios Particulares Permanentes Ocupados, Água não chega encanada ao domicílio, Pessoas de sexo feminino no domicílio"
Dicionário não PCT,V00552,552,Domicílio,Características do Domicílio - Parte 3,"Domicílios Particulares Permanentes Ocupados, 1 banheiro de uso exclusivo com chuveiro e vaso sanitário existentes no domicílio, Quantidade de moradores"
Dicionário não PCT,V00553,553,Domicílio,Características do Domicílio - Parte 3,"Domicílios Particulares Permanentes Ocupados, 2 banheiros de uso exclusivo com chuveiro e vaso sanitário existentes no domicílio, Quantidade de moradores"
Dicionário não PCT,V00554,554,Domicílio,Características do Domicílio - Parte 3,"Domicílios Particulares Permanentes Ocupados, 3 banheiros de uso exclusivo com chuveiro e vaso sanitário existentes no domicílio, Quantidade de moradores"
Dicionário não PCT,V00555,555,Domicílio,Características do Domicílio - Parte 3,"Domicílios Particulares Permanentes Ocupados, 4 ou mais banheiros de uso exclusivo com chuveiro e vaso sanitário existentes no domicílio, Quantidade de moradores"
Dicionário não PCT,V00556,556,Domicílio,Características do Domicílio - Parte 3,"Domicílios Particulares Permanentes Ocupados, Apenas banheiro de uso comum a mais de um domicílio, Quantidade de moradores"
Dicionário não PCT,V00557,557,Domicílio,Características do Domicílio - Parte 3,"Domicílios Particulares Permanentes Ocupados, Apenas sanitário ou buraco para dejeções, inclusive os localizados no terreno, Quantidade de moradores"
Dicionário não PCT,V00558,558,Domicílio,Características do Domicílio - Parte 3,"Domicílios Particulares Permanentes Ocupados, Não tinham banheiro nem sanitário, Quantidade de moradores"
Dicionário não PCT,V00559,559,Domicílio,Características do Domicílio - Parte 3,"Domicílios Particulares Permanentes Ocupados, 1 banheiro de uso exclusivo com chuveiro e vaso sanitário existentes no domicílio, Quantidade de crianças de zero a nove anos de idade"
Dicionário não PCT,V00560,560,Domicílio,Características do Domicílio - Parte 3,"Domicílios Particulares Permanentes Ocupados, 2 banheiros de uso exclusivo com chuveiro e vaso sanitário existentes no domicílio, Quantidade de crianças de zero a nove anos de idade"
Dicionário não PCT,V00561,561,Domicílio,Características do Domicílio - Parte 3,"Domicílios Particulares Permanentes Ocupados, 3 banheiros de uso exclusivo com chuveiro e vaso sanitário existentes no domicílio, Quantidade de crianças de zero a nove anos de idade"
Dicionário não PCT,V00562,562,Domicílio,Características do Domicílio - Parte 3,"Domicílios Particulares Permanentes Ocupados, 4 ou mais banheiros de uso exclusivo com chuveiro e vaso sanitário existentes no domicílio, Quantidade de crianças de zero a nove anos de idade"
Dicionário não PCT,V00563,563,Domicílio,Características do Domicílio - Parte 3,"Domicílios Particulares Permanentes Ocupados, Apenas banheiro de uso comum a mais de um domicílio, Quantidade de crianças de zero a nove anos de idade"
Dicionário não PCT,V00564,564,Domicílio,Características do Domicílio - Parte 3,"Domicílios Particulares Permanentes Ocupados, Apenas sanitário ou buraco para dejeções, inclusive os localizados no terreno, Quantidade de crianças de zero a nove anos de idade"
Dicionário não PCT,V00565,565,Domicílio,Características do Domicílio - Parte 3,"Domicílios Particulares Permanentes Ocupados, Não tinham banheiro nem sanitário, Quantidade de crianças de zero a nove anos de idade"
Dicionário não PCT,V00566,566,Domicílio,Características do Domicílio - Parte 3,"Domicílios Particulares Permanentes Ocupados, 1 banheiro de uso exclusivo com chuveiro e vaso sanitário existentes no domicílio, Pessoas de sexo masculino no domicílio"
Dicionário não PCT,V00567,567,Domicílio,Características do Domicílio - Parte 3,"Domicílios Particulares Permanentes Ocupados, 2 banheiros de uso exclusivo com chuveiro e vaso sanitário existentes no domicílio, Pessoas de sexo masculino no domicílio"
Dicionário não PCT,V00568,568,Domicílio,Características do Domicílio - Parte 3,"Domicílios Particulares Permanentes Ocupados, 3 banheiros de uso exclusivo com chuveiro e vaso sanitário existentes no domicílio, Pessoas de sexo masculino no domicílio"
Dicionário não PCT,V00569,569,Domicílio,Características do Domicílio - Parte 3,"Domicílios Particulares Permanentes Ocupados, 4 ou mais banheiros de uso exclusivo com chuveiro e vaso sanitário existentes no domicílio, Pessoas de sexo masculino no domicílio"
Dicionário não PCT,V00570,570,Domicílio,Características do Domicílio - Parte 3,"Domicílios Particulares Permanentes Ocupados, Apenas banheiro de uso comum a mais de um domicílio, Pessoas de sexo masculino no domicílio"
Dicionário não PCT,V00571,571,Domicílio,Características do Domicílio - Parte 3,"Domicílios Particulares Permanentes Ocupados, Apenas sanitário ou buraco para dejeções, inclusive os localizados no terreno, Pessoas de sexo masculino no domicílio"
Dicionário não PCT,V00572,572,Domicílio,Características do Domicílio - Parte 3,"Domicílios Particulares Permanentes Ocupados, Não tinham banheiro nem sanitário, Pessoas de sexo masculino no domicílio"
Dicionário não PCT,V00573,573,Domicílio,Características do Domicílio - Parte 3,"Domicílios Particulares Permanentes Ocupados, 1 banheiro de uso exclusivo com chuveiro e vaso sanitário existentes no domicílio, Pessoas de sexo feminino no domicílio"
Dicionário não PCT,V00574,574,Domicílio,Características do Domicílio - Parte 3,"Domicílios Particulares Permanentes Ocupados, 2 banheiros de uso exclusivo com chuveiro e vaso sanitário existentes no domicílio, Pessoas de sexo feminino no domicílio"
Dicionário não PCT,V00575,575,Domicílio,Características do Domicílio - Parte 3,"Domicílios Particulares Permanentes Ocupados, 3 banheiros de uso exclusivo com chuveiro e vaso sanitário existentes no domicílio, Pessoas de sexo feminino no domicílio"
Dicionário não PCT,V00576,576,Domicílio,Características do Domicílio - Parte 3,"Domicílios Particulares Permanentes Ocupados, 4 ou mais banheiros de uso exclusivo com chuveiro e vaso sanitário existentes no domicílio, Pessoas de sexo feminino no domicílio"
Dicionário não PCT,V00577,577,Domicílio,Características do Domicílio - Parte 3,"Domicílios Particulares Permanentes Ocupados, Apenas banheiro de uso comum a mais de um domicílio, Pessoas de sexo feminino no domicílio"
Dicionário não PCT,V00578,578,Domicílio,Características do Domicílio - Parte 3,"Domicílios Particulares Permanentes Ocupados, Apenas sanitário ou buraco para dejeções, inclusive os localizados no terreno, Pessoas de sexo feminino no domicílio"
Dicionário não PCT,V00579,579,Domicílio,Características do Domicílio - Parte 3,"Domicílios Particulares Permanentes Ocupados, Não tinham banheiro nem sanitário, Pessoas de sexo feminino no domicílio"
Dicionário não PCT,V00580,580,Domicílio,Características do Domicílio - Parte 3,"Domicílios Particulares Permanentes Ocupados, Destinação do esgoto do banheiro ou sanitário ou buraco para dejeções é rede geral ou pluvial, Quantidade de moradores"
Dicionário não PCT,V00581,581,Domicílio,Características do Domicílio - Parte 3,"Domicílios Particulares Permanentes Ocupados, Destinação do esgoto do banheiro ou sanitário ou buraco para dejeções é fossa séptica ou fossa filtro ligada à rede, Quantidade de moradores"
Dicionário não PCT,V00582,582,Domicílio,Características do Domicílio - Parte 3,"Domicílios Particulares Permanentes Ocupados, Destinação do esgoto do banheiro ou sanitário ou buraco para dejeções é fossa séptica ou fossa filtro não ligada à rede, Quantidade de moradores"
Dicionário não PCT,V00583,583,Domicílio,Características do Domicílio - Parte 3,"Domicílios Particulares Permanentes Ocupados, Destinação do esgoto do banheiro ou sanitário ou buraco para dejeções é fossa rudimentar ou buraco, Quantidade de moradores"
Dicionário não PCT,V00584,584,Domicílio,Características do Domicílio - Parte 3,"Domicílios Particulares Permanentes Ocupados, Destinação do esgoto do banheiro ou sanitário ou buraco para dejeções é vala, Quantidade de moradores"
Dicionário não PCT,V00585,585,Domicílio,Características do Domicílio - Parte 3,"Domicílios Particulares Permanentes Ocupados, Destinação do esgoto do banheiro ou sanitário ou buraco para dejeções é rio, lago, córrego ou mar, Quantidade de moradores"
Dicionário não PCT,V00586,586,Domicílio,Características do Domicílio - Parte 3,"Domicílios Particulares Permanentes Ocupados, Destinação do esgoto do banheiro ou sanitário ou buraco para dejeções é outra forma, Quantidade de moradores"
Dicionário não PCT,V00587,587,Domicílio,Características do Domicílio - Parte 3,"Domicílios Particulares Permanentes Ocupados, Destinação do esgoto inexistente, pois não tinham banheiro nem sanitário, Quantidade de moradores"
Dicionário não PCT,V00588,588,Domicílio,Características do Domicílio - Parte 3,"Domicílios Particulares Permanentes Ocupados, Destinação do esgoto do banheiro ou sanitário ou buraco para dejeções é rede geral ou pluvial, Quantidade de crianças de zero a nove anos de idade"
Dicionário não PCT,V00589,589,Domicílio,Características do Domicílio - Parte 3,"Domicílios Particulares Permanentes Ocupados, Destinação do esgoto do banheiro ou sanitário ou buraco para dejeções é fossa séptica ou fossa filtro ligada à rede, Quantidade de crianças de zero a nove anos de idade"
Dicionário não PCT,V00590,590,Domicílio,Características do Domicílio - Parte 3,"Domicílios Particulares Permanentes Ocupados, Destinação do esgoto do banheiro ou sanitário ou buraco para dejeções é fossa séptica ou fossa filtro não ligada à rede, Quantidade de crianças de zero a nove anos de idade"
Dicionário não PCT,V00591,591,Domicílio,Características do Domicílio - Parte 3,"Domicílios Particulares Permanentes Ocupados, Destinação do esgoto do banheiro ou sanitário ou buraco para dejeções é fossa rudimentar ou buraco, Quantidade de crianças de zero a nove anos de idade"
Dicionário não PCT,V00592,592,Domicílio,Características do Domicílio - Parte 3,"Domicílios Particulares Permanentes Ocupados, Destinação do esgoto do banheiro ou sanitário ou buraco para dejeções é vala, Quantidade de crianças de zero a nove anos de idade"
Dicionário não PCT,V00593,593,Domicílio,Características do Domicílio - Parte 3,"Domicílios Particulares Permanentes Ocupados, Destinação do esgoto do banheiro ou sanitário ou buraco para dejeções é rio, lago, córrego ou mar, Quantidade de crianças de zero a nove anos de idade"
Dicionário não PCT,V00594,594,Domicílio,Características do Domicílio - Parte 3,"Domicílios Particulares Permanentes Ocupados, Destinação do esgoto do banheiro ou sanitário ou buraco para dejeções é outra forma, Quantidade de crianças de zero a nove anos de idade"
Dicionário não PCT,V00595,595,Domicílio,Características do Domicílio - Parte 3,"Domicílios Particulares Permanentes Ocupados, Destinação do esgoto inexistente, pois não tinham banheiro nem sanitário, Quantidade de crianças de zero a nove anos de idade"
Dicionário não PCT,V00596,596,Domicílio,Características do Domicílio - Parte 3,"Domicílios Particulares Permanentes Ocupados, Destinação do esgoto do banheiro ou sanitário ou buraco para dejeções é rede geral ou pluvial, Pessoas de sexo masculino no domicílio"
Dicionário não PCT,V00597,597,Domicílio,Características do Domicílio - Parte 3,"Domicílios Particulares Permanentes Ocupados, Destinação do esgoto do banheiro ou sanitário ou buraco para dejeções é fossa séptica ou fossa filtro ligada à rede, Pessoas de sexo masculino no domicílio"
Dicionário não PCT,V00598,598,Domicílio,Características do Domicílio - Parte 3,"Domicílios Particulares Permanentes Ocupados, Destinação do esgoto do banheiro ou sanitário ou buraco para dejeções é fossa séptica ou fossa filtro não ligada à rede, Pessoas de sexo masculino no domicílio"
Dicionário não PCT,V00599,599,Domicílio,Características do Domicílio - Parte 3,"Domicílios Particulares Permanentes Ocupados, Destinação do esgoto do banheiro ou sanitário ou buraco para dejeções é fossa rudimentar ou buraco, Pessoas de sexo masculino no domicílio"
Dicionário não PCT,V00600,600,Domicílio,Características do Domicílio - Parte 3,"Domicílios Particulares Permanentes Ocupados, Destinação do esgoto do banheiro ou sanitário ou buraco para dejeções é vala, Pessoas de sexo masculino no domicílio"
Dicionário não PCT,V00601,601,Domicílio,Características do Domicílio - Parte 3,"Domicílios Particulares Permanentes Ocupados, Destinação do esgoto do banheiro ou sanitário ou buraco para dejeções é rio, lago, córrego ou mar, Pessoas de sexo masculino no domicílio"
Dicionário não PCT,V00602,602,Domicílio,Características do Domicílio - Parte 3,"Domicílios Particulares Permanentes Ocupados, Destinação do esgoto do banheiro ou sanitário ou buraco para dejeções é outra forma, Pessoas de sexo masculino no domicílio"
Dicionário não PCT,V00603,603,Domicílio,Características do Domicílio - Parte 3,"Domicílios Particulares Permanentes Ocupados, Destinação do esgoto inexistente, pois não tinham banheiro nem sanitário, Pessoas de sexo masculino no domicílio"
Dicionário não PCT,V00604,604,Domicílio,Características do Domicílio - Parte 3,"Domicílios Particulares Permanentes Ocupados, Destinação do esgoto do banheiro ou sanitário ou buraco para dejeções é rede geral ou pluvial, Pessoas de sexo feminino no domicílio"
Dicionário não PCT,V00605,605,Domicílio,Características do Domicílio - Parte 3,"Domicílios Particulares Permanentes Ocupados, Destinação do esgoto do banheiro ou sanitário ou buraco para dejeções é fossa séptica ou fossa filtro ligada à rede, Pessoas de sexo feminino no domicílio"
Dicionário não PCT,V00606,606,Domicílio,Características do Domicílio - Parte 3,"Domicílios Particulares Permanentes Ocupados, Destinação do esgoto do banheiro ou sanitário ou buraco para dejeções é fossa séptica ou fossa filtro não ligada à rede, Pessoas de sexo feminino no domicílio"
Dicionário não PCT,V00607,607,Domicílio,Características do Domicílio - Parte 3,"Domicílios Particulares Permanentes Ocupados, Destinação do esgoto do banheiro ou sanitário ou buraco para dejeções é fossa rudimentar ou buraco, Pessoas de sexo feminino no domicílio"
Dicionário não PCT,V00608,608,Domicílio,Características do Domicílio - Parte 3,"Domicílios Particulares Permanentes Ocupados, Destinação do esgoto do banheiro ou sanitário ou buraco para dejeções é vala, Pessoas de sexo feminino no domicílio"
Dicionário não PCT,V00609,609,Domicílio,Características do Domicílio - Parte 3,"Domicílios Particulares Permanentes Ocupados, Destinação do esgoto do banheiro ou sanitário ou buraco para dejeções é rio, lago, córrego ou mar, Pessoas de sexo feminino no domicílio"
Dicionário não PCT,V00610,610,Domicílio,Características do Domicílio - Parte 3,"Domicílios Particulares Permanentes Ocupados, Destinação do esgoto do banheiro ou sanitário ou buraco para dejeções é outra forma, Pessoas de sexo feminino no domicílio"
Dicionário não PCT,V00611,611,Domicílio,Características do Domicílio - Parte 3,"Domicílios Particulares Permanentes Ocupados, Destinação do esgoto inexistente, pois não tinham banheiro nem sanitário, Pessoas de sexo feminino no domicílio"
Dicionário não PCT,V00612,612,Domicílio,Características do Domicílio - Parte 3,"Domicílios Particulares Permanentes Ocupados, Lixo coletado no domicílio por serviço de limpeza, Quantidade de moradores"
Dicionário não PCT,V00613,613,Domicílio,Características do Domicílio - Parte 3,"Domicílios Particulares Permanentes Ocupados, Lixo depositado em caçamba de serviço de limpeza, Quantidade de moradores"
Dicionário não PCT,V00614,614,Domicílio,Características do Domicílio - Parte 3,"Domicílios Particulares Permanentes Ocupados, Lixo queimado na propriedade, Quantidade de moradores"
Dicionário não PCT,V00615,615,Domicílio,Características do Domicílio - Parte 3,"Domicílios Particulares Permanentes Ocupados, Lixo enterrado na propriedade, Quantidade de moradores"
Dicionário não PCT,V00616,616,Domicílio,Características do Domicílio - Parte 3,"Domicílios Particulares Permanentes Ocupados, Lixo jogado em terreno baldio, encosta ou área pública, Quantidade de moradores"
Dicionário não PCT,V00617,617,Domicílio,Características do Domicílio - Parte 3,"Domicílios Particulares Permanentes Ocupados, Outro destino do lixo, Quantidade de moradores"
Dicionário não PCT,V00618,618,Domicílio,Características do Domicílio - Parte 3,"Domicílios Particulares Permanentes Ocupados, Lixo coletado no domicílio por serviço de limpeza, Quantidade de crianças de zero a nove anos de idade"
Dicionário não PCT,V00619,619,Domicílio,Características do Domicílio - Parte 3,"Domicílios Particulares Permanentes Ocupados, Lixo depositado em caçamba de serviço de limpeza, Quantidade de crianças de zero a nove anos de idade"
Dicionário não PCT,V00620,620,Domicílio,Características do Domicílio - Parte 3,"Domicílios Particulares Permanentes Ocupados, Lixo queimado na propriedade, Quantidade de crianças de zero a nove anos de idade"
Dicionário não PCT,V00621,621,Domicílio,Características do Domicílio - Parte 3,"Domicílios Particulares Permanentes Ocupados, Lixo enterrado na propriedade, Quantidade de crianças de zero a nove anos de idade"
Dicionário não PCT,V00622,622,Domicílio,Características do Domicílio - Parte 3,"Domicílios Particulares Permanentes Ocupados, Lixo jogado em terreno baldio, encosta ou área pública, Quantidade de crianças de zero a nove anos de idade"
Dicionário não PCT,V00623,623,Domicílio,Características do Domicílio - Parte 3,"Domicílios Particulares Permanentes Ocupados, Outro destino do lixo, Quantidade de crianças de zero a nove anos de idade"
Dicionário não PCT,V00624,624,Domicílio,Características do Domicílio - Parte 3,"Domicílios Particulares Permanentes Ocupados, Lixo coletado no domicílio por serviço de limpeza, Pessoas de sexo masculino no domicílio"
Dicionário não PCT,V00625,625,Domicílio,Características do Domicílio - Parte 3,"Domicílios Particulares Permanentes Ocupados, Lixo depositado em caçamba de serviço de limpeza, Pessoas de sexo masculino no domicílio"
Dicionário não PCT,V00626,626,Domicílio,Características do Domicílio - Parte 3,"Domicílios Particulares Permanentes Ocupados, Lixo queimado na propriedade, Pessoas de sexo masculino no domicílio"
Dicionário não PCT,V00627,627,Domicílio,Características do Domicílio - Parte 3,"Domicílios Particulares Permanentes Ocupados, Lixo enterrado na propriedade, Pessoas de sexo masculino no domicílio"
Dicionário não PCT,V00628,628,Domicílio,Características do Domicílio - Parte 3,"Domicílios Particulares Permanentes Ocupados, Lixo jogado em terreno baldio, encosta ou área pública, Pessoas de sexo masculino no domicílio"
Dicionário não PCT,V00629,629,Domicílio,Características do Domicílio - Parte 3,"Domicílios Particulares Permanentes Ocupados, Outro destino do lixo, Pessoas de sexo masculino no domicílio"
Dicionário não PCT,V00630,630,Domicílio,Características do Domicílio - Parte 3,"Domicílios Particulares Permanentes Ocupados, Lixo coletado no domicílio por serviço de limpeza, Pessoas de sexo feminino no domicílio"
Dicionário não PCT,V00631,631,Domicílio,Características do Domicílio - Parte 3,"Domicílios Particulares Permanentes Ocupados, Lixo depositado em caçamba de serviço de limpeza, Pessoas de sexo feminino no domicílio"
Dicionário não PCT,V00632,632,Domicílio,Características do Domicílio - Parte 3,"Domicílios Particulares Permanentes Ocupados, Lixo queimado na propriedade, Pessoas de sexo feminino no domicílio"
Dicionário não PCT,V00633,633,Domicílio,Características do Domicílio - Parte 3,"Domicílios Particulares Permanentes Ocupados, Lixo enterrado na propriedade, Pessoas de sexo feminino no domicílio"
Dicionário não PCT,V00634,634,Domicílio,Características do Domicílio - Parte 3,"Domicílios Particulares Permanentes Ocupados, Lixo jogado em terreno baldio, encosta ou área pública, Pessoas de sexo feminino no domicílio"
Dicionário não PCT,V00635,635,Domicílio,Características do Domicílio - Parte 3,"Domicílios Particulares Permanentes Ocupados, Outro destino do lixo, Pessoas de sexo feminino no domicílio"
Dicionário não PCT,V00636,636,Domicílio,Características do Domicílio - Parte 3,"Domicílios Particulares Permanentes Ocupados, Domicílio possui ligação à rede geral de distribuição de água, mas utiliza principalmente outra forma, Quantidade de moradores"
Dicionário não PCT,V00637,637,Domicílio,Características do Domicílio - Parte 3,"Domicílios Particulares Permanentes Ocupados, Domicílio não possui ligação à rede geral de distribuição de água, Quantidade de moradores"
Dicionário não PCT,V00638,638,Domicílio,Características do Domicílio - Parte 3,"Domicílios Particulares Permanentes Ocupados, Domicílio possui ligação à rede geral de distribuição de água, mas utiliza principalmente outra forma, Quantidade de crianças de zero a nove anos de idade"
Dicionário não PCT,V00639,639,Domicílio,Características do Domicílio - Parte 3,"Domicílios Particulares Permanentes Ocupados, Domicílio não possui ligação à rede geral de distribuição de água, Quantidade de crianças de zero a nove anos de idade"
Dicionário não PCT,V00640,640,Domicílio,Características do Domicílio - Parte 3,"Domicílios Particulares Permanentes Ocupados, Domicílio possui ligação à rede geral de distribuição de água, mas utiliza principalmente outra forma, Pessoas de sexo masculino no domicílio"
Dicionário não PCT,V00641,641,Domicílio,Características do Domicílio - Parte 3,"Domicílios Particulares Permanentes Ocupados, Domicílio não possui ligação à rede geral de distribuição de água, Pessoas de sexo masculino no domicílio"
Dicionário não PCT,V00642,642,Domicílio,Características do Domicílio - Parte 3,"Domicílios Particulares Permanentes Ocupados, Domicílio possui ligação à rede geral de distribuição de água, mas utiliza principalmente outra forma, Pessoas de sexo feminino no domicílio"
Dicionário não PCT,V00643,643,Domicílio,Características do Domicílio - Parte 3,"Domicílios Particulares Permanentes Ocupados, Domicílio não possui ligação à rede geral de distribuição de água, Pessoas de sexo feminino no domicílio"
Dicionário não PCT,V00644,644,Pessoas,Alfabetização,15 a 19 anos
Dicionário não PCT,V00645,645,Pessoas,Alfabetização,20 a 24 anos
Dicionário não PCT,V00646,646,Pessoas,Alfabetização,25 a 29 anos
Dicionário não PCT,V00647,647,Pessoas,Alfabetização,30 a 34 anos
Dicionário não PCT,V00648,648,Pessoas,Alfabetização,35 a 39 anos
Dicionário não PCT,V00649,649,Pessoas,Alfabetização,40 a 44 anos
Dicionário não PCT,V00650,650,Pessoas,Alfabetização,45 a 49 anos
Dicionário não PCT,V00651,651,Pessoas,Alfabetização,50 a 54 anos
Dicionário não PCT,V00652,652,Pessoas,Alfabetização,55 a 59 anos
Dicionário não PCT,V00653,653,Pessoas,Alfabetização,60 a 64 anos
Dicionário não PCT,V00654,654,Pessoas,Alfabetização,65 a 69 anos
Dicionário não PCT,V00655,655,Pessoas,Alfabetização,70 a 79 anos
Dicionário não PCT,V00656,656,Pessoas,Alfabetização,80 anos ou mais
Dicionário não PCT,V00657,657,Pessoas,Alfabetização,"15 a 19 anos, Cor ou raça é branca"
Dicionário não PCT,V00658,658,Pessoas,Alfabetização,"15 a 19 anos, Cor ou raça é preta"
Dicionário não PCT,V00659,659,Pessoas,Alfabetização,"15 a 19 anos, Cor ou raça é amarela"
Dicionário não PCT,V00660,660,Pessoas,Alfabetização,"15 a 19 anos, Cor ou raça é parda"
Dicionário não PCT,V00661,661,Pessoas,Alfabetização,"15 a 19 anos, Cor ou raça é indígena"
Dicionário não PCT,V00662,662,Pessoas,Alfabetização,"20 a 24 anos, Cor ou raça é branca"
Dicionário não PCT,V00663,663,Pessoas,Alfabetização,"20 a 24 anos, Cor ou raça é preta"
Dicionário não PCT,V00664,664,Pessoas,Alfabetização,"20 a 24 anos, Cor ou raça é amarela"
Dicionário não PCT,V00665,665,Pessoas,Alfabetização,"20 a 24 anos, Cor ou raça é parda"
Dicionário não PCT,V00666,666,Pessoas,Alfabetização,"20 a 24 anos, Cor ou raça é indígena"
Dicionário não PCT,V00667,667,Pessoas,Alfabetização,"25 a 29 anos, Cor ou raça é branca"
Dicionário não PCT,V00668,668,Pessoas,Alfabetização,"25 a 29 anos, Cor ou raça é preta"
Dicionário não PCT,V00669,669,Pessoas,Alfabetização,"25 a 29 anos, Cor ou raça é amarela"
Dicionário não PCT,V00670,670,Pessoas,Alfabetização,"25 a 29 anos, Cor ou raça é parda"
Dicionário não PCT,V00671,671,Pessoas,Alfabetização,"25 a 29 anos, Cor ou raça é indígena"
Dicionário não PCT,V00672,672,Pessoas,Alfabetização,"30 a 34 anos, Cor ou raça é branca"
Dicionário não PCT,V00673,673,Pessoas,Alfabetização,"30 a 34 anos, Cor ou raça é preta"
Dicionário não PCT,V00674,674,Pessoas,Alfabetização,"30 a 34 anos, Cor ou raça é amarela"
Dicionário não PCT,V00675,675,Pessoas,Alfabetização,"30 a 34 anos, Cor ou raça é parda"
Dicionário não PCT,V00676,676,Pessoas,Alfabetização,"30 a 34 anos, Cor ou raça é indígena"
Dicionário não PCT,V00677,677,Pessoas,Alfabetização,"35 a 39 anos, Cor ou raça é branca"
Dicionário não PCT,V00678,678,Pessoas,Alfabetização,"35 a 39 anos, Cor ou raça é preta"
Dicionário não PCT,V00679,679,Pessoas,Alfabetização,"35 a 39 anos, Cor ou raça é amarela"
Dicionário não PCT,V00680,680,Pessoas,Alfabetização,"35 a 39 anos, Cor ou raça é parda"
Dicionário não PCT,V00681,681,Pessoas,Alfabetização,"35 a 39 anos, Cor ou raça é indígena"
Dicionário não PCT,V00682,682,Pessoas,Alfabetização,"40 a 44 anos, Cor ou raça é branca"
Dicionário não PCT,V00683,683,Pessoas,Alfabetização,"40 a 44 anos, Cor ou raça é preta"
Dicionário não PCT,V00684,684,Pessoas,Alfabetização,"40 a 44 anos, Cor ou raça é amarela"
Dicionário não PCT,V00685,685,Pessoas,Alfabetização,"40 a 44 anos, Cor ou raça é parda"
Dicionário não PCT,V00686,686,Pessoas,Alfabetização,"40 a 44 anos, Cor ou raça é indígena"
Dicionário não PCT,V00687,687,Pessoas,Alfabetização,"45 a 49 anos, Cor ou raça é branca"
Dicionário não PCT,V00688,688,Pessoas,Alfabetização,"45 a 49 anos, Cor ou raça é preta"
Dicionário não PCT,V00689,689,Pessoas,Alfabetização,"45 a 49 anos, Cor ou raça é amarela"
Dicionário não PCT,V00690,690,Pessoas,Alfabetização,"45 a 49 anos, Cor ou raça é parda"
Dicionário não PCT,V00691,691,Pessoas,Alfabetização,"45 a 49 anos, Cor ou raça é indígena"
Dicionário não PCT,V00692,692,Pessoas,Alfabetização,"50 a 54 anos, Cor ou raça é branca"
Dicionário não PCT,V00693,693,Pessoas,Alfabetização,"50 a 54 anos, Cor ou raça é preta"
Dicionário não PCT,V00694,694,Pessoas,Alfabetização,"50 a 54 anos, Cor ou raça é amarela"
Dicionário não PCT,V00695,695,Pessoas,Alfabetização,"50 a 54 anos, Cor ou raça é parda"
Dicionário não PCT,V00696,696,Pessoas,Alfabetização,"50 a 54 anos, Cor ou raça é indígena"
Dicionário não PCT,V00697,697,Pessoas,Alfabetização,"55 a 59 anos, Cor ou raça é branca"
Dicionário não PCT,V00698,698,Pessoas,Alfabetização,"55 a 59 anos, Cor ou raça é preta"
Dicionário não PCT,V00699,699,Pessoas,Alfabetização,"55 a 59 anos, Cor ou raça é amarela"
Dicionário não PCT,V00700,700,Pessoas,Alfabetização,"55 a 59 anos, Cor ou raça é parda"
Dicionário não PCT,V00701,701,Pessoas,Alfabetização,"55 a 59 anos, Cor ou raça é indígena"
Dicionário não PCT,V00702,702,Pessoas,Alfabetização,"60 a 64 anos, Cor ou raça é branca"
Dicionário não PCT,V00703,703,Pessoas,Alfabetização,"60 a 64 anos, Cor ou raça é preta"
Dicionário não PCT,V00704,704,Pessoas,Alfabetização,"60 a 64 anos, Cor ou raça é amarela"
Dicionário não PCT,V00705,705,Pessoas,Alfabetização,"60 a 64 anos, Cor ou raça é parda"
Dicionário não PCT,V00706,706,Pessoas,Alfabetização,"60 a 64 anos, Cor ou raça é indígena"
Dicionário não PCT,V00707,707,Pessoas,Alfabetização,"65 a 69 anos, Cor ou raça é branca"
Dicionário não PCT,V00708,708,Pessoas,Alfabetização,"65 a 69 anos, Cor ou raça é preta"
Dicionário não PCT,V00709,709,Pessoas,Alfabetização,"65 a 69 anos, Cor ou raça é amarela"
Dicionário não PCT,V00710,710,Pessoas,Alfabetização,"65 a 69 anos, Cor ou raça é parda"
Dicionário não PCT,V00711,711,Pessoas,Alfabetização,"65 a 69 anos, Cor ou raça é indígena"
Dicionário não PCT,V00712,712,Pessoas,Alfabetização,"70 a 79 anos, Cor ou raça é branca"
Dicionário não PCT,V00713,713,Pessoas,Alfabetização,"70 a 79 anos, Cor ou raça é preta"
Dicionário não PCT,V00714,714,Pessoas,Alfabetização,"70 a 79 anos, Cor ou raça é amarela"
Dicionário não PCT,V00715,715,Pessoas,Alfabetização,"70 a 79 anos, Cor ou raça é parda"
Dicionário não PCT,V00716,716,Pessoas,Alfabetização,"70 a 79 anos, Cor ou raça é indígena"
Dicionário não PCT,V00717,717,Pessoas,Alfabetização,"80 anos ou mais, Cor ou raça é branca"
Dicionário não PCT,V00718,718,Pessoas,Alfabetização,"80 anos ou mais, Cor ou raça é preta"
Dicionário não PCT,V00719,719,Pessoas,Alfabetização,"80 anos ou mais, Cor ou raça é amarela"
Dicionário não PCT,V00720,720,Pessoas,Alfabetização,"80 anos ou mais, Cor ou raça é parda"
Dicionário não PCT,V00721,721,Pessoas,Alfabetização,"80 anos ou mais, Cor ou raça é indígena"
Dicionário não PCT,V00722,722,Pessoas,Alfabetização,"Sexo masculino, 15 a 19 anos"
Dicionário não PCT,V00723,723,Pessoas,Alfabetização,"Sexo masculino, 20 a 24 anos"
Dicionário não PCT,V00724,724,Pessoas,Alfabetização,"Sexo masculino, 25 a 29 anos"
Dicionário não PCT,V00725,725,Pessoas,Alfabetização,"Sexo masculino, 30 a 34 anos"
Dicionário não PCT,V00726,726,Pessoas,Alfabetização,"Sexo masculino, 35 a 39 anos"
Dicionário não PCT,V00727,727,Pessoas,Alfabetização,"Sexo masculino, 40 a 44 anos"
Dicionário não PCT,V00728,728,Pessoas,Alfabetização,"Sexo masculino, 45 a 49 anos"
Dicionário não PCT,V00729,729,Pessoas,Alfabetização,"Sexo masculino, 50 a 54 anos"
Dicionário não PCT,V00730,730,Pessoas,Alfabetização,"Sexo masculino, 55 a 59 anos"
Dicionário não PCT,V00731,731,Pessoas,Alfabetização,"Sexo masculino, 60 a 64 anos"
Dicionário não PCT,V00732,732,Pessoas,Alfabetização,"Sexo masculino, 65 a 69 anos"
Dicionário não PCT,V00733,733,Pessoas,Alfabetização,"Sexo masculino, 70 a 79 anos"
Dicionário não PCT,V00734,734,Pessoas,Alfabetização,"Sexo masculino, 80 anos ou mais"
Dicionário não PCT,V00735,735,Pessoas,Alfabetização,"Sexo feminino, 15 a 19 anos"
Dicionário não PCT,V00736,736,Pessoas,Alfabetização,"Sexo feminino, 20 a 24 anos"
Dicionário não PCT,V00737,737,Pessoas,Alfabetização,"Sexo feminino, 25 a 29 anos"
Dicionário não PCT,V00738,738,Pessoas,Alfabetização,"Sexo feminino, 30 a 34 anos"
Dicionário não PCT,V00739,739,Pessoas,Alfabetização,"Sexo feminino, 35 a 39 anos"
Dicionário não PCT,V00740,740,Pessoas,Alfabetização,"Sexo feminino, 40 a 44 anos"
Dicionário não PCT,V00741,741,Pessoas,Alfabetização,"Sexo feminino, 45 a 49 anos"
Dicionário não PCT,V00742,742,Pessoas,Alfabetização,"Sexo feminino, 50 a 54 anos"
Dicionário não PCT,V00743,743,Pessoas,Alfabetização,"Sexo feminino, 55 a 59 anos"
Dicionário não PCT,V00744,744,Pessoas,Alfabetização,"Sexo feminino, 60 a 64 anos"
Dicionário não PCT,V00745,745,Pessoas,Alfabetização,"Sexo feminino, 65 a 69 anos"
Dicionário não PCT,V00746,746,Pessoas,Alfabetização,"Sexo feminino, 70 a 79 anos"
Dicionário não PCT,V00747,747,Pessoas,Alfabetização,"Sexo feminino, 80 anos ou mais"
Dicionário não PCT,V00748,748,Pessoas,Alfabetização,"Pessoas alfabetizadas, 15 a 19 anos"
Dicionário não PCT,V00749,749,Pessoas,Alfabetização,"Pessoas alfabetizadas, 20 a 24 anos"
Dicionário não PCT,V00750,750,Pessoas,Alfabetização,"Pessoas alfabetizadas, 25 a 29 anos"
Dicionário não PCT,V00751,751,Pessoas,Alfabetização,"Pessoas alfabetizadas, 30 a 34 anos"
Dicionário não PCT,V00752,752,Pessoas,Alfabetização,"Pessoas alfabetizadas, 35 a 39 anos"
Dicionário não PCT,V00753,753,Pessoas,Alfabetização,"Pessoas alfabetizadas, 40 a 44 anos"
Dicionário não PCT,V00754,754,Pessoas,Alfabetização,"Pessoas alfabetizadas, 45 a 49 anos"
Dicionário não PCT,V00755,755,Pessoas,Alfabetização,"Pessoas alfabetizadas, 50 a 54 anos"
Dicionário não PCT,V00756,756,Pessoas,Alfabetização,"Pessoas alfabetizadas, 55 a 59 anos"
Dicionário não PCT,V00757,757,Pessoas,Alfabetização,"Pessoas alfabetizadas, 60 a 64 anos"
Dicionário não PCT,V00758,758,Pessoas,Alfabetização,"Pessoas alfabetizadas, 65 a 69 anos"
Dicionário não PCT,V00759,759,Pessoas,Alfabetização,"Pessoas alfabetizadas, 70 a 79 anos"
Dicionário não PCT,V00760,760,Pessoas,Alfabetização,"Pessoas alfabetizadas, 80 anos ou mais"
Dicionário não PCT,V00761,761,Pessoas,Alfabetização,"Pessoas alfabetizadas, 15 a 19 anos, Cor ou raça é branca"
Dicionário não PCT,V00762,762,Pessoas,Alfabetização,"Pessoas alfabetizadas, 15 a 19 anos, Cor ou raça é preta"
Dicionário não PCT,V00763,763,Pessoas,Alfabetização,"Pessoas alfabetizadas, 15 a 19 anos, Cor ou raça é amarela"
Dicionário não PCT,V00764,764,Pessoas,Alfabetização,"Pessoas alfabetizadas, 15 a 19 anos, Cor ou raça é parda"
Dicionário não PCT,V00765,765,Pessoas,Alfabetização,"Pessoas alfabetizadas, 15 a 19 anos, Cor ou raça é indígena"
Dicionário não PCT,V00766,766,Pessoas,Alfabetização,"Pessoas alfabetizadas, 20 a 24 anos, Cor ou raça é branca"
Dicionário não PCT,V00767,767,Pessoas,Alfabetização,"Pessoas alfabetizadas, 20 a 24 anos, Cor ou raça é preta"
Dicionário não PCT,V00768,768,Pessoas,Alfabetização,"Pessoas alfabetizadas, 20 a 24 anos, Cor ou raça é amarela"
Dicionário não PCT,V00769,769,Pessoas,Alfabetização,"Pessoas alfabetizadas, 20 a 24 anos, Cor ou raça é parda"
Dicionário não PCT,V00770,770,Pessoas,Alfabetização,"Pessoas alfabetizadas, 20 a 24 anos, Cor ou raça é indígena"
Dicionário não PCT,V00771,771,Pessoas,Alfabetização,"Pessoas alfabetizadas, 25 a 29 anos, Cor ou raça é branca"
Dicionário não PCT,V00772,772,Pessoas,Alfabetização,"Pessoas alfabetizadas, 25 a 29 anos, Cor ou raça é preta"
Dicionário não PCT,V00773,773,Pessoas,Alfabetização,"Pessoas alfabetizadas, 25 a 29 anos, Cor ou raça é amarela"
Dicionário não PCT,V00774,774,Pessoas,Alfabetização,"Pessoas alfabetizadas, 25 a 29 anos, Cor ou raça é parda"
Dicionário não PCT,V00775,775,Pessoas,Alfabetização,"Pessoas alfabetizadas, 25 a 29 anos, Cor ou raça é indígena"
Dicionário não PCT,V00776,776,Pessoas,Alfabetização,"Pessoas alfabetizadas, 30 a 34 anos, Cor ou raça é branca"
Dicionário não PCT,V00777,777,Pessoas,Alfabetização,"Pessoas alfabetizadas, 30 a 34 anos, Cor ou raça é preta"
Dicionário não PCT,V00778,778,Pessoas,Alfabetização,"Pessoas alfabetizadas, 30 a 34 anos, Cor ou raça é amarela"
Dicionário não PCT,V00779,779,Pessoas,Alfabetização,"Pessoas alfabetizadas, 30 a 34 anos, Cor ou raça é parda"
Dicionário não PCT,V00780,780,Pessoas,Alfabetização,"Pessoas alfabetizadas, 30 a 34 anos, Cor ou raça é indígena"
Dicionário não PCT,V00781,781,Pessoas,Alfabetização,"Pessoas alfabetizadas, 35 a 39 anos, Cor ou raça é branca"
Dicionário não PCT,V00782,782,Pessoas,Alfabetização,"Pessoas alfabetizadas, 35 a 39 anos, Cor ou raça é preta"
Dicionário não PCT,V00783,783,Pessoas,Alfabetização,"Pessoas alfabetizadas, 35 a 39 anos, Cor ou raça é amarela"
Dicionário não PCT,V00784,784,Pessoas,Alfabetização,"Pessoas alfabetizadas, 35 a 39 anos, Cor ou raça é parda"
Dicionário não PCT,V00785,785,Pessoas,Alfabetização,"Pessoas alfabetizadas, 35 a 39 anos, Cor ou raça é indígena"
Dicionário não PCT,V00786,786,Pessoas,Alfabetização,"Pessoas alfabetizadas, 40 a 44 anos, Cor ou raça é branca"
Dicionário não PCT,V00787,787,Pessoas,Alfabetização,"Pessoas alfabetizadas, 40 a 44 anos, Cor ou raça é preta"
Dicionário não PCT,V00788,788,Pessoas,Alfabetização,"Pessoas alfabetizadas, 40 a 44 anos, Cor ou raça é amarela"
Dicionário não PCT,V00789,789,Pessoas,Alfabetização,"Pessoas alfabetizadas, 40 a 44 anos, Cor ou raça é parda"
Dicionário não PCT,V00790,790,Pessoas,Alfabetização,"Pessoas alfabetizadas, 40 a 44 anos, Cor ou raça é indígena"
Dicionário não PCT,V00791,791,Pessoas,Alfabetização,"Pessoas alfabetizadas, 45 a 49 anos, Cor ou raça é branca"
Dicionário não PCT,V00792,792,Pessoas,Alfabetização,"Pessoas alfabetizadas, 45 a 49 anos, Cor ou raça é preta"
Dicionário não PCT,V00793,793,Pessoas,Alfabetização,"Pessoas alfabetizadas, 45 a 49 anos, Cor ou raça é amarela"
Dicionário não PCT,V00794,794,Pessoas,Alfabetização,"Pessoas alfabetizadas, 45 a 49 anos, Cor ou raça é parda"
Dicionário não PCT,V00795,795,Pessoas,Alfabetização,"Pessoas alfabetizadas, 45 a 49 anos, Cor ou raça é indígena"
Dicionário não PCT,V00796,796,Pessoas,Alfabetização,"Pessoas alfabetizadas, 50 a 54 anos, Cor ou raça é branca"
Dicionário não PCT,V00797,797,Pessoas,Alfabetização,"Pessoas alfabetizadas, 50 a 54 anos, Cor ou raça é preta"
Dicionário não PCT,V00798,798,Pessoas,Alfabetização,"Pessoas alfabetizadas, 50 a 54 anos, Cor ou raça é amarela"
Dicionário não PCT,V00799,799,Pessoas,Alfabetização,"Pessoas alfabetizadas, 50 a 54 anos, Cor ou raça é parda"
Dicionário não PCT,V00800,800,Pessoas,Alfabetização,"Pessoas alfabetizadas, 50 a 54 anos, Cor ou raça é indígena"
Dicionário não PCT,V00801,801,Pessoas,Alfabetização,"Pessoas alfabetizadas, 55 a 59 anos, Cor ou raça é branca"
Dicionário não PCT,V00802,802,Pessoas,Alfabetização,"Pessoas alfabetizadas, 55 a 59 anos, Cor ou raça é preta"
Dicionário não PCT,V00803,803,Pessoas,Alfabetização,"Pessoas alfabetizadas, 55 a 59 anos, Cor ou raça é amarela"
Dicionário não PCT,V00804,804,Pessoas,Alfabetização,"Pessoas alfabetizadas, 55 a 59 anos, Cor ou raça é parda"
Dicionário não PCT,V00805,805,Pessoas,Alfabetização,"Pessoas alfabetizadas, 55 a 59 anos, Cor ou raça é indígena"
Dicionário não PCT,V00806,806,Pessoas,Alfabetização,"Pessoas alfabetizadas, 60 a 64 anos, Cor ou raça é branca"
Dicionário não PCT,V00807,807,Pessoas,Alfabetização,"Pessoas alfabetizadas, 60 a 64 anos, Cor ou raça é preta"
Dicionário não PCT,V00808,808,Pessoas,Alfabetização,"Pessoas alfabetizadas, 60 a 64 anos, Cor ou raça é amarela"
Dicionário não PCT,V00809,809,Pessoas,Alfabetização,"Pessoas alfabetizadas, 60 a 64 anos, Cor ou raça é parda"
Dicionário não PCT,V00810,810,Pessoas,Alfabetização,"Pessoas alfabetizadas, 60 a 64 anos, Cor ou raça é indígena"
Dicionário não PCT,V00811,811,Pessoas,Alfabetização,"Pessoas alfabetizadas, 65 a 69 anos, Cor ou raça é branca"
Dicionário não PCT,V00812,812,Pessoas,Alfabetização,"Pessoas alfabetizadas, 65 a 69 anos, Cor ou raça é preta"
Dicionário não PCT,V00813,813,Pessoas,Alfabetização,"Pessoas alfabetizadas, 65 a 69 anos, Cor ou raça é amarela"
Dicionário não PCT,V00814,814,Pessoas,Alfabetização,"Pessoas alfabetizadas, 65 a 69 anos, Cor ou raça é parda"
Dicionário não PCT,V00815,815,Pessoas,Alfabetização,"Pessoas alfabetizadas, 65 a 69 anos, Cor ou raça é indígena"
Dicionário não PCT,V00816,816,Pessoas,Alfabetização,"Pessoas alfabetizadas, 70 a 79 anos, Cor ou raça é branca"
Dicionário não PCT,V00817,817,Pessoas,Alfabetização,"Pessoas alfabetizadas, 70 a 79 anos, Cor ou raça é preta"
Dicionário não PCT,V00818,818,Pessoas,Alfabetização,"Pessoas alfabetizadas, 70 a 79 anos, Cor ou raça é amarela"
Dicionário não PCT,V00819,819,Pessoas,Alfabetização,"Pessoas alfabetizadas, 70 a 79 anos, Cor ou raça é parda"
Dicionário não PCT,V00820,820,Pessoas,Alfabetização,"Pessoas alfabetizadas, 70 a 79 anos, Cor ou raça é indígena"
Dicionário não PCT,V00821,821,Pessoas,Alfabetização,"Pessoas alfabetizadas, 80 anos ou mais, Cor ou raça é branca"
Dicionário não PCT,V00822,822,Pessoas,Alfabetização,"Pessoas alfabetizadas, 80 anos ou mais, Cor ou raça é preta"
Dicionário não PCT,V00823,823,Pessoas,Alfabetização,"Pessoas alfabetizadas, 80 anos ou mais, Cor ou raça é amarela"
Dicionário não PCT,V00824,824,Pessoas,Alfabetização,"Pessoas alfabetizadas, 80 anos ou mais, Cor ou raça é parda"
Dicionário não PCT,V00825,825,Pessoas,Alfabetização,"Pessoas alfabetizadas, 80 anos ou mais, Cor ou raça é indígena"
Dicionário não PCT,V00826,826,Pessoas,Alfabetização,"Pessoas alfabetizadas, Sexo masculino, 15 a 19 anos"
Dicionário não PCT,V00827,827,Pessoas,Alfabetização,"Pessoas alfabetizadas, Sexo masculino, 20 a 24 anos"
Dicionário não PCT,V00828,828,Pessoas,Alfabetização,"Pessoas alfabetizadas, Sexo masculino, 25 a 29 anos"
Dicionário não PCT,V00829,829,Pessoas,Alfabetização,"Pessoas alfabetizadas, Sexo masculino, 30 a 34 anos"
Dicionário não PCT,V00830,830,Pessoas,Alfabetização,"Pessoas alfabetizadas, Sexo masculino, 35 a 39 anos"
Dicionário não PCT,V00831,831,Pessoas,Alfabetização,"Pessoas alfabetizadas, Sexo masculino, 40 a 44 anos"
Dicionário não PCT,V00832,832,Pessoas,Alfabetização,"Pessoas alfabetizadas, Sexo masculino, 45 a 49 anos"
Dicionário não PCT,V00833,833,Pessoas,Alfabetização,"Pessoas alfabetizadas, Sexo masculino, 50 a 54 anos"
Dicionário não PCT,V00834,834,Pessoas,Alfabetização,"Pessoas alfabetizadas, Sexo masculino, 55 a 59 anos"
Dicionário não PCT,V00835,835,Pessoas,Alfabetização,"Pessoas alfabetizadas, Sexo masculino, 60 a 64 anos"
Dicionário não PCT,V00836,836,Pessoas,Alfabetização,"Pessoas alfabetizadas, Sexo masculino, 65 a 69 anos"
Dicionário não PCT,V00837,837,Pessoas,Alfabetização,"Pessoas alfabetizadas, Sexo masculino, 70 a 79 anos"
Dicionário não PCT,V00838,838,Pessoas,Alfabetização,"Pessoas alfabetizadas, Sexo masculino, 80 anos ou mais"
Dicionário não PCT,V00839,839,Pessoas,Alfabetização,"Pessoas alfabetizadas, Sexo feminino, 15 a 19 anos"
Dicionário não PCT,V00840,840,Pessoas,Alfabetização,"Pessoas alfabetizadas, Sexo feminino, 20 a 24 anos"
Dicionário não PCT,V00841,841,Pessoas,Alfabetização,"Pessoas alfabetizadas, Sexo feminino, 25 a 29 anos"
Dicionário não PCT,V00842,842,Pessoas,Alfabetização,"Pessoas alfabetizadas, Sexo feminino, 30 a 34 anos"
Dicionário não PCT,V00843,843,Pessoas,Alfabetização,"Pessoas alfabetizadas, Sexo feminino, 35 a 39 anos"
Dicionário não PCT,V00844,844,Pessoas,Alfabetização,"Pessoas alfabetizadas, Sexo feminino, 40 a 44 anos"
Dicionário não PCT,V00845,845,Pessoas,Alfabetização,"Pessoas alfabetizadas, Sexo feminino, 45 a 49 anos"
Dicionário não PCT,V00846,846,Pessoas,Alfabetização,"Pessoas alfabetizadas, Sexo feminino, 50 a 54 anos"
Dicionário não PCT,V00847,847,Pessoas,Alfabetização,"Pessoas alfabetizadas, Sexo feminino, 55 a 59 anos"
Dicionário não PCT,V00848,848,Pessoas,Alfabetização,"Pessoas alfabetizadas, Sexo feminino, 60 a 64 anos"
Dicionário não PCT,V00849,849,Pessoas,Alfabetização,"Pessoas alfabetizadas, Sexo feminino, 65 a 69 anos"
Dicionário não PCT,V00850,850,Pessoas,Alfabetização,"Pessoas alfabetizadas, Sexo feminino, 70 a 79 anos"
Dicionário não PCT,V00851,851,Pessoas,Alfabetização,"Pessoas alfabetizadas, Sexo feminino, 80 anos ou mais"
Dicionário não PCT,V00852,852,Pessoas,Alfabetização,"15 a 29 anos, Morador sabe ler e escrever"
Dicionário não PCT,V00853,853,Pessoas,Alfabetização,"15 a 29 anos, Morador não sabe ler e escrever"
Dicionário não PCT,V00854,854,Pessoas,Alfabetização,"30 a 59 anos, Morador sabe ler e escrever"
Dicionário não PCT,V00855,855,Pessoas,Alfabetização,"30 a 59 anos, Morador não sabe ler e escrever"
Dicionário não PCT,V00856,856,Pessoas,Alfabetização,"60 anos ou mais, Morador sabe ler e escrever"
Dicionário não PCT,V00857,857,Pessoas,Alfabetização,"60 anos ou mais, Morador não sabe ler e escrever"
Dicionário não PCT,V00858,858,Pessoas,Alfabetização,"Sexo masculino, 15 a 29 anos, Morador sabe ler e escrever"
Dicionário não PCT,V00859,859,Pessoas,Alfabetização,"Sexo masculino, 15 a 29 anos, Morador não sabe ler e escrever"
Dicionário não PCT,V00860,860,Pessoas,Alfabetização,"Sexo masculino, 30 a 59 anos, Morador sabe ler e escrever"
Dicionário não PCT,V00861,861,Pessoas,Alfabetização,"Sexo masculino, 30 a 59 anos, Morador não sabe ler e escrever"
Dicionário não PCT,V00862,862,Pessoas,Alfabetização,"Sexo masculino, 60 anos ou mais, Morador sabe ler e escrever"
Dicionário não PCT,V00863,863,Pessoas,Alfabetização,"Sexo masculino, 60 anos ou mais, Morador não sabe ler e escrever"
Dicionário não PCT,V00864,864,Pessoas,Alfabetização,"Sexo feminino, 15 a 29 anos, Morador sabe ler e escrever"
Dicionário não PCT,V00865,865,Pessoas,Alfabetização,"Sexo feminino, 15 a 29 anos, Morador não sabe ler e escrever"
Dicionário não PCT,V00866,866,Pessoas,Alfabetização,"Sexo feminino, 30 a 59 anos, Morador sabe ler e escrever"
Dicionário não PCT,V00867,867,Pessoas,Alfabetização,"Sexo feminino, 30 a 59 anos, Morador não sabe ler e escrever"
Dicionário não PCT,V00868,868,Pessoas,Alfabetização,"Sexo feminino, 60 anos ou mais, Morador sabe ler e escrever"
Dicionário não PCT,V00869,869,Pessoas,Alfabetização,"Sexo feminino, 60 anos ou mais, Morador não sabe ler e escrever"
Dicionário não PCT,V00870,870,Pessoas,Alfabetização,"15 a 29 anos, Cor ou raça é branca, Morador sabe ler e escrever"
Dicionário não PCT,V00871,871,Pessoas,Alfabetização,"15 a 29 anos, Cor ou raça é branca, Morador não sabe ler e escrever"
Dicionário não PCT,V00872,872,Pessoas,Alfabetização,"15 a 29 anos, Cor ou raça é preta, Morador sabe ler e escrever"
Dicionário não PCT,V00873,873,Pessoas,Alfabetização,"15 a 29 anos, Cor ou raça é preta, Morador não sabe ler e escrever"
Dicionário não PCT,V00874,874,Pessoas,Alfabetização,"15 a 29 anos, Cor ou raça é amarela, Morador sabe ler e escrever"
Dicionário não PCT,V00875,875,Pessoas,Alfabetização,"15 a 29 anos, Cor ou raça é amarela, Morador não sabe ler e escrever"
Dicionário não PCT,V00876,876,Pessoas,Alfabetização,"15 a 29 anos, Cor ou raça é parda, Morador sabe ler e escrever"
Dicionário não PCT,V00877,877,Pessoas,Alfabetização,"15 a 29 anos, Cor ou raça é parda, Morador não sabe ler e escrever"
Dicionário não PCT,V00878,878,Pessoas,Alfabetização,"15 a 29 anos, Cor ou raça é indígena, Morador sabe ler e escrever"
Dicionário não PCT,V00879,879,Pessoas,Alfabetização,"15 a 29 anos, Cor ou raça é indígena, Morador não sabe ler e escrever"
Dicionário não PCT,V00880,880,Pessoas,Alfabetização,"30 a 59 anos, Cor ou raça é branca, Morador sabe ler e escrever"
Dicionário não PCT,V00881,881,Pessoas,Alfabetização,"30 a 59 anos, Cor ou raça é branca, Morador não sabe ler e escrever"
Dicionário não PCT,V00882,882,Pessoas,Alfabetização,"30 a 59 anos, Cor ou raça é preta, Morador sabe ler e escrever"
Dicionário não PCT,V00883,883,Pessoas,Alfabetização,"30 a 59 anos, Cor ou raça é preta, Morador não sabe ler e escrever"
Dicionário não PCT,V00884,884,Pessoas,Alfabetização,"30 a 59 anos, Cor ou raça é amarela, Morador sabe ler e escrever"
Dicionário não PCT,V00885,885,Pessoas,Alfabetização,"30 a 59 anos, Cor ou raça é amarela, Morador não sabe ler e escrever"
Dicionário não PCT,V00886,886,Pessoas,Alfabetização,"30 a 59 anos, Cor ou raça é parda, Morador sabe ler e escrever"
Dicionário não PCT,V00887,887,Pessoas,Alfabetização,"30 a 59 anos, Cor ou raça é parda, Morador não sabe ler e escrever"
Dicionário não PCT,V00888,888,Pessoas,Alfabetização,"30 a 59 anos, Cor ou raça é indígena, Morador sabe ler e escrever"
Dicionário não PCT,V00889,889,Pessoas,Alfabetização,"30 a 59 anos, Cor ou raça é indígena, Morador não sabe ler e escrever"
Dicionário não PCT,V00890,890,Pessoas,Alfabetização,"60 anos ou mais, Cor ou raça é branca, Morador sabe ler e escrever"
Dicionário não PCT,V00891,891,Pessoas,Alfabetização,"60 anos ou mais, Cor ou raça é branca, Morador não sabe ler e escrever"
Dicionário não PCT,V00892,892,Pessoas,Alfabetização,"60 anos ou mais, Cor ou raça é preta, Morador sabe ler e escrever"
Dicionário não PCT,V00893,893,Pessoas,Alfabetização,"60 anos ou mais, Cor ou raça é preta, Morador não sabe ler e escrever"
Dicionário não PCT,V00894,894,Pessoas,Alfabetização,"60 anos ou mais, Cor ou raça é amarela, Morador sabe ler e escrever"
Dicionário não PCT,V00895,895,Pessoas,Alfabetização,"60 anos ou mais, Cor ou raça é amarela, Morador não sabe ler e escrever"
Dicionário não PCT,V00896,896,Pessoas,Alfabetização,"60 anos ou mais, Cor ou raça é parda, Morador sabe ler e escrever"
Dicionário não PCT,V00897,897,Pessoas,Alfabetização,"60 anos ou mais, Cor ou raça é parda, Morador não sabe ler e escrever"
Dicionário não PCT,V00898,898,Pessoas,Alfabetização,"60 anos ou mais, Cor ou raça é indígena, Morador sabe ler e escrever"
Dicionário não PCT,V00899,899,Pessoas,Alfabetização,"60 anos ou mais, Cor ou raça é indígena, Morador não sabe ler e escrever"
Dicionário não PCT,V00900,900,Pessoas,Alfabetização,"15 anos ou mais, Morador sabe ler e escrever"
Dicionário não PCT,V00901,901,Pessoas,Alfabetização,"15 anos ou mais, Morador não sabe ler e escrever"
Dicionário não PCT,V00902,902,Pessoas,Alfabetização,"15 anos ou mais, Cor ou raça é branca, Morador sabe ler e escrever"
Dicionário não PCT,V00903,903,Pessoas,Alfabetização,"15 anos ou mais, Cor ou raça é branca, Morador não sabe ler e escrever"
Dicionário não PCT,V00904,904,Pessoas,Alfabetização,"15 anos ou mais, Cor ou raça é preta, Morador sabe ler e escrever"
Dicionário não PCT,V00905,905,Pessoas,Alfabetização,"15 anos ou mais, Cor ou raça é preta, Morador não sabe ler e escrever"
Dicionário não PCT,V00906,906,Pessoas,Alfabetização,"15 anos ou mais, Cor ou raça é amarela, Morador sabe ler e escrever"
Dicionário não PCT,V00907,907,Pessoas,Alfabetização,"15 anos ou mais, Cor ou raça é amarela, Morador não sabe ler e escrever"
Dicionário não PCT,V00908,908,Pessoas,Alfabetização,"15 anos ou mais, Cor ou raça é parda, Morador sabe ler e escrever"
Dicionário não PCT,V00909,909,Pessoas,Alfabetização,"15 anos ou mais, Cor ou raça é parda, Morador não sabe ler e escrever"
Dicionário não PCT,V00910,910,Pessoas,Alfabetização,"15 anos ou mais, Cor ou raça é indígena, Morador sabe ler e escrever"
Dicionário não PCT,V00911,911,Pessoas,Alfabetização,"15 anos ou mais, Cor ou raça é indígena, Morador não sabe ler e escrever"
Dicionário não PCT,V00912,912,Pessoas,Alfabetização,"Sexo masculino, 15 anos ou mais, Morador sabe ler e escrever"
Dicionário não PCT,V00913,913,Pessoas,Alfabetização,"Sexo masculino, 15 anos ou mais, Morador não sabe ler e escrever"
Dicionário não PCT,V00914,914,Pessoas,Alfabetização,"Sexo feminino, 15 anos ou mais, Morador sabe ler e escrever"
Dicionário não PCT,V00915,915,Pessoas,Alfabetização,"Sexo feminino, 15 anos ou mais, Morador não sabe ler e escrever"
Dicionário não PCT,V00916,916,Pessoas,Alfabetização,"Sexo masculino, 15 anos ou mais, Cor ou raça é branca, Morador sabe ler e escrever"
Dicionário não PCT,V00917,917,Pessoas,Alfabetização,"Sexo masculino, 15 anos ou mais, Cor ou raça é branca, Morador não sabe ler e escrever"
Dicionário não PCT,V00918,918,Pessoas,Alfabetização,"Sexo masculino, 15 anos ou mais, Cor ou raça é preta, Morador sabe ler e escrever"
Dicionário não PCT,V00919,919,Pessoas,Alfabetização,"Sexo masculino, 15 anos ou mais, Cor ou raça é preta, Morador não sabe ler e escrever"
Dicionário não PCT,V00920,920,Pessoas,Alfabetização,"Sexo masculino, 15 anos ou mais, Cor ou raça é amarela, Morador sabe ler e escrever"
Dicionário não PCT,V00921,921,Pessoas,Alfabetização,"Sexo masculino, 15 anos ou mais, Cor ou raça é amarela, Morador não sabe ler e escrever"
Dicionário não PCT,V00922,922,Pessoas,Alfabetização,"Sexo masculino, 15 anos ou mais, Cor ou raça é parda, Morador sabe ler e escrever"
Dicionário não PCT,V00923,923,Pessoas,Alfabetização,"Sexo masculino, 15 anos ou mais, Cor ou raça é parda, Morador não sabe ler e escrever"
Dicionário não PCT,V00924,924,Pessoas,Alfabetização,"Sexo masculino, 15 anos ou mais, Cor ou raça é indígena, Morador sabe ler e escrever"
Dicionário não PCT,V00925,925,Pessoas,Alfabetização,"Sexo masculino, 15 anos ou mais, Cor ou raça é indígena, Morador não sabe ler e escrever"
Dicionário não PCT,V00926,926,Pessoas,Alfabetização,"Sexo feminino, 15 anos ou mais, Cor ou raça é branca, Morador sabe ler e escrever"
Dicionário não PCT,V00927,927,Pessoas,Alfabetização,"Sexo feminino, 15 anos ou mais, Cor ou raça é branca, Morador não sabe ler e escrever"
Dicionário não PCT,V00928,928,Pessoas,Alfabetização,"Sexo feminino, 15 anos ou mais, Cor ou raça é preta, Morador sabe ler e escrever"
Dicionário não PCT,V00929,929,Pessoas,Alfabetização,"Sexo feminino, 15 anos ou mais, Cor ou raça é preta, Morador não sabe ler e escrever"
Dicionário não PCT,V00930,930,Pessoas,Alfabetização,"Sexo feminino, 15 anos ou mais, Cor ou raça é amarela, Morador sabe ler e escrever"
Dicionário não PCT,V00931,931,Pessoas,Alfabetização,"Sexo feminino, 15 anos ou mais, Cor ou raça é amarela, Morador não sabe ler e escrever"
Dicionário não PCT,V00932,932,Pessoas,Alfabetização,"Sexo feminino, 15 anos ou mais, Cor ou raça é parda, Morador sabe ler e escrever"
Dicionário não PCT,V00933,933,Pessoas,Alfabetização,"Sexo feminino, 15 anos ou mais, Cor ou raça é parda, Morador não sabe ler e escrever"
Dicionário não PCT,V00934,934,Pessoas,Alfabetização,"Sexo feminino, 15 anos ou mais, Cor ou raça é indígena, Morador sabe ler e escrever"
Dicionário não PCT,V00935,935,Pessoas,Alfabetização,"Sexo feminino, 15 anos ou mais, Cor ou raça é indígena, Morador não sabe ler e escrever"
Dicionário não PCT,V00936,936,Pessoas,Alfabetização,"Pessoa responsável pelo domicílio, 15 a 19 anos, Morador sabe ler e escrever"
Dicionário não PCT,V00937,937,Pessoas,Alfabetização,"Pessoa responsável pelo domicílio, 15 a 19 anos, Morador não sabe ler e escrever"
Dicionário não PCT,V00938,938,Pessoas,Alfabetização,"Pessoa responsável pelo domicílio, 20 a 24 anos, Morador sabe ler e escrever"
Dicionário não PCT,V00939,939,Pessoas,Alfabetização,"Pessoa responsável pelo domicílio, 20 a 24 anos, Morador não sabe ler e escrever"
Dicionário não PCT,V00940,940,Pessoas,Alfabetização,"Pessoa responsável pelo domicílio, 25 a 29 anos, Morador sabe ler e escrever"
Dicionário não PCT,V00941,941,Pessoas,Alfabetização,"Pessoa responsável pelo domicílio, 25 a 29 anos, Morador não sabe ler e escrever"
Dicionário não PCT,V00942,942,Pessoas,Alfabetização,"Pessoa responsável pelo domicílio, 30 a 34 anos, Morador sabe ler e escrever"
Dicionário não PCT,V00943,943,Pessoas,Alfabetização,"Pessoa responsável pelo domicílio, 30 a 34 anos, Morador não sabe ler e escrever"
Dicionário não PCT,V00944,944,Pessoas,Alfabetização,"Pessoa responsável pelo domicílio, 35 a 39 anos, Morador sabe ler e escrever"
Dicionário não PCT,V00945,945,Pessoas,Alfabetização,"Pessoa responsável pelo domicílio, 35 a 39 anos, Morador não sabe ler e escrever"
Dicionário não PCT,V00946,946,Pessoas,Alfabetização,"Pessoa responsável pelo domicílio, 40 a 44 anos, Morador sabe ler e escrever"
Dicionário não PCT,V00947,947,Pessoas,Alfabetização,"Pessoa responsável pelo domicílio, 40 a 44 anos, Morador não sabe ler e escrever"
Dicionário não PCT,V00948,948,Pessoas,Alfabetização,"Pessoa responsável pelo domicílio, 45 a 49 anos, Morador sabe ler e escrever"
Dicionário não PCT,V00949,949,Pessoas,Alfabetização,"Pessoa responsável pelo domicílio, 45 a 49 anos, Morador não sabe ler e escrever"
Dicionário não PCT,V00950,950,Pessoas,Alfabetização,"Pessoa responsável pelo domicílio, 50 a 54 anos, Morador sabe ler e escrever"
Dicionário não PCT,V00951,951,Pessoas,Alfabetização,"Pessoa responsável pelo domicílio, 50 a 54 anos, Morador não sabe ler e escrever"
Dicionário não PCT,V00952,952,Pessoas,Alfabetização,"Pessoa responsável pelo domicílio, 55 a 59 anos, Morador sabe ler e escrever"
Dicionário não PCT,V00953,953,Pessoas,Alfabetização,"Pessoa responsável pelo domicílio, 55 a 59 anos, Morador não sabe ler e escrever"
Dicionário não PCT,V00954,954,Pessoas,Alfabetização,"Pessoa responsável pelo domicílio, 60 a 64 anos, Morador sabe ler e escrever"
Dicionário não PCT,V00955,955,Pessoas,Alfabetização,"Pessoa responsável pelo domicílio, 60 a 64 anos, Morador não sabe ler e escrever"
Dicionário não PCT,V00956,956,Pessoas,Alfabetização,"Pessoa responsável pelo domicílio, 65 a 69 anos, Morador sabe ler e escrever"
Dicionário não PCT,V00957,957,Pessoas,Alfabetização,"Pessoa responsável pelo domicílio, 65 a 69 anos, Morador não sabe ler e escrever"
Dicionário não PCT,V00958,958,Pessoas,Alfabetização,"Pessoa responsável pelo domicílio, 70 a 79 anos, Morador sabe ler e escrever"
Dicionário não PCT,V00959,959,Pessoas,Alfabetização,"Pessoa responsável pelo domicílio, 70 a 79 anos, Morador não sabe ler e escrever"
Dicionário não PCT,V00960,960,Pessoas,Alfabetização,"Pessoa responsável pelo domicílio, 80 anos ou mais, Morador sabe ler e escrever"
Dicionário não PCT,V00961,961,Pessoas,Alfabetização,"Pessoa responsável pelo domicílio, 80 anos ou mais, Morador não sabe ler e escrever"
Dicionário não PCT,V00962,962,Pessoas,Alfabetização,"Pessoa responsável pelo domicílio, 15 anos ou mais, Cor ou raça é branca, Morador sabe ler e escrever"
Dicionário não PCT,V00963,963,Pessoas,Alfabetização,"Pessoa responsável pelo domicílio, 15 anos ou mais, Cor ou raça é branca, Morador não sabe ler e escrever"
Dicionário não PCT,V00964,964,Pessoas,Alfabetização,"Pessoa responsável pelo domicílio, 15 anos ou mais, Cor ou raça é preta, Morador sabe ler e escrever"
Dicionário não PCT,V00965,965,Pessoas,Alfabetização,"Pessoa responsável pelo domicílio, 15 anos ou mais, Cor ou raça é preta, Morador não sabe ler e escrever"
Dicionário não PCT,V00966,966,Pessoas,Alfabetização,"Pessoa responsável pelo domicílio, 15 anos ou mais, Cor ou raça é amarela, Morador sabe ler e escrever"
Dicionário não PCT,V00967,967,Pessoas,Alfabetização,"Pessoa responsável pelo domicílio, 15 anos ou mais, Cor ou raça é amarela, Morador não sabe ler e escrever"
Dicionário não PCT,V00968,968,Pessoas,Alfabetização,"Pessoa responsável pelo domicílio, 15 anos ou mais, Cor ou raça é parda, Morador sabe ler e escrever"
Dicionário não PCT,V00969,969,Pessoas,Alfabetização,"Pessoa responsável pelo domicílio, 15 anos ou mais, Cor ou raça é parda, Morador não sabe ler e escrever"
Dicionário não PCT,V00970,970,Pessoas,Alfabetização,"Pessoa responsável pelo domicílio, 15 anos ou mais, Cor ou raça é indígena, Morador sabe ler e escrever"
Dicionário não PCT,V00971,971,Pessoas,Alfabetização,"Pessoa responsável pelo domicílio, 15 anos ou mais, Cor ou raça é indígena, Morador não sabe ler e escrever"
Dicionário não PCT,V00972,972,Pessoas,Alfabetização,"Pessoa responsável pelo domicílio, Sexo masculino, 15 a 29 anos, Morador sabe ler e escrever"
Dicionário não PCT,V00973,973,Pessoas,Alfabetização,"Pessoa responsável pelo domicílio, Sexo masculino, 15 a 29 anos, Morador não sabe ler e escrever"
Dicionário não PCT,V00974,974,Pessoas,Alfabetização,"Pessoa responsável pelo domicílio, Sexo masculino, 30 a 59 anos, Morador sabe ler e escrever"
Dicionário não PCT,V00975,975,Pessoas,Alfabetização,"Pessoa responsável pelo domicílio, Sexo masculino, 30 a 59 anos, Morador não sabe ler e escrever"
Dicionário não PCT,V00976,976,Pessoas,Alfabetização,"Pessoa responsável pelo domicílio, Sexo masculino, 60 anos ou mais, Morador sabe ler e escrever"
Dicionário não PCT,V00977,977,Pessoas,Alfabetização,"Pessoa responsável pelo domicílio, Sexo masculino, 60 anos ou mais, Morador não sabe ler e escrever"
Dicionário não PCT,V00978,978,Pessoas,Alfabetização,"Pessoa responsável pelo domicílio, Sexo feminino, 15 a 29 anos, Morador sabe ler e escrever"
Dicionário não PCT,V00979,979,Pessoas,Alfabetização,"Pessoa responsável pelo domicílio, Sexo feminino, 15 a 29 anos, Morador não sabe ler e escrever"
Dicionário não PCT,V00980,980,Pessoas,Alfabetização,"Pessoa responsável pelo domicílio, Sexo feminino, 30 a 59 anos, Morador sabe ler e escrever"
Dicionário não PCT,V00981,981,Pessoas,Alfabetização,"Pessoa responsável pelo domicílio, Sexo feminino, 30 a 59 anos, Morador não sabe ler e escrever"
Dicionário não PCT,V00982,982,Pessoas,Alfabetização,"Pessoa responsável pelo domicílio, Sexo feminino, 60 anos ou mais, Morador sabe ler e escrever"
Dicionário não PCT,V00983,983,Pessoas,Alfabetização,"Pessoa responsável pelo domicílio, Sexo feminino, 60 anos ou mais, Morador não sabe ler e escrever"
Dicionário não PCT,V00984,984,Pessoas,Alfabetização,"Pessoa responsável pelo domicílio, 15 anos ou mais, Morador sabe ler e escrever"
Dicionário não PCT,V00985,985,Pessoas,Alfabetização,"Pessoa responsável pelo domicílio, 15 anos ou mais, Morador não sabe ler e escrever"
Dicionário não PCT,V00986,986,Pessoas,Alfabetização,"Pessoa responsável pelo domicílio, Sexo masculino, 15 anos ou mais, Morador sabe ler e escrever"
Dicionário não PCT,V00987,987,Pessoas,Alfabetização,"Pessoa responsável pelo domicílio, Sexo masculino, 15 anos ou mais, Morador não sabe ler e escrever"
Dicionário não PCT,V00988,988,Pessoas,Alfabetização,"Pessoa responsável pelo domicílio, Sexo feminino, 15 anos ou mais, Morador sabe ler e escrever"
Dicionário não PCT,V00989,989,Pessoas,Alfabetização,"Pessoa responsável pelo domicílio, Sexo feminino, 15 anos ou mais, Morador não sabe ler e escrever"
Dicionário não PCT,V00990,990,Pessoas,Alfabetização,"Domicílios Particulares Permanentes Ocupados, Pessoa responsável pelo domicílio, Pessoas alfabetizadas, Sexo masculino, 15 anos ou mais"
Dicionário não PCT,V00991,991,Pessoas,Alfabetização,"Domicílios Particulares Permanentes Ocupados, Pessoa responsável pelo domicílio, Pessoas alfabetizadas, Sexo feminino, 15 anos ou mais"
Dicionário não PCT,V00992,992,Pessoas,Alfabetização,"Domicílios Particulares Permanentes Ocupados, Cônjuges ou companheiros(as) (de sexo diferente e do mesmo sexo da pessoa responsável), Pessoas alfabetizadas, Sexo masculino, 15 anos ou mais"
Dicionário não PCT,V00993,993,Pessoas,Alfabetização,"Domicílios Particulares Permanentes Ocupados, Cônjuges ou companheiros(as) (de sexo diferente e do mesmo sexo da pessoa responsável), Pessoas alfabetizadas, Sexo feminino, 15 anos ou mais"
Dicionário não PCT,V00994,994,Pessoas,Alfabetização,"Domicílios Particulares Permanentes Ocupados, Filhos(as) ou enteados(as), Pessoas alfabetizadas, Sexo masculino, 15 anos ou mais"
Dicionário não PCT,V00995,995,Pessoas,Alfabetização,"Domicílios Particulares Permanentes Ocupados, Filhos(as) ou enteados(as), Pessoas alfabetizadas, Sexo feminino, 15 anos ou mais"
Dicionário não PCT,V00996,996,Pessoas,Alfabetização,"Domicílios Particulares Permanentes Ocupados, Pais, mães ou sogros(as), Pessoas alfabetizadas, Sexo masculino, 15 anos ou mais"
Dicionário não PCT,V00997,997,Pessoas,Alfabetização,"Domicílios Particulares Permanentes Ocupados, Pais, mães ou sogros(as), Pessoas alfabetizadas, Sexo feminino, 15 anos ou mais"
Dicionário não PCT,V00998,998,Pessoas,Alfabetização,"Domicílios Particulares Permanentes Ocupados, Netos(as) ou bisnetos(as), Pessoas alfabetizadas, Sexo masculino, 15 anos ou mais"
Dicionário não PCT,V00999,999,Pessoas,Alfabetização,"Domicílios Particulares Permanentes Ocupados, Netos(as) ou bisnetos(as), Pessoas alfabetizadas, Sexo feminino, 15 anos ou mais"
Dicionário não PCT,V01000,1000,Pessoas,Alfabetização,"Domicílios Particulares Permanentes Ocupados, Irmãos ou irmãs, Pessoas alfabetizadas, Sexo masculino, 15 anos ou mais"
Dicionário não PCT,V01001,1001,Pessoas,Alfabetização,"Domicílios Particulares Permanentes Ocupados, Irmãos ou irmãs, Pessoas alfabetizadas, Sexo feminino, 15 anos ou mais"
Dicionário não PCT,V01002,1002,Pessoas,Alfabetização,"Domicílios Particulares Permanentes Ocupados, Outros parentes, Pessoas alfabetizadas, Sexo masculino, 15 anos ou mais"
Dicionário não PCT,V01003,1003,Pessoas,Alfabetização,"Domicílios Particulares Permanentes Ocupados, Outros parentes, Pessoas alfabetizadas, Sexo feminino, 15 anos ou mais"
Dicionário não PCT,V01004,1004,Pessoas,Alfabetização,"Domicílios Particulares Permanentes Ocupados, Convivente, Pessoas alfabetizadas, Sexo masculino, 15 anos ou mais"
Dicionário não PCT,V01005,1005,Pessoas,Alfabetização,"Domicílios Particulares Permanentes Ocupados, Convivente, Pessoas alfabetizadas, Sexo feminino, 15 anos ou mais"
Dicionário não PCT,V01006,1006,Pessoas,Demografia,Quantidade de moradores
Dicionário não PCT,V01007,1007,Pessoas,Demografia,Sexo masculino
Dicionário não PCT,V01008,1008,Pessoas,Demografia,Sexo feminino
Dicionário não PCT,V01009,1009,Pessoas,Demografia,"Sexo masculino, 0 a 4 anos"
Dicionário não PCT,V01010,1010,Pessoas,Demografia,"Sexo masculino, 5 a 9 anos"
Dicionário não PCT,V01011,1011,Pessoas,Demografia,"Sexo masculino, 10 a 14 anos"
Dicionário não PCT,V01012,1012,Pessoas,Demografia,"Sexo masculino, 15 a 19 anos"
Dicionário não PCT,V01013,1013,Pessoas,Demografia,"Sexo masculino, 20 a 24 anos"
Dicionário não PCT,V01014,1014,Pessoas,Demografia,"Sexo masculino, 25 a 29 anos"
Dicionário não PCT,V01015,1015,Pessoas,Demografia,"Sexo masculino, 30 a 39 anos"
Dicionário não PCT,V01016,1016,Pessoas,Demografia,"Sexo masculino, 40 a 49 anos"
Dicionário não PCT,V01017,1017,Pessoas,Demografia,"Sexo masculino, 50 a 59 anos"
Dicionário não PCT,V01018,1018,Pessoas,Demografia,"Sexo masculino, 60 a 69 anos"
Dicionário não PCT,V01019,1019,Pessoas,Demografia,"Sexo masculino, 70 anos ou mais"
Dicionário não PCT,V01020,1020,Pessoas,Demografia,"Sexo feminino, 0 a 4 anos"
Dicionário não PCT,V01021,1021,Pessoas,Demografia,"Sexo feminino, 5 a 9 anos"
Dicionário não PCT,V01022,1022,Pessoas,Demografia,"Sexo feminino, 10 a 14 anos"
Dicionário não PCT,V01023,1023,Pessoas,Demografia,"Sexo feminino, 15 a 19 anos"
Dicionário não PCT,V01024,1024,Pessoas,Demografia,"Sexo feminino, 20 a 24 anos"
Dicionário não PCT,V01025,1025,Pessoas,Demografia,"Sexo feminino, 25 a 29 anos"
Dicionário não PCT,V01026,1026,Pessoas,Demografia,"Sexo feminino, 30 a 39 anos"
Dicionário não PCT,V01027,1027,Pessoas,Demografia,"Sexo feminino, 40 a 49 anos"
Dicionário não PCT,V01028,1028,Pessoas,Demografia,"Sexo feminino, 50 a 59 anos"
Dicionário não PCT,V01029,1029,Pessoas,Demografia,"Sexo feminino, 60 a 69 anos"
Dicionário não PCT,V01030,1030,Pessoas,Demografia,"Sexo feminino, 70 anos ou mais"
Dicionário não PCT,V01031,1031,Pessoas,Demografia,0 a 4 anos
Dicionário não PCT,V01032,1032,Pessoas,Demografia,5 a 9 anos
Dicionário não PCT,V01033,1033,Pessoas,Demografia,10 a 14 anos
Dicionário não PCT,V01034,1034,Pessoas,Demografia,15 a 19 anos
Dicionário não PCT,V01035,1035,Pessoas,Demografia,20 a 24 anos
Dicionário não PCT,V01036,1036,Pessoas,Demografia,25 a 29 anos
Dicionário não PCT,V01037,1037,Pessoas,Demografia,30 a 39 anos
Dicionário não PCT,V01038,1038,Pessoas,Demografia,40 a 49 anos
Dicionário não PCT,V01039,1039,Pessoas,Demografia,50 a 59 anos
Dicionário não PCT,V01040,1040,Pessoas,Demografia,60 a 69 anos
Dicionário não PCT,V01041,1041,Pessoas,Demografia,70 anos ou mais
Dicionário não PCT,V01042,1042,Pessoas,Parentesco,Pessoa responsável pelo domicílio
Dicionário não PCT,V01043,1043,Pessoas,Parentesco,Relação de parentesco ou de convivência com a pessoa responsável pelo domicílio é cônjuge ou companheiro(a) de sexo diferente
Dicionário não PCT,V01044,1044,Pessoas,Parentesco,Relação de parentesco ou de convivência com a pessoa responsável pelo domicílio é cônjuge ou companheiro(a) do mesmo sexo
Dicionário não PCT,V01045,1045,Pessoas,Parentesco,Relação de parentesco ou de convivência com a pessoa responsável pelo domicílio é filho(a) do responsável e do cônjuge
Dicionário não PCT,V01046,1046,Pessoas,Parentesco,Relação de parentesco ou de convivência com a pessoa responsável pelo domicílio é filho(a) somente do responsável
Dicionário não PCT,V01047,1047,Pessoas,Parentesco,Relação de parentesco ou de convivência com a pessoa responsável pelo domicílio é enteado(a)
Dicionário não PCT,V01048,1048,Pessoas,Parentesco,Relação de parentesco ou de convivência com a pessoa responsável pelo domicílio é genro ou nora
Dicionário não PCT,V01049,1049,Pessoas,Parentesco,"Relação de parentesco ou de convivência com a pessoa responsável pelo domicílio é pai, mãe, padrasto ou madrasta"
Dicionário não PCT,V01050,1050,Pessoas,Parentesco,Relação de parentesco ou de convivência com a pessoa responsável pelo domicílio é sogro(a)
Dicionário não PCT,V01051,1051,Pessoas,Parentesco,Relação de parentesco ou de convivência com a pessoa responsável pelo domicílio é neto(a)
Dicionário não PCT,V01052,1052,Pessoas,Parentesco,Relação de parentesco ou de convivência com a pessoa responsável pelo domicílio é bisneto(a)
Dicionário não PCT,V01053,1053,Pessoas,Parentesco,Relação de parentesco ou de convivência com a pessoa responsável pelo domicílio é irmão ou irmã
Dicionário não PCT,V01054,1054,Pessoas,Parentesco,Relação de parentesco ou de convivência com a pessoa responsável pelo domicílio é avô ou avó
Dicionário não PCT,V01055,1055,Pessoas,Parentesco,Relação de parentesco ou de convivência com a pessoa responsável pelo domicílio é outro parente
Dicionário não PCT,V01056,1056,Pessoas,Parentesco,Relação de parentesco ou de convivência com a pessoa responsável pelo domicílio é agregado(a)
Dicionário não PCT,V01057,1057,Pessoas,Parentesco,Relação de parentesco ou de convivência com a pessoa responsável pelo domicílio é convivente
Dicionário não PCT,V01058,1058,Pessoas,Parentesco,Relação de parentesco ou de convivência com a pessoa responsável pelo domicílio é pensionista
Dicionário não PCT,V01059,1059,Pessoas,Parentesco,Relação de parentesco ou de convivência com a pessoa responsável pelo domicílio é empregado(a) doméstico(a)
Dicionário não PCT,V01060,1060,Pessoas,Parentesco,Relação de parentesco ou de convivência com a pessoa responsável pelo domicílio é parente do(a) empregado(a) doméstico(a)
Dicionário não PCT,V01061,1061,Pessoas,Parentesco,Relação de parentesco ou de convivência com a pessoa responsável pelo domicílio é individual em domicílio coletivo
Dicionário não PCT,V01062,1062,Pessoas,Parentesco,"Pessoa responsável pelo domicílio, Sexo masculino"
Dicionário não PCT,V01063,1063,Pessoas,Parentesco,"Pessoa responsável pelo domicílio, Sexo feminino"
Dicionário não PCT,V01064,1064,Pessoas,Parentesco,"Pessoa responsável pelo domicílio, 12 a 17 anos"
Dicionário não PCT,V01065,1065,Pessoas,Parentesco,"Pessoa responsável pelo domicílio, 18 a 24 anos"
Dicionário não PCT,V01066,1066,Pessoas,Parentesco,"Pessoa responsável pelo domicílio, 25 a 39 anos"
Dicionário não PCT,V01067,1067,Pessoas,Parentesco,"Pessoa responsável pelo domicílio, 40 a 59 anos"
Dicionário não PCT,V01068,1068,Pessoas,Parentesco,"Pessoa responsável pelo domicílio, 60 anos ou mais"
Dicionário não PCT,V01069,1069,Pessoas,Parentesco,"Cônjuges ou companheiros(as) de sexo diferente ou cônjuges ou companheiros(as) do mesmo sexo, 10 a 14 anos"
Dicionário não PCT,V01070,1070,Pessoas,Parentesco,"Cônjuges ou companheiros(as) de sexo diferente ou cônjuges ou companheiros(as) do mesmo sexo, 15 a 19 anos"
Dicionário não PCT,V01071,1071,Pessoas,Parentesco,"Cônjuges ou companheiros(as) de sexo diferente ou cônjuges ou companheiros(as) do mesmo sexo, 20 a 24 anos"
Dicionário não PCT,V01072,1072,Pessoas,Parentesco,"Cônjuges ou companheiros(as) de sexo diferente ou cônjuges ou companheiros(as) do mesmo sexo, 25 a 29 anos"
Dicionário não PCT,V01073,1073,Pessoas,Parentesco,"Cônjuges ou companheiros(as) de sexo diferente ou cônjuges ou companheiros(as) do mesmo sexo, 30 a 34 anos"
Dicionário não PCT,V01074,1074,Pessoas,Parentesco,"Cônjuges ou companheiros(as) de sexo diferente ou cônjuges ou companheiros(as) do mesmo sexo, 35 a 39 anos"
Dicionário não PCT,V01075,1075,Pessoas,Parentesco,"Cônjuges ou companheiros(as) de sexo diferente ou cônjuges ou companheiros(as) do mesmo sexo, 40 a 44 anos"
Dicionário não PCT,V01076,1076,Pessoas,Parentesco,"Cônjuges ou companheiros(as) de sexo diferente ou cônjuges ou companheiros(as) do mesmo sexo, 45 a 49 anos"
Dicionário não PCT,V01077,1077,Pessoas,Parentesco,"Cônjuges ou companheiros(as) de sexo diferente ou cônjuges ou companheiros(as) do mesmo sexo, 50 a 54 anos"
Dicionário não PCT,V01078,1078,Pessoas,Parentesco,"Cônjuges ou companheiros(as) de sexo diferente ou cônjuges ou companheiros(as) do mesmo sexo, 55 a 59 anos"
Dicionário não PCT,V01079,1079,Pessoas,Parentesco,"Cônjuges ou companheiros(as) de sexo diferente ou cônjuges ou companheiros(as) do mesmo sexo, 60 a 64 anos"
Dicionário não PCT,V01080,1080,Pessoas,Parentesco,"Cônjuges ou companheiros(as) de sexo diferente ou cônjuges ou companheiros(as) do mesmo sexo, 65 a 69 anos"
Dicionário não PCT,V01081,1081,Pessoas,Parentesco,"Cônjuges ou companheiros(as) de sexo diferente ou cônjuges ou companheiros(as) do mesmo sexo, 70 a 74 anos"
Dicionário não PCT,V01082,1082,Pessoas,Parentesco,"Cônjuges ou companheiros(as) de sexo diferente ou cônjuges ou companheiros(as) do mesmo sexo, 75 a 79 anos"
Dicionário não PCT,V01083,1083,Pessoas,Parentesco,"Cônjuges ou companheiros(as) de sexo diferente ou cônjuges ou companheiros(as) do mesmo sexo, 80 anos ou mais"
Dicionário não PCT,V01084,1084,Pessoas,Parentesco,"Filhos(as) do responsável e do cônjuge, 0 a 4 anos"
Dicionário não PCT,V01085,1085,Pessoas,Parentesco,"Filhos(as) do responsável e do cônjuge, 5 a 9 anos"
Dicionário não PCT,V01086,1086,Pessoas,Parentesco,"Filhos(as) do responsável e do cônjuge, 10 a 14 anos"
Dicionário não PCT,V01087,1087,Pessoas,Parentesco,"Filhos(as) do responsável e do cônjuge, 15 a 19 anos"
Dicionário não PCT,V01088,1088,Pessoas,Parentesco,"Filhos(as) do responsável e do cônjuge, 20 a 24 anos"
Dicionário não PCT,V01089,1089,Pessoas,Parentesco,"Filhos(as) do responsável e do cônjuge, 25 a 29 anos"
Dicionário não PCT,V01090,1090,Pessoas,Parentesco,"Filhos(as) do responsável e do cônjuge, 30 a 39 anos"
Dicionário não PCT,V01091,1091,Pessoas,Parentesco,"Filhos(as) do responsável e do cônjuge, 40 a 49 anos"
Dicionário não PCT,V01092,1092,Pessoas,Parentesco,"Filhos(as) do responsável e do cônjuge, 50 a 59 anos"
Dicionário não PCT,V01093,1093,Pessoas,Parentesco,"Filhos(as) do responsável e do cônjuge, 60 a 69 anos"
Dicionário não PCT,V01094,1094,Pessoas,Parentesco,"Filhos(as) do responsável e do cônjuge, 70 anos ou mais"
Dicionário não PCT,V01095,1095,Pessoas,Parentesco,"Enteados(as), 0 a 4 anos"
Dicionário não PCT,V01096,1096,Pessoas,Parentesco,"Enteados(as), 5 a 9 anos"
Dicionário não PCT,V01097,1097,Pessoas,Parentesco,"Enteados(as), 10 a 14 anos"
Dicionário não PCT,V01098,1098,Pessoas,Parentesco,"Enteados(as), 15 a 19 anos"
Dicionário não PCT,V01099,1099,Pessoas,Parentesco,"Enteados(as), 20 a 24 anos"
Dicionário não PCT,V01100,1100,Pessoas,Parentesco,"Enteados(as), 25 a 29 anos"
Dicionário não PCT,V01101,1101,Pessoas,Parentesco,"Enteados(as), 30 a 34 anos"
Dicionário não PCT,V01102,1102,Pessoas,Parentesco,"Enteados(as), 35 a 39 anos"
Dicionário não PCT,V01103,1103,Pessoas,Parentesco,"Enteados(as), 40 a 44 anos"
Dicionário não PCT,V01104,1104,Pessoas,Parentesco,"Enteados(as), 45 a 49 anos"
Dicionário não PCT,V01105,1105,Pessoas,Parentesco,"Enteados(as), 50 anos ou mais"
Dicionário não PCT,V01106,1106,Pessoas,Parentesco,"Genro ou nora, 0 a 4 anos"
Dicionário não PCT,V01107,1107,Pessoas,Parentesco,"Genro ou nora, 5 a 9 anos"
Dicionário não PCT,V01108,1108,Pessoas,Parentesco,"Genro ou nora, 10 a 14 anos"
Dicionário não PCT,V01109,1109,Pessoas,Parentesco,"Genro ou nora, 15 a 19 anos"
Dicionário não PCT,V01110,1110,Pessoas,Parentesco,"Genro ou nora, 20 a 24 anos"
Dicionário não PCT,V01111,1111,Pessoas,Parentesco,"Genro ou nora, 25 a 29 anos"
Dicionário não PCT,V01112,1112,Pessoas,Parentesco,"Genro ou nora, 30 a 34 anos"
Dicionário não PCT,V01113,1113,Pessoas,Parentesco,"Genro ou nora, 35 a 39 anos"
Dicionário não PCT,V01114,1114,Pessoas,Parentesco,"Genro ou nora, 40 a 44 anos"
Dicionário não PCT,V01115,1115,Pessoas,Parentesco,"Genro ou nora, 45 a 49 anos"
Dicionário não PCT,V01116,1116,Pessoas,Parentesco,"Genro ou nora, 50 anos ou mais"
Dicionário não PCT,V01117,1117,Pessoas,Parentesco,"Pai, mãe, padrasto ou madrasta, 20 a 24 anos"
Dicionário não PCT,V01118,1118,Pessoas,Parentesco,"Pai, mãe, padrasto ou madrasta, 25 a 29 anos"
Dicionário não PCT,V01119,1119,Pessoas,Parentesco,"Pai, mãe, padrasto ou madrasta, 30 a 34 anos"
Dicionário não PCT,V01120,1120,Pessoas,Parentesco,"Pai, mãe, padrasto ou madrasta, 35 a 39 anos"
Dicionário não PCT,V01121,1121,Pessoas,Parentesco,"Pai, mãe, padrasto ou madrasta, 40 a 44 anos"
Dicionário não PCT,V01122,1122,Pessoas,Parentesco,"Pai, mãe, padrasto ou madrasta, 45 a 49 anos"
Dicionário não PCT,V01123,1123,Pessoas,Parentesco,"Pai, mãe, padrasto ou madrasta, 50 a 54 anos"
Dicionário não PCT,V01124,1124,Pessoas,Parentesco,"Pai, mãe, padrasto ou madrasta, 55 a 59 anos"
Dicionário não PCT,V01125,1125,Pessoas,Parentesco,"Pai, mãe, padrasto ou madrasta, 60 a 64 anos"
Dicionário não PCT,V01126,1126,Pessoas,Parentesco,"Pai, mãe, padrasto ou madrasta, 65 a 69 anos"
Dicionário não PCT,V01127,1127,Pessoas,Parentesco,"Pai, mãe, padrasto ou madrasta, 70 a 74 anos"
Dicionário não PCT,V01128,1128,Pessoas,Parentesco,"Pai, mãe, padrasto ou madrasta, 75 a 79 anos"
Dicionário não PCT,V01129,1129,Pessoas,Parentesco,"Pai, mãe, padrasto ou madrasta, 80 anos ou mais"
Dicionário não PCT,V01130,1130,Pessoas,Parentesco,"Sogro(a), 20 a 24 anos"
Dicionário não PCT,V01131,1131,Pessoas,Parentesco,"Sogro(a), 25 a 29 anos"
Dicionário não PCT,V01132,1132,Pessoas,Parentesco,"Sogro(a), 30 a 34 anos"
Dicionário não PCT,V01133,1133,Pessoas,Parentesco,"Sogro(a), 35 a 39 anos"
Dicionário não PCT,V01134,1134,Pessoas,Parentesco,"Sogro(a), 40 a 44 anos"
Dicionário não PCT,V01135,1135,Pessoas,Parentesco,"Sogro(a), 45 a 49 anos"
Dicionário não PCT,V01136,1136,Pessoas,Parentesco,"Sogro(a), 50 a 54 anos"
Dicionário não PCT,V01137,1137,Pessoas,Parentesco,"Sogro(a), 55 a 59 anos"
Dicionário não PCT,V01138,1138,Pessoas,Parentesco,"Sogro(a), 60 a 64 anos"
Dicionário não PCT,V01139,1139,Pessoas,Parentesco,"Sogro(a), 65 a 69 anos"
Dicionário não PCT,V01140,1140,Pessoas,Parentesco,"Sogro(a), 70 a 74 anos"
Dicionário não PCT,V01141,1141,Pessoas,Parentesco,"Sogro(a), 75 a 79 anos"
Dicionário não PCT,V01142,1142,Pessoas,Parentesco,"Sogro(a), 80 anos ou mais"
Dicionário não PCT,V01143,1143,Pessoas,Parentesco,"Neto(a), 0 a 4 anos"
Dicionário não PCT,V01144,1144,Pessoas,Parentesco,"Neto(a), 5 a 9 anos"
Dicionário não PCT,V01145,1145,Pessoas,Parentesco,"Neto(a), 10 a 14 anos"
Dicionário não PCT,V01146,1146,Pessoas,Parentesco,"Neto(a), 15 a 19 anos"
Dicionário não PCT,V01147,1147,Pessoas,Parentesco,"Neto(a), 20 a 24 anos"
Dicionário não PCT,V01148,1148,Pessoas,Parentesco,"Neto(a), 25 a 29 anos"
Dicionário não PCT,V01149,1149,Pessoas,Parentesco,"Neto(a), 30 a 34 anos"
Dicionário não PCT,V01150,1150,Pessoas,Parentesco,"Neto(a), 35 a 39 anos"
Dicionário não PCT,V01151,1151,Pessoas,Parentesco,"Neto(a), 40 a 44 anos"
Dicionário não PCT,V01152,1152,Pessoas,Parentesco,"Neto(a), 45 a 49 anos"
Dicionário não PCT,V01153,1153,Pessoas,Parentesco,"Neto(a), 50 anos ou mais"
Dicionário não PCT,V01154,1154,Pessoas,Parentesco,"Bisneto(a), 0 a 4 anos"
Dicionário não PCT,V01155,1155,Pessoas,Parentesco,"Bisneto(a), 5 a 9 anos"
Dicionário não PCT,V01156,1156,Pessoas,Parentesco,"Bisneto(a), 10 a 14 anos"
Dicionário não PCT,V01157,1157,Pessoas,Parentesco,"Bisneto(a), 15 a 19 anos"
Dicionário não PCT,V01158,1158,Pessoas,Parentesco,"Bisneto(a), 20 a 24 anos"
Dicionário não PCT,V01159,1159,Pessoas,Parentesco,"Bisneto(a), 25 a 29 anos"
Dicionário não PCT,V01160,1160,Pessoas,Parentesco,"Bisneto(a), 30 a 34 anos"
Dicionário não PCT,V01161,1161,Pessoas,Parentesco,"Bisneto(a), 35 a 39 anos"
Dicionário não PCT,V01162,1162,Pessoas,Parentesco,"Bisneto(a), 40 a 44 anos"
Dicionário não PCT,V01163,1163,Pessoas,Parentesco,"Bisneto(a), 45 a 49 anos"
Dicionário não PCT,V01164,1164,Pessoas,Parentesco,"Bisneto(a), 50 anos ou mais"
Dicionário não PCT,V01165,1165,Pessoas,Parentesco,"Irmão ou irmã, 0 a 4 anos"
Dicionário não PCT,V01166,1166,Pessoas,Parentesco,"Irmão ou irmã, 5 a 9 anos"
Dicionário não PCT,V01167,1167,Pessoas,Parentesco,"Irmão ou irmã, 10 a 14 anos"
Dicionário não PCT,V01168,1168,Pessoas,Parentesco,"Irmão ou irmã, 15 a 19 anos"
Dicionário não PCT,V01169,1169,Pessoas,Parentesco,"Irmão ou irmã, 20 a 24 anos"
Dicionário não PCT,V01170,1170,Pessoas,Parentesco,"Irmão ou irmã, 25 a 29 anos"
Dicionário não PCT,V01171,1171,Pessoas,Parentesco,"Irmão ou irmã, 30 a 34 anos"
Dicionário não PCT,V01172,1172,Pessoas,Parentesco,"Irmão ou irmã, 35 a 39 anos"
Dicionário não PCT,V01173,1173,Pessoas,Parentesco,"Irmão ou irmã, 40 a 44 anos"
Dicionário não PCT,V01174,1174,Pessoas,Parentesco,"Irmão ou irmã, 45 a 49 anos"
Dicionário não PCT,V01175,1175,Pessoas,Parentesco,"Irmão ou irmã, 50 anos ou mais"
Dicionário não PCT,V01176,1176,Pessoas,Parentesco,Domicílio com pelo menos um cônjuge de sexo diferente e nenhum do mesmo sexo
Dicionário não PCT,V01177,1177,Pessoas,Parentesco,Domicílio com pelo menos um cônjuge do mesmo sexo e nenhum de sexo diferente
Dicionário não PCT,V01178,1178,Pessoas,Parentesco,Domicílio com pelo menos um cônjuge de sexo diferente e pelo menos um do mesmo sexo
Dicionário não PCT,V01179,1179,Pessoas,Parentesco,Domicílio sem cônjuge
Dicionário não PCT,V01180,1180,Pessoas,Parentesco,Unidade em Domicílio Coletivo Com Morador
Dicionário não PCT,V01181,1181,Pessoas,Parentesco,"Domicílio com pelo menos um cônjuge de sexo diferente e nenhum do mesmo sexo, Sexo da pessoa responsável pelo domicílio é masculino"
Dicionário não PCT,V01182,1182,Pessoas,Parentesco,"Domicílio com pelo menos um cônjuge de sexo diferente e nenhum do mesmo sexo, Sexo da pessoa responsável pelo domicílio é feminino"
Dicionário não PCT,V01183,1183,Pessoas,Parentesco,"Domicílio com pelo menos um cônjuge do mesmo sexo e nenhum de sexo diferente, Sexo da pessoa responsável pelo domicílio é masculino"
Dicionário não PCT,V01184,1184,Pessoas,Parentesco,"Domicílio com pelo menos um cônjuge do mesmo sexo e nenhum de sexo diferente, Sexo da pessoa responsável pelo domicílio é feminino"
Dicionário não PCT,V01185,1185,Pessoas,Parentesco,"Domicílio com pelo menos um cônjuge de sexo diferente e pelo menos um do mesmo sexo, Sexo da pessoa responsável pelo domicílio é masculino"
Dicionário não PCT,V01186,1186,Pessoas,Parentesco,"Domicílio com pelo menos um cônjuge de sexo diferente e pelo menos um do mesmo sexo, Sexo da pessoa responsável pelo domicílio é feminino"
Dicionário não PCT,V01187,1187,Pessoas,Parentesco,"Domicílio sem cônjuge, Sexo da pessoa responsável pelo domicílio é masculino"
Dicionário não PCT,V01188,1188,Pessoas,Parentesco,"Domicílio sem cônjuge, Sexo da pessoa responsável pelo domicílio é feminino"
Dicionário não PCT,V01189,1189,Pessoas,Parentesco,"Unidade em Domicílio Coletivo Com Morador, Sexo da pessoa responsável pelo domicílio é masculino"
Dicionário não PCT,V01190,1190,Pessoas,Parentesco,"Unidade em Domicílio Coletivo Com Morador, Sexo da pessoa responsável pelo domicílio é feminino"
Dicionário não PCT,V01191,1191,Pessoas,Parentesco,Domicílio com responsável e cônjuge(s) sem filhos
Dicionário não PCT,V01192,1192,Pessoas,Parentesco,Domicílio com responsável e cônjuge com filho de ambos somente
Dicionário não PCT,V01193,1193,Pessoas,Parentesco,Domicílio com responsável e cônjuge(s) com pelo menos um filho somente do responsável ou somente de um(a) cônjuge
Dicionário não PCT,V01194,1194,Pessoas,Parentesco,Domicílio com responsável sem cônjuge com filho(s) e/ou enteado(s)
Dicionário não PCT,V01195,1195,Pessoas,Parentesco,Domicílio com outros tipos de composição
Dicionário não PCT,V01196,1196,Pessoas,Parentesco,Unidade em Domicílio Coletivo Com Morador
Dicionário não PCT,V01197,1197,Pessoas,Parentesco,"Domicílio com responsável e cônjuge(s) sem filhos, Sexo da pessoa responsável pelo domicílio é masculino"
Dicionário não PCT,V01198,1198,Pessoas,Parentesco,"Domicílio com responsável e cônjuge(s) sem filhos, Sexo da pessoa responsável pelo domicílio é feminino"
Dicionário não PCT,V01199,1199,Pessoas,Parentesco,"Domicílio com responsável e cônjuge com filho de ambos somente, Sexo da pessoa responsável pelo domicílio é masculino"
Dicionário não PCT,V01200,1200,Pessoas,Parentesco,"Domicílio com responsável e cônjuge com filho de ambos somente, Sexo da pessoa responsável pelo domicílio é feminino"
Dicionário não PCT,V01201,1201,Pessoas,Parentesco,"Domicílio com responsável e cônjuge(s) com pelo menos um filho somente do responsável ou somente de um(a) cônjuge, Sexo da pessoa responsável pelo domicílio é masculino"
Dicionário não PCT,V01202,1202,Pessoas,Parentesco,"Domicílio com responsável e cônjuge(s) com pelo menos um filho somente do responsável ou somente de um(a) cônjuge, Sexo da pessoa responsável pelo domicílio é feminino"
Dicionário não PCT,V01203,1203,Pessoas,Parentesco,"Domicílio com responsável sem cônjuge com filho(s) e/ou enteado(s), Sexo da pessoa responsável pelo domicílio é masculino"
Dicionário não PCT,V01204,1204,Pessoas,Parentesco,"Domicílio com responsável sem cônjuge com filho(s) e/ou enteado(s), Sexo da pessoa responsável pelo domicílio é feminino"
Dicionário não PCT,V01205,1205,Pessoas,Parentesco,"Domicílio com outros tipos de composição, Sexo da pessoa responsável pelo domicílio é masculino"
Dicionário não PCT,V01206,1206,Pessoas,Parentesco,"Domicílio com outros tipos de composição, Sexo da pessoa responsável pelo domicílio é feminino"
Dicionário não PCT,V01207,1207,Pessoas,Parentesco,"Unidade em Domicílio Coletivo Com Morador, Sexo da pessoa responsável pelo domicílio é masculino"
Dicionário não PCT,V01208,1208,Pessoas,Parentesco,"Unidade em Domicílio Coletivo Com Morador, Sexo da pessoa responsável pelo domicílio é feminino"
Dicionário não PCT,V01209,1209,Pessoas,Parentesco,Espécie de unidade doméstica é unipessoal
Dicionário não PCT,V01210,1210,Pessoas,Parentesco,Espécie de unidade doméstica é nuclear
Dicionário não PCT,V01211,1211,Pessoas,Parentesco,Espécie de unidade doméstica é estendida
Dicionário não PCT,V01212,1212,Pessoas,Parentesco,Espécie de unidade doméstica é composta
Dicionário não PCT,V01213,1213,Pessoas,Parentesco,Espécie de unidade doméstica é unidade em Domicílio Coletivo Com Morador
Dicionário não PCT,V01214,1214,Pessoas,Parentesco,"Espécie de unidade doméstica é unipessoal, Sexo da pessoa responsável pelo domicílio é masculino"
Dicionário não PCT,V01215,1215,Pessoas,Parentesco,"Espécie de unidade doméstica é unipessoal, Sexo da pessoa responsável pelo domicílio é feminino"
Dicionário não PCT,V01216,1216,Pessoas,Parentesco,"Espécie de unidade doméstica é nuclear, Sexo da pessoa responsável pelo domicílio é masculino"
Dicionário não PCT,V01217,1217,Pessoas,Parentesco,"Espécie de unidade doméstica é nuclear, Sexo da pessoa responsável pelo domicílio é feminino"
Dicionário não PCT,V01218,1218,Pessoas,Parentesco,"Espécie de unidade doméstica é estendida, Sexo da pessoa responsável pelo domicílio é masculino"
Dicionário não PCT,V01219,1219,Pessoas,Parentesco,"Espécie de unidade doméstica é estendida, Sexo da pessoa responsável pelo domicílio é feminino"
Dicionário não PCT,V01220,1220,Pessoas,Parentesco,"Espécie de unidade doméstica é composta, Sexo da pessoa responsável pelo domicílio é masculino"
Dicionário não PCT,V01221,1221,Pessoas,Parentesco,"Espécie de unidade doméstica é composta, Sexo da pessoa responsável pelo domicílio é feminino"
Dicionário não PCT,V01222,1222,Pessoas,Parentesco,"Espécie de unidade doméstica é unidade em Domicílio Coletivo Com Morador, Sexo da pessoa responsável pelo domicílio é masculino"
Dicionário não PCT,V01223,1223,Pessoas,Parentesco,"Espécie de unidade doméstica é unidade em Domicílio Coletivo Com Morador, Sexo da pessoa responsável pelo domicílio é feminino"
Dicionário não PCT,V01224,1224,Mortalidade,Óbitos,"Existe pessoa falecida, no período de janeiro de 2019 a julho de 2022, que morava no domicílio"
Dicionário não PCT,V01225,1225,Mortalidade,Óbitos,"Não existe pessoa falecida, no período de janeiro de 2019 a julho de 2022, que morava no domicílio"
Dicionário não PCT,V01226,1226,Mortalidade,Óbitos,Sexo da pessoa falecida é masculino
Dicionário não PCT,V01227,1227,Mortalidade,Óbitos,Sexo da pessoa falecida é feminino
Dicionário não PCT,V01228,1228,Mortalidade,Óbitos,"Sexo da pessoa falecida é masculino, Idade em anos ao falecer é 0 a 4 anos"
Dicionário não PCT,V01229,1229,Mortalidade,Óbitos,"Sexo da pessoa falecida é masculino, Idade em anos ao falecer é 5 a 9 anos"
Dicionário não PCT,V01230,1230,Mortalidade,Óbitos,"Sexo da pessoa falecida é masculino, Idade em anos ao falecer é 10 a 14 anos"
Dicionário não PCT,V01231,1231,Mortalidade,Óbitos,"Sexo da pessoa falecida é masculino, Idade em anos ao falecer é 15 a 19 anos"
Dicionário não PCT,V01232,1232,Mortalidade,Óbitos,"Sexo da pessoa falecida é masculino, Idade em anos ao falecer é 20 a 24 anos"
Dicionário não PCT,V01233,1233,Mortalidade,Óbitos,"Sexo da pessoa falecida é masculino, Idade em anos ao falecer é 25 a 29 anos"
Dicionário não PCT,V01234,1234,Mortalidade,Óbitos,"Sexo da pessoa falecida é masculino, Idade em anos ao falecer é 30 a 39 anos"
Dicionário não PCT,V01235,1235,Mortalidade,Óbitos,"Sexo da pessoa falecida é masculino, Idade em anos ao falecer é 40 a 49 anos"
Dicionário não PCT,V01236,1236,Mortalidade,Óbitos,"Sexo da pessoa falecida é masculino, Idade em anos ao falecer é 50 a 59 anos"
Dicionário não PCT,V01237,1237,Mortalidade,Óbitos,"Sexo da pessoa falecida é masculino, Idade em anos ao falecer é 60 a 69 anos"
Dicionário não PCT,V01238,1238,Mortalidade,Óbitos,"Sexo da pessoa falecida é masculino, Idade em anos ao falecer é 70 anos ou mais"
Dicionário não PCT,V01239,1239,Mortalidade,Óbitos,"Sexo da pessoa falecida é feminino, Idade em anos ao falecer é 0 a 4 anos"
Dicionário não PCT,V01240,1240,Mortalidade,Óbitos,"Sexo da pessoa falecida é feminino, Idade em anos ao falecer é 5 a 9 anos"
Dicionário não PCT,V01241,1241,Mortalidade,Óbitos,"Sexo da pessoa falecida é feminino, Idade em anos ao falecer é 10 a 14 anos"
Dicionário não PCT,V01242,1242,Mortalidade,Óbitos,"Sexo da pessoa falecida é feminino, Idade em anos ao falecer é 15 a 19 anos"
Dicionário não PCT,V01243,1243,Mortalidade,Óbitos,"Sexo da pessoa falecida é feminino, Idade em anos ao falecer é 20 a 24 anos"
Dicionário não PCT,V01244,1244,Mortalidade,Óbitos,"Sexo da pessoa falecida é feminino, Idade em anos ao falecer é 25 a 29 anos"
Dicionário não PCT,V01245,1245,Mortalidade,Óbitos,"Sexo da pessoa falecida é feminino, Idade em anos ao falecer é 30 a 39 anos"
Dicionário não PCT,V01246,1246,Mortalidade,Óbitos,"Sexo da pessoa falecida é feminino, Idade em anos ao falecer é 40 a 49 anos"
Dicionário não PCT,V01247,1247,Mortalidade,Óbitos,"Sexo da pessoa falecida é feminino, Idade em anos ao falecer é 50 a 59 anos"
Dicionário não PCT,V01248,1248,Mortalidade,Óbitos,"Sexo da pessoa falecida é feminino, Idade em anos ao falecer é 60 a 69 anos"
Dicionário não PCT,V01249,1249,Mortalidade,Óbitos,"Sexo da pessoa falecida é feminino, Idade em anos ao falecer é 70 anos ou mais"
Dicionário não PCT,V01250,1250,Mortalidade,Óbitos,"Sexo da pessoa falecida é masculino, Morador com 1 ano ou mais ao falecer"
Dicionário não PCT,V01251,1251,Mortalidade,Óbitos,"Sexo da pessoa falecida é masculino, Morador com menos de 1 ano ao falecer"
Dicionário não PCT,V01252,1252,Mortalidade,Óbitos,"Sexo da pessoa falecida é feminino, Morador com 1 ano ou mais ao falecer"
Dicionário não PCT,V01253,1253,Mortalidade,Óbitos,"Sexo da pessoa falecida é feminino, Morador com menos de 1 ano ao falecer"
Dicionário não PCT,V01254,1254,Mortalidade,Óbitos,"Cor ou raça da pessoa responsável pelo domicílio é branca, Existe pessoa falecida, no período de janeiro de 2019 a julho de 2022, que morava no domicílio"
Dicionário não PCT,V01255,1255,Mortalidade,Óbitos,"Cor ou raça da pessoa responsável pelo domicílio é branca, Não existe pessoa falecida, no período de janeiro de 2019 a julho de 2022, que morava no domicílio"
Dicionário não PCT,V01256,1256,Mortalidade,Óbitos,"Cor ou raça da pessoa responsável pelo domicílio é preta, Existe pessoa falecida, no período de janeiro de 2019 a julho de 2022, que morava no domicílio"
Dicionário não PCT,V01257,1257,Mortalidade,Óbitos,"Cor ou raça da pessoa responsável pelo domicílio é preta, Não existe pessoa falecida, no período de janeiro de 2019 a julho de 2022, que morava no domicílio"
Dicionário não PCT,V01258,1258,Mortalidade,Óbitos,"Cor ou raça da pessoa responsável pelo domicílio é amarela, Existe pessoa falecida, no período de janeiro de 2019 a julho de 2022, que morava no domicílio"
Dicionário não PCT,V01259,1259,Mortalidade,Óbitos,"Cor ou raça da pessoa responsável pelo domicílio é amarela, Não existe pessoa falecida, no período de janeiro de 2019 a julho de 2022, que morava no domicílio"
Dicionário não PCT,V01260,1260,Mortalidade,Óbitos,"Cor ou raça da pessoa responsável pelo domicílio é parda, Existe pessoa falecida, no período de janeiro de 2019 a julho de 2022, que morava no domicílio"
Dicionário não PCT,V01261,1261,Mortalidade,Óbitos,"Cor ou raça da pessoa responsável pelo domicílio é parda, Não existe pessoa falecida, no período de janeiro de 2019 a julho de 2022, que morava no domicílio"
Dicionário não PCT,V01262,1262,Mortalidade,Óbitos,"Cor ou raça da pessoa responsável pelo domicílio é indígena, Existe pessoa falecida, no período de janeiro de 2019 a julho de 2022, que morava no domicílio"
Dicionário não PCT,V01263,1263,Mortalidade,Óbitos,"Cor ou raça da pessoa responsável pelo domicílio é indígena, Não existe pessoa falecida, no período de janeiro de 2019 a julho de 2022, que morava no domicílio"
Dicionário não PCT,V01264,1264,Mortalidade,Óbitos,Mês e ano de falecimento entre janeiro de 2019 a junho de 2019
Dicionário não PCT,V01265,1265,Mortalidade,Óbitos,Mês e ano de falecimento entre julho de 2019 a dezembro de 2019
Dicionário não PCT,V01266,1266,Mortalidade,Óbitos,Mês e ano de falecimento entre janeiro de 2020 a junho de 2020
Dicionário não PCT,V01267,1267,Mortalidade,Óbitos,Mês e ano de falecimento entre julho de 2020 a dezembro de 2020
Dicionário não PCT,V01268,1268,Mortalidade,Óbitos,Mês e ano de falecimento entre janeiro de 2021 a junho de 2021
Dicionário não PCT,V01269,1269,Mortalidade,Óbitos,Mês e ano de falecimento entre julho de 2021 a dezembro de 2021
Dicionário não PCT,V01270,1270,Mortalidade,Óbitos,Mês e ano de falecimento entre janeiro de 2022 a julho de 2022
Dicionário não PCT,V01271,1271,Mortalidade,Óbitos,"Mês e ano de falecimento entre janeiro de 2019 a junho de 2019, Sexo da pessoa falecida é masculino"
Dicionário não PCT,V01272,1272,Mortalidade,Óbitos,"Mês e ano de falecimento entre janeiro de 2019 a junho de 2019, Sexo da pessoa falecida é feminino"
Dicionário não PCT,V01273,1273,Mortalidade,Óbitos,"Mês e ano de falecimento entre julho de 2019 a dezembro de 2019, Sexo da pessoa falecida é masculino"
Dicionário não PCT,V01274,1274,Mortalidade,Óbitos,"Mês e ano de falecimento entre julho de 2019 a dezembro de 2019, Sexo da pessoa falecida é feminino"
Dicionário não PCT,V01275,1275,Mortalidade,Óbitos,"Mês e ano de falecimento entre janeiro de 2020 a junho de 2020, Sexo da pessoa falecida é masculino"
Dicionário não PCT,V01276,1276,Mortalidade,Óbitos,"Mês e ano de falecimento entre janeiro de 2020 a junho de 2020, Sexo da pessoa falecida é feminino"
Dicionário não PCT,V01277,1277,Mortalidade,Óbitos,"Mês e ano de falecimento entre julho de 2020 a dezembro de 2020, Sexo da pessoa falecida é masculino"
Dicionário não PCT,V01278,1278,Mortalidade,Óbitos,"Mês e ano de falecimento entre julho de 2020 a dezembro de 2020, Sexo da pessoa falecida é feminino"
Dicionário não PCT,V01279,1279,Mortalidade,Óbitos,"Mês e ano de falecimento entre janeiro de 2021 a junho de 2021, Sexo da pessoa falecida é masculino"
Dicionário não PCT,V01280,1280,Mortalidade,Óbitos,"Mês e ano de falecimento entre janeiro de 2021 a junho de 2021, Sexo da pessoa falecida é feminino"
Dicionário não PCT,V01281,1281,Mortalidade,Óbitos,"Mês e ano de falecimento entre julho de 2021 a dezembro de 2021, Sexo da pessoa falecida é masculino"
Dicionário não PCT,V01282,1282,Mortalidade,Óbitos,"Mês e ano de falecimento entre julho de 2021 a dezembro de 2021, Sexo da pessoa falecida é feminino"
Dicionário não PCT,V01283,1283,Mortalidade,Óbitos,"Mês e ano de falecimento entre janeiro de 2022 a julho de 2022, Sexo da pessoa falecida é masculino"
Dicionário não PCT,V01284,1284,Mortalidade,Óbitos,"Mês e ano de falecimento entre janeiro de 2022 a julho de 2022, Sexo da pessoa falecida é feminino"
Dicionário não PCT,V01285,1285,Mortalidade,Óbitos,"Mês e ano de falecimento entre janeiro de 2019 a dezembro de 2019, Sexo da pessoa falecida é masculino, 0 a 14 anos"
Dicionário não PCT,V01286,1286,Mortalidade,Óbitos,"Mês e ano de falecimento entre janeiro de 2019 a dezembro de 2019, Sexo da pessoa falecida é masculino, 15 a 29 anos"
Dicionário não PCT,V01287,1287,Mortalidade,Óbitos,"Mês e ano de falecimento entre janeiro de 2019 a dezembro de 2019, Sexo da pessoa falecida é masculino, 30 a 59 anos"
Dicionário não PCT,V01288,1288,Mortalidade,Óbitos,"Mês e ano de falecimento entre janeiro de 2019 a dezembro de 2019, Sexo da pessoa falecida é masculino, 60 anos ou mais"
Dicionário não PCT,V01289,1289,Mortalidade,Óbitos,"Mês e ano de falecimento entre janeiro de 2019 a dezembro de 2019, Sexo da pessoa falecida é feminino, 0 a 14 anos"
Dicionário não PCT,V01290,1290,Mortalidade,Óbitos,"Mês e ano de falecimento entre janeiro de 2019 a dezembro de 2019, Sexo da pessoa falecida é feminino, 15 a 29 anos"
Dicionário não PCT,V01291,1291,Mortalidade,Óbitos,"Mês e ano de falecimento entre janeiro de 2019 a dezembro de 2019, Sexo da pessoa falecida é feminino, 30 a 59 anos"
Dicionário não PCT,V01292,1292,Mortalidade,Óbitos,"Mês e ano de falecimento entre janeiro de 2019 a dezembro de 2019, Sexo da pessoa falecida é feminino, 60 anos ou mais"
Dicionário não PCT,V01293,1293,Mortalidade,Óbitos,"Mês e ano de falecimento entre janeiro de 2020 a dezembro de 2020, Sexo da pessoa falecida é masculino, 0 a 14 anos"
Dicionário não PCT,V01294,1294,Mortalidade,Óbitos,"Mês e ano de falecimento entre janeiro de 2020 a dezembro de 2020, Sexo da pessoa falecida é masculino, 15 a 29 anos"
Dicionário não PCT,V01295,1295,Mortalidade,Óbitos,"Mês e ano de falecimento entre janeiro de 2020 a dezembro de 2020, Sexo da pessoa falecida é masculino, 30 a 59 anos"
Dicionário não PCT,V01296,1296,Mortalidade,Óbitos,"Mês e ano de falecimento entre janeiro de 2020 a dezembro de 2020, Sexo da pessoa falecida é masculino, 60 anos ou mais"
Dicionário não PCT,V01297,1297,Mortalidade,Óbitos,"Mês e ano de falecimento entre janeiro de 2020 a dezembro de 2020, Sexo da pessoa falecida é feminino, 0 a 14 anos"
Dicionário não PCT,V01298,1298,Mortalidade,Óbitos,"Mês e ano de falecimento entre janeiro de 2020 a dezembro de 2020, Sexo da pessoa falecida é feminino, 15 a 29 anos"
Dicionário não PCT,V01299,1299,Mortalidade,Óbitos,"Mês e ano de falecimento entre janeiro de 2020 a dezembro de 2020, Sexo da pessoa falecida é feminino, 30 a 59 anos"
Dicionário não PCT,V01300,1300,Mortalidade,Óbitos,"Mês e ano de falecimento entre janeiro de 2020 a dezembro de 2020, Sexo da pessoa falecida é feminino, 60 anos ou mais"
Dicionário não PCT,V01301,1301,Mortalidade,Óbitos,"Mês e ano de falecimento entre janeiro de 2021 a dezembro de 2021, Sexo da pessoa falecida é masculino, 0 a 14 anos"
Dicionário não PCT,V01302,1302,Mortalidade,Óbitos,"Mês e ano de falecimento entre janeiro de 2021 a dezembro de 2021, Sexo da pessoa falecida é masculino, 15 a 29 anos"
Dicionário não PCT,V01303,1303,Mortalidade,Óbitos,"Mês e ano de falecimento entre janeiro de 2021 a dezembro de 2021, Sexo da pessoa falecida é masculino, 30 a 59 anos"
Dicionário não PCT,V01304,1304,Mortalidade,Óbitos,"Mês e ano de falecimento entre janeiro de 2021 a dezembro de 2021, Sexo da pessoa falecida é masculino, 60 anos ou mais"
Dicionário não PCT,V01305,1305,Mortalidade,Óbitos,"Mês e ano de falecimento entre janeiro de 2021 a dezembro de 2021, Sexo da pessoa falecida é feminino, 0 a 14 anos"
Dicionário não PCT,V01306,1306,Mortalidade,Óbitos,"Mês e ano de falecimento entre janeiro de 2021 a dezembro de 2021, Sexo da pessoa falecida é feminino, 15 a 29 anos"
Dicionário não PCT,V01307,1307,Mortalidade,Óbitos,"Mês e ano de falecimento entre janeiro de 2021 a dezembro de 2021, Sexo da pessoa falecida é feminino, 30 a 59 anos"
Dicionário não PCT,V01308,1308,Mortalidade,Óbitos,"Mês e ano de falecimento entre janeiro de 2021 a dezembro de 2021, Sexo da pessoa falecida é feminino, 60 anos ou mais"
Dicionário não PCT,V01309,1309,Mortalidade,Óbitos,"Mês e ano de falecimento entre janeiro de 2022 a julho de 2022, Sexo da pessoa falecida é masculino, 0 a 14 anos"
Dicionário não PCT,V01310,1310,Mortalidade,Óbitos,"Mês e ano de falecimento entre janeiro de 2022 a julho de 2022, Sexo da pessoa falecida é masculino, 15 a 29 anos"
Dicionário não PCT,V01311,1311,Mortalidade,Óbitos,"Mês e ano de falecimento entre janeiro de 2022 a julho de 2022, Sexo da pessoa falecida é masculino, 30 a 59 anos"
Dicionário não PCT,V01312,1312,Mortalidade,Óbitos,"Mês e ano de falecimento entre janeiro de 2022 a julho de 2022, Sexo da pessoa falecida é masculino, 60 anos ou mais"
Dicionário não PCT,V01313,1313,Mortalidade,Óbitos,"Mês e ano de falecimento entre janeiro de 2022 a julho de 2022, Sexo da pessoa falecida é feminino, 0 a 14 anos"
Dicionário não PCT,V01314,1314,Mortalidade,Óbitos,"Mês e ano de falecimento entre janeiro de 2022 a julho de 2022, Sexo da pessoa falecida é feminino, 15 a 29 anos"
Dicionário não PCT,V01315,1315,Mortalidade,Óbitos,"Mês e ano de falecimento entre janeiro de 2022 a julho de 2022, Sexo da pessoa falecida é feminino, 30 a 59 anos"
Dicionário não PCT,V01316,1316,Mortalidade,Óbitos,"Mês e ano de falecimento entre janeiro de 2022 a julho de 2022, Sexo da pessoa falecida é feminino, 60 anos ou mais"
Dicionário não PCT,V01317,1317,Pessoas,Cor ou Raça,Cor ou raça é branca
Dicionário não PCT,V01318,1318,Pessoas,Cor ou Raça,Cor ou raça é preta
Dicionário não PCT,V01319,1319,Pessoas,Cor ou Raça,Cor ou raça é amarela
Dicionário não PCT,V01320,1320,Pessoas,Cor ou Raça,Cor ou raça é parda
Dicionário não PCT,V01321,1321,Pessoas,Cor ou Raça,Cor ou raça é indígena
Dicionário não PCT,V01322,1322,Pessoas,Cor ou Raça,"Sexo masculino, Cor ou raça é branca"
Dicionário não PCT,V01323,1323,Pessoas,Cor ou Raça,"Sexo masculino, Cor ou raça é preta"
Dicionário não PCT,V01324,1324,Pessoas,Cor ou Raça,"Sexo masculino, Cor ou raça é amarela"
Dicionário não PCT,V01325,1325,Pessoas,Cor ou Raça,"Sexo masculino, Cor ou raça é parda"
Dicionário não PCT,V01326,1326,Pessoas,Cor ou Raça,"Sexo masculino, Cor ou raça é indígena"
Dicionário não PCT,V01327,1327,Pessoas,Cor ou Raça,"Sexo feminino, Cor ou raça é branca"
Dicionário não PCT,V01328,1328,Pessoas,Cor ou Raça,"Sexo feminino, Cor ou raça é preta"
Dicionário não PCT,V01329,1329,Pessoas,Cor ou Raça,"Sexo feminino, Cor ou raça é amarela"
Dicionário não PCT,V01330,1330,Pessoas,Cor ou Raça,"Sexo feminino, Cor ou raça é parda"
Dicionário não PCT,V01331,1331,Pessoas,Cor ou Raça,"Sexo feminino, Cor ou raça é  indígena"
Dicionário não PCT,V01332,1332,Pessoas,Cor ou Raça,Cor ou raça da pessoa responsável pelo domicílio é branca
Dicionário não PCT,V01333,1333,Pessoas,Cor ou Raça,Cor ou raça da pessoa responsável pelo domicílio é preta
Dicionário não PCT,V01334,1334,Pessoas,Cor ou Raça,Cor ou raça da pessoa responsável pelo domicílio é amarela
Dicionário não PCT,V01335,1335,Pessoas,Cor ou Raça,Cor ou raça da pessoa responsável pelo domicílio é parda
Dicionário não PCT,V01336,1336,Pessoas,Cor ou Raça,Cor ou raça da pessoa responsável pelo domicílio é indígena
Dicionário não PCT,V01337,1337,Pessoas,Cor ou Raça,"Cor ou raça da pessoa responsável pelo domicílio é branca, Sexo da pessoa responsável pelo domicílio é masculino"
Dicionário não PCT,V01338,1338,Pessoas,Cor ou Raça,"Cor ou raça da pessoa responsável pelo domicílio é branca, Sexo da pessoa responsável pelo domicílio é feminino"
Dicionário não PCT,V01339,1339,Pessoas,Cor ou Raça,"Cor ou raça da pessoa responsável pelo domicílio é preta, Sexo da pessoa responsável pelo domicílio é masculino"
Dicionário não PCT,V01340,1340,Pessoas,Cor ou Raça,"Cor ou raça da pessoa responsável pelo domicílio é preta, Sexo da pessoa responsável pelo domicílio é feminino"
Dicionário não PCT,V01341,1341,Pessoas,Cor ou Raça,"Cor ou raça da pessoa responsável pelo domicílio é amarela, Sexo da pessoa responsável pelo domicílio é masculino"
Dicionário não PCT,V01342,1342,Pessoas,Cor ou Raça,"Cor ou raça da pessoa responsável pelo domicílio é amarela, Sexo da pessoa responsável pelo domicílio é feminino"
Dicionário não PCT,V01343,1343,Pessoas,Cor ou Raça,"Cor ou raça da pessoa responsável pelo domicílio é parda, Sexo da pessoa responsável pelo domicílio é masculino"
Dicionário não PCT,V01344,1344,Pessoas,Cor ou Raça,"Cor ou raça da pessoa responsável pelo domicílio é parda, Sexo da pessoa responsável pelo domicílio é feminino"
Dicionário não PCT,V01345,1345,Pessoas,Cor ou Raça,"Cor ou raça da pessoa responsável pelo domicílio é indígena, Sexo da pessoa responsável pelo domicílio é masculino"
Dicionário não PCT,V01346,1346,Pessoas,Cor ou Raça,"Cor ou raça da pessoa responsável pelo domicílio é indígena, Sexo da pessoa responsável pelo domicílio é feminino"
Dicionário não PCT,V01347,1347,Pessoas,Cor ou Raça,"Cor ou raça da pessoa responsável pelo domicílio é branca, 12 a 17 anos"
Dicionário não PCT,V01348,1348,Pessoas,Cor ou Raça,"Cor ou raça da pessoa responsável pelo domicílio é branca, 18 a 24 anos"
Dicionário não PCT,V01349,1349,Pessoas,Cor ou Raça,"Cor ou raça da pessoa responsável pelo domicílio é branca, 25 a 39 anos"
Dicionário não PCT,V01350,1350,Pessoas,Cor ou Raça,"Cor ou raça da pessoa responsável pelo domicílio é branca, 40 a 59 anos"
Dicionário não PCT,V01351,1351,Pessoas,Cor ou Raça,"Cor ou raça da pessoa responsável pelo domicílio é branca, 60 anos ou mais"
Dicionário não PCT,V01352,1352,Pessoas,Cor ou Raça,"Cor ou raça da pessoa responsável pelo domicílio é preta, 12 a 17 anos"
Dicionário não PCT,V01353,1353,Pessoas,Cor ou Raça,"Cor ou raça da pessoa responsável pelo domicílio é preta, 18 a 24 anos"
Dicionário não PCT,V01354,1354,Pessoas,Cor ou Raça,"Cor ou raça da pessoa responsável pelo domicílio é preta, 25 a 39 anos"
Dicionário não PCT,V01355,1355,Pessoas,Cor ou Raça,"Cor ou raça da pessoa responsável pelo domicílio é preta, 40 a 59 anos"
Dicionário não PCT,V01356,1356,Pessoas,Cor ou Raça,"Cor ou raça da pessoa responsável pelo domicílio é preta, 60 anos ou mais"
Dicionário não PCT,V01357,1357,Pessoas,Cor ou Raça,"Cor ou raça da pessoa responsável pelo domicílio é amarela, 12 a 17 anos"
Dicionário não PCT,V01358,1358,Pessoas,Cor ou Raça,"Cor ou raça da pessoa responsável pelo domicílio é amarela, 18 a 24 anos"
Dicionário não PCT,V01359,1359,Pessoas,Cor ou Raça,"Cor ou raça da pessoa responsável pelo domicílio é amarela, 25 a 39 anos"
Dicionário não PCT,V01360,1360,Pessoas,Cor ou Raça,"Cor ou raça da pessoa responsável pelo domicílio é amarela, 40 a 59 anos"
Dicionário não PCT,V01361,1361,Pessoas,Cor ou Raça,"Cor ou raça da pessoa responsável pelo domicílio é amarela, 60 anos ou mais"
Dicionário não PCT,V01362,1362,Pessoas,Cor ou Raça,"Cor ou raça da pessoa responsável pelo domicílio é parda, 12 a 17 anos"
Dicionário não PCT,V01363,1363,Pessoas,Cor ou Raça,"Cor ou raça da pessoa responsável pelo domicílio é parda, 18 a 24 anos"
Dicionário não PCT,V01364,1364,Pessoas,Cor ou Raça,"Cor ou raça da pessoa responsável pelo domicílio é parda, 25 a 39 anos"
Dicionário não PCT,V01365,1365,Pessoas,Cor ou Raça,"Cor ou raça da pessoa responsável pelo domicílio é parda, 40 a 59 anos"
Dicionário não PCT,V01366,1366,Pessoas,Cor ou Raça,"Cor ou raça da pessoa responsável pelo domicílio é parda, 60 anos ou mais"
Dicionário não PCT,V01367,1367,Pessoas,Cor ou Raça,"Cor ou raça da pessoa responsável pelo domicílio é indígena, 12 a 17 anos"
Dicionário não PCT,V01368,1368,Pessoas,Cor ou Raça,"Cor ou raça da pessoa responsável pelo domicílio é indígena, 18 a 24 anos"
Dicionário não PCT,V01369,1369,Pessoas,Cor ou Raça,"Cor ou raça da pessoa responsável pelo domicílio é indígena, 25 a 39 anos"
Dicionário não PCT,V01370,1370,Pessoas,Cor ou Raça,"Cor ou raça da pessoa responsável pelo domicílio é indígena, 40 a 59 anos"
Dicionário não PCT,V01371,1371,Pessoas,Cor ou Raça,"Cor ou raça da pessoa responsável pelo domicílio é indígena, 60 anos ou mais"
Dicionário não PCT,V01372,1372,Pessoas,Cor ou Raça,"0 a 14 anos, Cor ou raça é branca"
Dicionário não PCT,V01373,1373,Pessoas,Cor ou Raça,"0 a 14 anos, Cor ou raça é preta"
Dicionário não PCT,V01374,1374,Pessoas,Cor ou Raça,"0 a 14 anos, Cor ou raça é amarela"
Dicionário não PCT,V01375,1375,Pessoas,Cor ou Raça,"0 a 14 anos, Cor ou raça é parda"
Dicionário não PCT,V01376,1376,Pessoas,Cor ou Raça,"0 a 14 anos, Cor ou raça é indígena"
Dicionário não PCT,V01377,1377,Pessoas,Cor ou Raça,"15 a 29 anos, Cor ou raça é branca"
Dicionário não PCT,V01378,1378,Pessoas,Cor ou Raça,"15 a 29 anos, Cor ou raça é preta"
Dicionário não PCT,V01379,1379,Pessoas,Cor ou Raça,"15 a 29 anos, Cor ou raça é amarela"
Dicionário não PCT,V01380,1380,Pessoas,Cor ou Raça,"15 a 29 anos, Cor ou raça é parda"
Dicionário não PCT,V01381,1381,Pessoas,Cor ou Raça,"15 a 29 anos, Cor ou raça é indígena"
Dicionário não PCT,V01382,1382,Pessoas,Cor ou Raça,"30 a 59 anos, Cor ou raça é branca"
Dicionário não PCT,V01383,1383,Pessoas,Cor ou Raça,"30 a 59 anos, Cor ou raça é preta"
Dicionário não PCT,V01384,1384,Pessoas,Cor ou Raça,"30 a 59 anos, Cor ou raça é amarela"
Dicionário não PCT,V01385,1385,Pessoas,Cor ou Raça,"30 a 59 anos, Cor ou raça é parda"
Dicionário não PCT,V01386,1386,Pessoas,Cor ou Raça,"30 a 59 anos, Cor ou raça é indígena"
Dicionário não PCT,V01387,1387,Pessoas,Cor ou Raça,"60 anos ou mais, Cor ou raça é branca"
Dicionário não PCT,V01388,1388,Pessoas,Cor ou Raça,"60 anos ou mais, Cor ou raça é preta"
Dicionário não PCT,V01389,1389,Pessoas,Cor ou Raça,"60 anos ou mais, Cor ou raça é amarela"
Dicionário não PCT,V01390,1390,Pessoas,Cor ou Raça,"60 anos ou mais, Cor ou raça é parda"
Dicionário não PCT,V01391,1391,Pessoas,Cor ou Raça,"60 anos ou mais, Cor ou raça é indígena"
Dicionário não PCT,V01392,1392,Pessoas,Cor ou Raça,"Sexo masculino, 0 a 9 anos, Cor ou raça é branca"
Dicionário não PCT,V01393,1393,Pessoas,Cor ou Raça,"Sexo masculino, 0 a 9 anos, Cor ou raça é preta"
Dicionário não PCT,V01394,1394,Pessoas,Cor ou Raça,"Sexo masculino, 0 a 9 anos, Cor ou raça é amarela"
Dicionário não PCT,V01395,1395,Pessoas,Cor ou Raça,"Sexo masculino, 0 a 9 anos, Cor ou raça é parda"
Dicionário não PCT,V01396,1396,Pessoas,Cor ou Raça,"Sexo masculino, 0 a 9 anos, Cor ou raça é indígena"
Dicionário não PCT,V01397,1397,Pessoas,Cor ou Raça,"Sexo masculino, 10 anos ou mais, Cor ou raça é branca"
Dicionário não PCT,V01398,1398,Pessoas,Cor ou Raça,"Sexo masculino, 10 anos ou mais, Cor ou raça é preta"
Dicionário não PCT,V01399,1399,Pessoas,Cor ou Raça,"Sexo masculino, 10 anos ou mais, Cor ou raça é amarela"
Dicionário não PCT,V01400,1400,Pessoas,Cor ou Raça,"Sexo masculino, 10 anos ou mais, Cor ou raça é parda"
Dicionário não PCT,V01401,1401,Pessoas,Cor ou Raça,"Sexo masculino, 10 anos ou mais, Cor ou raça é indígena"
Dicionário não PCT,V01402,1402,Pessoas,Cor ou Raça,"Sexo feminino, 0 a 9 anos, Cor ou raça é branca"
Dicionário não PCT,V01403,1403,Pessoas,Cor ou Raça,"Sexo feminino, 0 a 9 anos, Cor ou raça é preta"
Dicionário não PCT,V01404,1404,Pessoas,Cor ou Raça,"Sexo feminino, 0 a 9 anos, Cor ou raça é amarela"
Dicionário não PCT,V01405,1405,Pessoas,Cor ou Raça,"Sexo feminino, 0 a 9 anos, Cor ou raça é parda"
Dicionário não PCT,V01406,1406,Pessoas,Cor ou Raça,"Sexo feminino, 0 a 9 anos, Cor ou raça é indígena"
Dicionário não PCT,V01407,1407,Pessoas,Cor ou Raça,"Sexo feminino, 10 anos ou mais, Cor ou raça é branca"
Dicionário não PCT,V01408,1408,Pessoas,Cor ou Raça,"Sexo feminino, 10 anos ou mais, Cor ou raça é preta"
Dicionário não PCT,V01409,1409,Pessoas,Cor ou Raça,"Sexo feminino, 10 anos ou mais, Cor ou raça é amarela"
Dicionário não PCT,V01410,1410,Pessoas,Cor ou Raça,"Sexo feminino, 10 anos ou mais, Cor ou raça é parda"
Dicionário não PCT,V01411,1411,Pessoas,Cor ou Raça,"Sexo feminino, 10 anos ou mais, Cor ou raça é indígena"
Dicionário PCT - Indígenas,V01500,1500,Domicílio,Indígenas,Domicílio com pelo menos um morador indígena
Dicionário PCT - Indígenas,V01501,1501,Domicílio,Indígenas,"Domicílios Particulares Permanentes Ocupados, Moradores indígenas no domicílio"
Dicionário PCT - Indígenas,V01502,1502,Domicílio,Indígenas,"Domicílios Particulares Improvisados Ocupados, Moradores indígenas no domicílio"
Dicionário PCT - Indígenas,V01503,1503,Domicílio,Indígenas,"Domicílios Coletivos Com Morador, Moradores indígenas no domicílio"
Dicionário PCT - Indígenas,V01504,1504,Domicílio,Indígenas,"Domicílios Particulares Permanentes Ocupados, Tipo de espécie é casa, Moradores indígenas no domicílio"
Dicionário PCT - Indígenas,V01505,1505,Domicílio,Indígenas,"Domicílios Particulares Permanentes Ocupados, Tipo de espécie é casa de vila ou em condomínio, Moradores indígenas no domicílio"
Dicionário PCT - Indígenas,V01506,1506,Domicílio,Indígenas,"Domicílios Particulares Permanentes Ocupados, Tipo de espécie é apartamento, Moradores indígenas no domicílio"
Dicionário PCT - Indígenas,V01507,1507,Domicílio,Indígenas,"Domicílios Particulares Permanentes Ocupados, Tipo de espécie é habitação em casa de cômodos ou cortiço, Moradores indígenas no domicílio"
Dicionário PCT - Indígenas,V01508,1508,Domicílio,Indígenas,"Domicílios Particulares Permanentes Ocupados, Tipo de espécie é habitação indígena sem paredes ou maloca, Moradores indígenas no domicílio"
Dicionário PCT - Indígenas,V01509,1509,Domicílio,Indígenas,"Domicílios Particulares Permanentes Ocupados, Tipo de espécie é estrutura residencial permanente degradada ou inacabada, Moradores indígenas no domicílio"
Dicionário PCT - Indígenas,V01510,1510,Domicílio,Indígenas,"Domicílios Particulares Improvisados Ocupados, Tipo de espécie é tenda ou barraca de lona, plástico ou tecido, Moradores indígenas no domicílio"
Dicionário PCT - Indígenas,V01511,1511,Domicílio,Indígenas,"Domicílios Particulares Improvisados Ocupados, Tipo de espécie é dentro de estabelecimento em funcionamento, Moradores indígenas no domicílio"
Dicionário PCT - Indígenas,V01512,1512,Domicílio,Indígenas,"Domicílios Particulares Improvisados Ocupados, Outros tipos de espécie (abrigos naturais e outras estruturas improvisadas), Moradores indígenas no domicílio"
Dicionário PCT - Indígenas,V01513,1513,Domicílio,Indígenas,"Domicílios Particulares Improvisados Ocupados, Tipo de espécie é estrutura improvisada em logradouro público, exceto tenda ou barraca, Moradores indígenas no domicílio"
Dicionário PCT - Indígenas,V01514,1514,Domicílio,Indígenas,"Domicílios Particulares Improvisados Ocupados, Tipo de espécie é estrutura não residencial permanente degradada ou inacabada, Moradores indígenas no domicílio"
Dicionário PCT - Indígenas,V01515,1515,Domicílio,Indígenas,"Domicílios Particulares Improvisados Ocupados, Tipo de espécie é veículo (carro, caminhão, trailer, barco etc), Moradores indígenas no domicílio"
Dicionário PCT - Indígenas,V01516,1516,Domicílio,Indígenas,"Domicílios Coletivos Com Morador, Tipo de espécie é asilo ou outra instituição de longa permanência para idosos, Moradores indígenas no domicílio"
Dicionário PCT - Indígenas,V01517,1517,Domicílio,Indígenas,"Domicílios Coletivos Com Morador, Tipo de espécie é hotel ou pensão, Moradores indígenas no domicílio"
Dicionário PCT - Indígenas,V01518,1518,Domicílio,Indígenas,"Domicílios Coletivos Com Morador, Tipo de espécie é alojamento, Moradores indígenas no domicílio"
Dicionário PCT - Indígenas,V01519,1519,Domicílio,Indígenas,"Domicílios Coletivos Com Morador, Tipo de espécie é penitenciária, centro de detenção e similar, Moradores indígenas no domicílio"
Dicionário PCT - Indígenas,V01520,1520,Domicílio,Indígenas,"Domicílios Coletivos Com Morador, Outros tipos de espécie, Moradores indígenas no domicílio"
Dicionário PCT - Indígenas,V01521,1521,Domicílio,Indígenas,"Domicílios Coletivos Com Morador, Tipo de espécie é abrigo, albergue ou casa de passagem para população em situação de rua, Moradores indígenas no domicílio"
Dicionário PCT - Indígenas,V01522,1522,Domicílio,Indígenas,"Domicílios Coletivos Com Morador, Tipo de espécie é abrigo, casas de passagem ou república assistencial para outros grupos vulneráveis, Moradores indígenas no domicílio"
Dicionário PCT - Indígenas,V01523,1523,Domicílio,Indígenas,"Domicílios Coletivos Com Morador, Tipo de espécie é clínica psiquiátrica, comunidade terapêutica e similar, Moradores indígenas no domicílio"
Dicionário PCT - Indígenas,V01524,1524,Domicílio,Indígenas,"Domicílios Coletivos Com Morador, Tipo de espécie é orfanato e similar, Moradores indígenas no domicílio"
Dicionário PCT - Indígenas,V01525,1525,Domicílio,Indígenas,"Domicílios Coletivos Com Morador, Tipo de espécie é unidade de internação de menores, Moradores indígenas no domicílio"
Dicionário PCT - Indígenas,V01526,1526,Domicílio,Indígenas,"Domicílios Coletivos Com Morador, Tipo de espécie é quartel ou outra organização militar, Moradores indígenas no domicílio"
Dicionário PCT - Indígenas,V01527,1527,Domicílio,Indígenas,"Domicílios Particulares Permanentes Ocupados, Tipo de espécie é casa, Domicílio com pelo menos um morador indígena"
Dicionário PCT - Indígenas,V01528,1528,Domicílio,Indígenas,"Domicílios Particulares Permanentes Ocupados, Tipo de espécie é casa de vila ou em condomínio, Domicílio com pelo menos um morador indígena"
Dicionário PCT - Indígenas,V01529,1529,Domicílio,Indígenas,"Domicílios Particulares Permanentes Ocupados, Tipo de espécie é apartamento, Domicílio com pelo menos um morador indígena"
Dicionário PCT - Indígenas,V01530,1530,Domicílio,Indígenas,"Domicílios Particulares Permanentes Ocupados, Tipo de espécie é habitação em casa de cômodos ou cortiço, Domicílio com pelo menos um morador indígena"
Dicionário PCT - Indígenas,V01531,1531,Domicílio,Indígenas,"Domicílios Particulares Permanentes Ocupados, Tipo de espécie é habitação indígena sem paredes ou maloca, Domicílio com pelo menos um morador indígena"
Dicionário PCT - Indígenas,V01532,1532,Domicílio,Indígenas,"Domicílios Particulares Permanentes Ocupados, Tipo de espécie é estrutura residencial permanente degradada ou inacabada, Domicílio com pelo menos um morador indígena"
Dicionário PCT - Indígenas,V01533,1533,Domicílio,Indígenas,"Domicílios Particulares Improvisados Ocupados, Tipo de espécie é tenda ou barraca de lona, plástico ou tecido, Domicílio com pelo menos um morador indígena"
Dicionário PCT - Indígenas,V01534,1534,Domicílio,Indígenas,"Domicílios Particulares Improvisados Ocupados, Tipo de espécie é dentro de estabelecimento em funcionamento, Domicílio com pelo menos um morador indígena"
Dicionário PCT - Indígenas,V01535,1535,Domicílio,Indígenas,"Domicílios Particulares Improvisados Ocupados, Outros tipos de espécie (abrigos naturais e outras estruturas improvisadas), Domicílio com pelo menos um morador indígena"
Dicionário PCT - Indígenas,V01536,1536,Domicílio,Indígenas,"Domicílios Particulares Improvisados Ocupados, Tipo de espécie é estrutura improvisada em logradouro público, exceto tenda ou barraca, Domicílio com pelo menos um morador indígena"
Dicionário PCT - Indígenas,V01537,1537,Domicílio,Indígenas,"Domicílios Particulares Improvisados Ocupados, Tipo de espécie é estrutura não residencial permanente degradada ou inacabada, Domicílio com pelo menos um morador indígena"
Dicionário PCT - Indígenas,V01538,1538,Domicílio,Indígenas,"Domicílios Particulares Improvisados Ocupados, Tipo de espécie é veículo (carro, caminhão, trailer, barco etc), Domicílio com pelo menos um morador indígena"
Dicionário PCT - Indígenas,V01539,1539,Domicílio,Indígenas,"Domicílios Coletivos Com Morador, Tipo de espécie é asilo ou outra instituição de longa permanência para idosos, Domicílio com pelo menos um morador indígena"
Dicionário PCT - Indígenas,V01540,1540,Domicílio,Indígenas,"Domicílios Coletivos Com Morador, Tipo de espécie é hotel ou pensão, Domicílio com pelo menos um morador indígena"
Dicionário PCT - Indígenas,V01541,1541,Domicílio,Indígenas,"Domicílios Coletivos Com Morador, Tipo de espécie é alojamento, Domicílio com pelo menos um morador indígena"
Dicionário PCT - Indígenas,V01542,1542,Domicílio,Indígenas,"Domicílios Coletivos Com Morador, Tipo de espécie é penitenciária, centro de detenção e similar, Domicílio com pelo menos um morador indígena"
Dicionário PCT - Indígenas,V01543,1543,Domicílio,Indígenas,"Domicílios Coletivos Com Morador, Outros tipos de espécie, Domicílio com pelo menos um morador indígena"
Dicionário PCT - Indígenas,V01544,1544,Domicílio,Indígenas,"Domicílios Coletivos Com Morador, Tipo de espécie é abrigo, albergue ou casa de passagem para população em situação de rua, Domicílio com pelo menos um morador indígena"
Dicionário PCT - Indígenas,V01545,1545,Domicílio,Indígenas,"Domicílios Coletivos Com Morador, Tipo de espécie é abrigo, casas de passagem ou república assistencial para outros grupos vulneráveis, Domicílio com pelo menos um morador indígena"
Dicionário PCT - Indígenas,V01546,1546,Domicílio,Indígenas,"Domicílios Coletivos Com Morador, Tipo de espécie é clínica psiquiátrica, comunidade terapêutica e similar, Domicílio com pelo menos Um morador indígena"
Dicionário PCT - Indígenas,V01547,1547,Domicílio,Indígenas,"Domicílios Coletivos Com Morador, Tipo de espécie é orfanato e similar, Domicílio com pelo menos um morador indígena"
Dicionário PCT - Indígenas,V01548,1548,Domicílio,Indígenas,"Domicílios Coletivos Com Morador, Tipo de espécie é unidade de internação de menores, Domicílio com pelo menos um morador indígena"
Dicionário PCT - Indígenas,V01549,1549,Domicílio,Indígenas,"Domicílios Coletivos Com Morador, Tipo de espécie é quartel ou outra organização militar, Domicílio com pelo menos um morador indígena"
Dicionário PCT - Indígenas,V01550,1550,Domicílio,Indígenas,"Domicílios Particulares Permanentes Ocupados, Utiliza rede geral de distribuição, Moradores indígenas no domicílio"
Dicionário PCT - Indígenas,V01551,1551,Domicílio,Indígenas,"Domicílios Particulares Permanentes Ocupados, Utiliza poço profundo ou artesiano, Moradores indígenas no domicílio"
Dicionário PCT - Indígenas,V01552,1552,Domicílio,Indígenas,"Domicílios Particulares Permanentes Ocupados, Utiliza poço raso, freático ou cacimba, Moradores indígenas no domicílio"
Dicionário PCT - Indígenas,V01553,1553,Domicílio,Indígenas,"Domicílios Particulares Permanentes Ocupados, Utiliza fonte, nascente ou mina, Moradores indígenas no domicílio"
Dicionário PCT - Indígenas,V01554,1554,Domicílio,Indígenas,"Domicílios Particulares Permanentes Ocupados, Utiliza carro-pipa, Moradores indígenas no domicílio"
Dicionário PCT - Indígenas,V01555,1555,Domicílio,Indígenas,"Domicílios Particulares Permanentes Ocupados, Utiliza água da chuva armazenada, Moradores indígenas no domicílio"
Dicionário PCT - Indígenas,V01556,1556,Domicílio,Indígenas,"Domicílios Particulares Permanentes Ocupados, Utiliza rios, açudes, córregos, lagos e igarapés, Moradores indígenas no domicílio"
Dicionário PCT - Indígenas,V01557,1557,Domicílio,Indígenas,"Domicílios Particulares Permanentes Ocupados, Utiliza outra forma de abastecimento de água, Moradores indígenas no domicílio"
Dicionário PCT - Indígenas,V01558,1558,Domicílio,Indígenas,"Domicílios Particulares Permanentes Ocupados, Utiliza rede geral de distribuição, Domicílio com pelo menos um morador indígena"
Dicionário PCT - Indígenas,V01559,1559,Domicílio,Indígenas,"Domicílios Particulares Permanentes Ocupados, Utiliza poço profundo ou artesiano, Domicílio com pelo menos um morador indígena"
Dicionário PCT - Indígenas,V01560,1560,Domicílio,Indígenas,"Domicílios Particulares Permanentes Ocupados, Utiliza poço raso, freático ou cacimba, Domicílio com pelo menos um morador indígena"
Dicionário PCT - Indígenas,V01561,1561,Domicílio,Indígenas,"Domicílios Particulares Permanentes Ocupados, Utiliza fonte, nascente ou mina, Domicílio com pelo menos um morador indígena"
Dicionário PCT - Indígenas,V01562,1562,Domicílio,Indígenas,"Domicílios Particulares Permanentes Ocupados, Utiliza carro-pipa, Domicílio com pelo menos um morador indígena"
Dicionário PCT - Indígenas,V01563,1563,Domicílio,Indígenas,"Domicílios Particulares Permanentes Ocupados, Utiliza água da chuva armazenada, Domicílio com pelo menos um morador indígena"
Dicionário PCT - Indígenas,V01564,1564,Domicílio,Indígenas,"Domicílios Particulares Permanentes Ocupados, Utiliza rios, açudes, córregos, lagos e igarapés, Domicílio com pelo menos um morador indígena"
Dicionário PCT - Indígenas,V01565,1565,Domicílio,Indígenas,"Domicílios Particulares Permanentes Ocupados, Utiliza outra forma de abastecimento de água, Domicílio com pelo menos um morador indígena"
Dicionário PCT - Indígenas,V01566,1566,Domicílio,Indígenas,"Domicílios Particulares Permanentes Ocupados, Água chega encanada até dentro da casa, apartamento ou habitação, Moradores indígenas no domicílio"
Dicionário PCT - Indígenas,V01567,1567,Domicílio,Indígenas,"Domicílios Particulares Permanentes Ocupados, Água chega encanada, mas apenas ao terreno, Moradores indígenas no domicílio"
Dicionário PCT - Indígenas,V01568,1568,Domicílio,Indígenas,"Domicílios Particulares Permanentes Ocupados, Água não chega encanada ao domicílio, Moradores indígenas no domicílio"
Dicionário PCT - Indígenas,V01569,1569,Domicílio,Indígenas,"Domicílios Particulares Permanentes Ocupados, Água chega encanada até dentro da casa, apartamento ou habitação, Domicílio com pelo menos um morador indígena"
Dicionário PCT - Indígenas,V01570,1570,Domicílio,Indígenas,"Domicílios Particulares Permanentes Ocupados, Água chega encanada, mas apenas ao terreno, Domicílio com pelo menos um morador indígena"
Dicionário PCT - Indígenas,V01571,1571,Domicílio,Indígenas,"Domicílios Particulares Permanentes Ocupados, Água não chega encanada ao domicílio, Domicílio com pelo menos um morador indígena"
Dicionário PCT - Indígenas,V01572,1572,Domicílio,Indígenas,"Domicílios Particulares Permanentes Ocupados, Utiliza rede geral de distribuição, Água chega encanada até dentro da casa, apartamento ou habitação, Moradores indígenas no domicílio"
Dicionário PCT - Indígenas,V01573,1573,Domicílio,Indígenas,"Domicílios Particulares Permanentes Ocupados, Utiliza rede geral de distribuição, Água chega encanada, mas apenas ao terreno, Moradores indígenas no domicílio"
Dicionário PCT - Indígenas,V01574,1574,Domicílio,Indígenas,"Domicílios Particulares Permanentes Ocupados, Utiliza rede geral de distribuição, Água não chega encanada ao domicílio, Moradores indígenas no domicílio"
Dicionário PCT - Indígenas,V01575,1575,Domicílio,Indígenas,"Domicílios Particulares Permanentes Ocupados, Utiliza poço profundo ou artesiano, Água chega encanada até dentro da casa, apartamento ou habitação, Moradores indígenas no domicílio"
Dicionário PCT - Indígenas,V01576,1576,Domicílio,Indígenas,"Domicílios Particulares Permanentes Ocupados, Utiliza poço profundo ou artesiano, Água chega encanada, mas apenas ao terreno, Moradores indígenas no domicílio"
Dicionário PCT - Indígenas,V01577,1577,Domicílio,Indígenas,"Domicílios Particulares Permanentes Ocupados, Utiliza poço profundo ou artesiano, Água não chega encanada ao domicílio, Moradores indígenas no domicílio"
Dicionário PCT - Indígenas,V01578,1578,Domicílio,Indígenas,"Domicílios Particulares Permanentes Ocupados, Utiliza poço raso, freático ou cacimba, Água chega encanada até dentro da casa, apartamento ou habitação, Moradores indígenas no domicílio"
Dicionário PCT - Indígenas,V01579,1579,Domicílio,Indígenas,"Domicílios Particulares Permanentes Ocupados, Utiliza poço raso, freático ou cacimba, Água chega encanada, mas apenas ao terreno, Moradores indígenas no domicílio"
Dicionário PCT - Indígenas,V01580,1580,Domicílio,Indígenas,"Domicílios Particulares Permanentes Ocupados, Utiliza poço raso, freático ou cacimba, Água não chega encanada ao domicílio, Moradores indígenas no domicílio"
Dicionário PCT - Indígenas,V01581,1581,Domicílio,Indígenas,"Domicílios Particulares Permanentes Ocupados, Utiliza fonte, nascente ou mina, Água chega encanada até dentro da casa, apartamento ou habitação, Moradores indígenas no domicílio"
Dicionário PCT - Indígenas,V01582,1582,Domicílio,Indígenas,"Domicílios Particulares Permanentes Ocupados, Utiliza fonte, nascente ou mina, Água chega encanada, mas apenas ao terreno, Moradores indígenas no domicílio"
Dicionário PCT - Indígenas,V01583,1583,Domicílio,Indígenas,"Domicílios Particulares Permanentes Ocupados, Utiliza fonte, nascente ou mina, Água não chega encanada ao domicílio, Moradores indígenas no domicílio"
Dicionário PCT - Indígenas,V01584,1584,Domicílio,Indígenas,"Domicílios Particulares Permanentes Ocupados, Utiliza carro-pipa, Água chega encanada até dentro da casa, apartamento ou habitação, Moradores indígenas no domicílio"
Dicionário PCT - Indígenas,V01585,1585,Domicílio,Indígenas,"Domicílios Particulares Permanentes Ocupados, Utiliza carro-pipa, Água chega encanada, mas apenas ao terreno, Moradores indígenas no domicílio"
Dicionário PCT - Indígenas,V01586,1586,Domicílio,Indígenas,"Domicílios Particulares Permanentes Ocupados, Utiliza carro-pipa, Água não chega encanada ao domicílio, Moradores indígenas no domicílio"
Dicionário PCT - Indígenas,V01587,1587,Domicílio,Indígenas,"Domicílios Particulares Permanentes Ocupados, Utiliza água da chuva armazenada, Água chega encanada até dentro da casa, apartamento ou habitação, Moradores indígenas no domicílio"
Dicionário PCT - Indígenas,V01588,1588,Domicílio,Indígenas,"Domicílios Particulares Permanentes Ocupados, Utiliza água da chuva armazenada, Água chega encanada, mas apenas ao terreno, Moradores indígenas no domicílio"
Dicionário PCT - Indígenas,V01589,1589,Domicílio,Indígenas,"Domicílios Particulares Permanentes Ocupados, Utiliza água da chuva armazenada, Água não chega encanada ao domicílio, Moradores indígenas no domicílio"
Dicionário PCT - Indígenas,V01590,1590,Domicílio,Indígenas,"Domicílios Particulares Permanentes Ocupados, Utiliza rios, açudes, córregos, lagos e igarapés, Água chega encanada até dentro da casa, apartamento ou habitação, Moradores indígenas no domicílio"
Dicionário PCT - Indígenas,V01591,1591,Domicílio,Indígenas,"Domicílios Particulares Permanentes Ocupados, Utiliza rios, açudes, córregos, lagos e igarapés, Água chega encanada, mas apenas ao terreno, Moradores indígenas no domicílio"
Dicionário PCT - Indígenas,V01592,1592,Domicílio,Indígenas,"Domicílios Particulares Permanentes Ocupados, Utiliza rios, açudes, córregos, lagos e igarapés, Água não chega encanada ao domicílio, Moradores indígenas no domicílio"
Dicionário PCT - Indígenas,V01593,1593,Domicílio,Indígenas,"Domicílios Particulares Permanentes Ocupados, Utiliza outra forma de abastecimento de água, Água chega encanada até dentro da casa, apartamento ou habitação, Moradores indígenas no domicílio"
Dicionário PCT - Indígenas,V01594,1594,Domicílio,Indígenas,"Domicílios Particulares Permanentes Ocupados, Utiliza outra forma de abastecimento de água, Água chega encanada, mas apenas ao terreno, Moradores indígenas no domicílio"
Dicionário PCT - Indígenas,V01595,1595,Domicílio,Indígenas,"Domicílios Particulares Permanentes Ocupados, Utiliza outra forma de abastecimento de água, Água não chega encanada ao domicílio, Moradores indígenas no domicílio"
Dicionário PCT - Indígenas,V01596,1596,Domicílio,Indígenas,"Domicílios Particulares Permanentes Ocupados, Utiliza rede geral de distribuição, Água chega encanada até dentro da casa, apartamento ou habitação, Domicílio com pelo menos um morador indígena"
Dicionário PCT - Indígenas,V01597,1597,Domicílio,Indígenas,"Domicílios Particulares Permanentes Ocupados, Utiliza rede geral de distribuição, Água chega encanada, mas apenas ao terreno, Domicílio com pelo menos um morador indígena"
Dicionário PCT - Indígenas,V01598,1598,Domicílio,Indígenas,"Domicílios Particulares Permanentes Ocupados, Utiliza rede geral de distribuição, Água não chega encanada ao domicílio, Domicílio com pelo menos um morador indígena"
Dicionário PCT - Indígenas,V01599,1599,Domicílio,Indígenas,"Domicílios Particulares Permanentes Ocupados, Utiliza poço profundo ou artesiano, Água chega encanada até dentro da casa, apartamento ou habitação, Domicílio com pelo menos um morador indígena"
Dicionário PCT - Indígenas,V01600,1600,Domicílio,Indígenas,"Domicílios Particulares Permanentes Ocupados, Utiliza poço profundo ou artesiano, Água chega encanada, mas apenas ao terreno, Domicílio com pelo menos um morador indígena"
Dicionário PCT - Indígenas,V01601,1601,Domicílio,Indígenas,"Domicílios Particulares Permanentes Ocupados, Utiliza poço profundo ou artesiano, Água não chega encanada ao domicílio, Domicílio com pelo menos um morador indígena"
Dicionário PCT - Indígenas,V01602,1602,Domicílio,Indígenas,"Domicílios Particulares Permanentes Ocupados, Utiliza poço raso, freático ou cacimba, Água chega encanada até dentro da casa, apartamento ou habitação, Domicílio com pelo menos um morador indígena"
Dicionário PCT - Indígenas,V01603,1603,Domicílio,Indígenas,"Domicílios Particulares Permanentes Ocupados, Utiliza poço raso, freático ou cacimba, Água chega encanada, mas apenas ao terreno, Domicílio com pelo menos um morador indígena"
Dicionário PCT - Indígenas,V01604,1604,Domicílio,Indígenas,"Domicílios Particulares Permanentes Ocupados, Utiliza poço raso, freático ou cacimba, Água não chega encanada ao domicílio, Domicílio com pelo menos um morador indígena"
Dicionário PCT - Indígenas,V01605,1605,Domicílio,Indígenas,"Domicílios Particulares Permanentes Ocupados, Utiliza fonte, nascente ou mina, Água chega encanada até dentro da casa, apartamento ou habitação, Domicílio com pelo menos um morador indígena"
Dicionário PCT - Indígenas,V01606,1606,Domicílio,Indígenas,"Domicílios Particulares Permanentes Ocupados, Utiliza fonte, nascente ou mina, Água chega encanada, mas apenas ao terreno, Domicílio com pelo menos um morador indígena"
Dicionário PCT - Indígenas,V01607,1607,Domicílio,Indígenas,"Domicílios Particulares Permanentes Ocupados, Utiliza fonte, nascente ou mina, Água não chega encanada ao domicílio, Domicílio com pelo menos um morador indígena"
Dicionário PCT - Indígenas,V01608,1608,Domicílio,Indígenas,"Domicílios Particulares Permanentes Ocupados, Utiliza carro-pipa, Água chega encanada até dentro da casa, apartamento ou habitação, Domicílio com pelo menos um morador indígena"
Dicionário PCT - Indígenas,V01609,1609,Domicílio,Indígenas,"Domicílios Particulares Permanentes Ocupados, Utiliza carro-pipa, Água chega encanada, mas apenas ao terreno, Domicílio com pelo menos um morador indígena"
Dicionário PCT - Indígenas,V01610,1610,Domicílio,Indígenas,"Domicílios Particulares Permanentes Ocupados, Utiliza carro-pipa, Água não chega encanada ao domicílio, Domicílio com pelo menos um morador indígena"
Dicionário PCT - Indígenas,V01611,1611,Domicílio,Indígenas,"Domicílios Particulares Permanentes Ocupados, Utiliza água da chuva armazenada, Água chega encanada até dentro da casa, apartamento ou habitação, Domicílio com pelo menos um morador indígena"
Dicionário PCT - Indígenas,V01612,1612,Domicílio,Indígenas,"Domicílios Particulares Permanentes Ocupados, Utiliza água da chuva armazenada, Água chega encanada, mas apenas ao terreno, Domicílio com pelo menos um morador indígena"
Dicionário PCT - Indígenas,V01613,1613,Domicílio,Indígenas,"Domicílios Particulares Permanentes Ocupados, Utiliza água da chuva armazenada, Água não chega encanada ao domicílio, Domicílio com pelo menos um morador indígena"
Dicionário PCT - Indígenas,V01614,1614,Domicílio,Indígenas,"Domicílios Particulares Permanentes Ocupados, Utiliza rios, açudes, córregos, lagos e igarapés, Água chega encanada até dentro da casa, apartamento ou habitação, Domicílio com pelo menos um morador indígena"
Dicionário PCT - Indígenas,V01615,1615,Domicílio,Indígenas,"Domicílios Particulares Permanentes Ocupados, Utiliza rios, açudes, córregos, lagos e igarapés, Água chega encanada, mas apenas ao terreno, Domicílio com pelo menos um morador indígena"
Dicionário PCT - Indígenas,V01616,1616,Domicílio,Indígenas,"Domicílios Particulares Permanentes Ocupados, Utiliza rios, açudes, córregos, lagos e igarapés, Água não chega encanada ao domicílio, Domicílio com pelo menos um morador indígena"
Dicionário PCT - Indígenas,V01617,1617,Domicílio,Indígenas,"Domicílios Particulares Permanentes Ocupados, Utiliza outra forma de abastecimento de água, Água chega encanada até dentro da casa, apartamento ou habitação, Domicílio com pelo menos um morador indígena"
Dicionário PCT - Indígenas,V01618,1618,Domicílio,Indígenas,"Domicílios Particulares Permanentes Ocupados, Utiliza outra forma de abastecimento de água, Água chega encanada, mas apenas ao terreno, Domicílio com pelo menos um morador indígena"
Dicionário PCT - Indígenas,V01619,1619,Domicílio,Indígenas,"Domicílios Particulares Permanentes Ocupados, Utiliza outra forma de abastecimento de água, Água não chega encanada ao domicílio, Domicílio com pelo menos um morador indígena"
Dicionário PCT - Indígenas,V01620,1620,Domicílio,Indígenas,"Domicílios Particulares Permanentes Ocupados, Domicílio possui ligação à rede geral de distribuição de água, mas utiliza principalmente outra forma, Moradores indígenas no domicílio"
Dicionário PCT - Indígenas,V01621,1621,Domicílio,Indígenas,"Domicílios Particulares Permanentes Ocupados, Domicílio não possui ligação à rede geral de distribuição de água, Moradores indígenas no domicílio"
Dicionário PCT - Indígenas,V01622,1622,Domicílio,Indígenas,"Domicílios Particulares Permanentes Ocupados, Domicílio possui ligação à rede geral de distribuição de água, mas utiliza principalmente outra forma, Domicílio com pelo menos um morador indígena"
Dicionário PCT - Indígenas,V01623,1623,Domicílio,Indígenas,"Domicílios Particulares Permanentes Ocupados, Domicílio não possui ligação à rede geral de distribuição de água, Domicílio com pelo menos um morador indígena"
Dicionário PCT - Indígenas,V01624,1624,Domicílio,Indígenas,"Domicílios Particulares Permanentes Ocupados, Domicílio possui ligação à rede geral de distribuição de água, mas utiliza principalmente outra forma, Água chega encanada até dentro da casa, apartamento ou habitação, Moradores indígenas no domicílio"
Dicionário PCT - Indígenas,V01625,1625,Domicílio,Indígenas,"Domicílios Particulares Permanentes Ocupados, Domicílio possui ligação à rede geral de distribuição de água, mas utiliza principalmente outra forma, Água chega encanada, mas apenas ao terreno, Moradores indígenas no domicílio"
Dicionário PCT - Indígenas,V01626,1626,Domicílio,Indígenas,"Domicílios Particulares Permanentes Ocupados, Domicílio possui ligação à rede geral de distribuição de água, mas utiliza principalmente outra forma, Água não chega encanada ao domicílio, Moradores indígenas no domicílio"
Dicionário PCT - Indígenas,V01627,1627,Domicílio,Indígenas,"Domicílios Particulares Permanentes Ocupados, Domicílio não possui ligação à rede geral de distribuição de água, Água chega encanada até dentro da casa, apartamento ou habitação, Moradores indígenas no domicílio"
Dicionário PCT - Indígenas,V01628,1628,Domicílio,Indígenas,"Domicílios Particulares Permanentes Ocupados, Domicílio não possui ligação à rede geral de distribuição de água, Água chega encanada, mas apenas ao terreno, Moradores indígenas no domicílio"
Dicionário PCT - Indígenas,V01629,1629,Domicílio,Indígenas,"Domicílios Particulares Permanentes Ocupados, Domicílio não possui ligação à rede geral de distribuição de água, Água não chega encanada ao domicílio, Moradores indígenas no domicílio"
Dicionário PCT - Indígenas,V01630,1630,Domicílio,Indígenas,"Domicílios Particulares Permanentes Ocupados, Domicílio possui ligação à rede geral de distribuição de água, mas utiliza principalmente outra forma, Água chega encanada até dentro da casa, apartamento ou habitação, Domicílio com pelo menos um morador indígena"
Dicionário PCT - Indígenas,V01631,1631,Domicílio,Indígenas,"Domicílios Particulares Permanentes Ocupados, Domicílio possui ligação à rede geral de distribuição de água, mas utiliza principalmente outra forma, Água chega encanada, mas apenas ao terreno, Domicílio com pelo menos um morador indígena"
Dicionário PCT - Indígenas,V01632,1632,Domicílio,Indígenas,"Domicílios Particulares Permanentes Ocupados, Domicílio possui ligação à rede geral de distribuição de água, mas utiliza principalmente outra forma, Água não chega encanada ao domicílio, Domicílio com pelo menos um morador indígena"
Dicionário PCT - Indígenas,V01633,1633,Domicílio,Indígenas,"Domicílios Particulares Permanentes Ocupados, Domicílio não possui ligação à rede geral de distribuição de água, Água chega encanada até dentro da casa, apartamento ou habitação, Domicílio com pelo menos um morador indígena"
Dicionário PCT - Indígenas,V01634,1634,Domicílio,Indígenas,"Domicílios Particulares Permanentes Ocupados, Domicílio não possui ligação à rede geral de distribuição de água, Água chega encanada, mas apenas ao terreno, Domicílio com pelo menos um morador indígena"
Dicionário PCT - Indígenas,V01635,1635,Domicílio,Indígenas,"Domicílios Particulares Permanentes Ocupados, Domicílio não possui ligação à rede geral de distribuição de água, Água não chega encanada ao domicílio, Domicílio com pelo menos um morador indígena"
Dicionário PCT - Indígenas,V01636,1636,Domicílio,Indígenas,"Domicílios Particulares Permanentes Ocupados, Com banheiro de uso exclusivo com chuveiro e vaso sanitário, Moradores indígenas no domicílio"
Dicionário PCT - Indígenas,V01637,1637,Domicílio,Indígenas,"Domicílios Particulares Permanentes Ocupados, Sem banheiro de uso exclusivo com chuveiro e vaso sanitário, Moradores indígenas no domicílio"
Dicionário PCT - Indígenas,V01638,1638,Domicílio,Indígenas,"Domicílios Particulares Permanentes Ocupados, Com banheiro de uso exclusivo com chuveiro e vaso sanitário, Domicílio com pelo menos um morador indígena"
Dicionário PCT - Indígenas,V01639,1639,Domicílio,Indígenas,"Domicílios Particulares Permanentes Ocupados, Sem banheiro de uso exclusivo com chuveiro e vaso sanitário, Domicílio com pelo menos um morador indígena"
Dicionário PCT - Indígenas,V01640,1640,Domicílio,Indígenas,"Domicílios Particulares Permanentes Ocupados, Utiliza banheiro de uso comum a mais de um domicílio, com chuveiro e vaso sanitário, inclusive os localizados no terreno, Moradores indígenas no domicílio"
Dicionário PCT - Indígenas,V01641,1641,Domicílio,Indígenas,"Domicílios Particulares Permanentes Ocupados, Não utiliza banheiro de uso comum a mais de um domicílio, com chuveiro e vaso sanitário, inclusive os localizados no terreno, Moradores indígenas no domicílio"
Dicionário PCT - Indígenas,V01642,1642,Domicílio,Indígenas,"Domicílios Particulares Permanentes Ocupados, Utiliza banheiro de uso comum a mais de um domicílio, com chuveiro e vaso sanitário, inclusive os localizados no terreno, Domicílio com pelo menos um morador indígena"
Dicionário PCT - Indígenas,V01643,1643,Domicílio,Indígenas,"Domicílios Particulares Permanentes Ocupados, Não utiliza banheiro de uso comum a mais de um domicílio, com chuveiro e vaso sanitário, inclusive os localizados no terreno, Domicílio com pelo menos um morador indígena"
Dicionário PCT - Indígenas,V01644,1644,Domicílio,Indígenas,"Domicílios Particulares Permanentes Ocupados, 1 banheiro de uso exclusivo com chuveiro e vaso sanitário existentes no domicílio, Moradores indígenas no domicílio"
Dicionário PCT - Indígenas,V01645,1645,Domicílio,Indígenas,"Domicílios Particulares Permanentes Ocupados, 2 banheiros de uso exclusivo com chuveiro e vaso sanitário existentes no domicílio, Moradores indígenas no domicílio"
Dicionário PCT - Indígenas,V01646,1646,Domicílio,Indígenas,"Domicílios Particulares Permanentes Ocupados, 3 banheiros de uso exclusivo com chuveiro e vaso sanitário existentes no domicílio, Moradores indígenas no domicílio"
Dicionário PCT - Indígenas,V01647,1647,Domicílio,Indígenas,"Domicílios Particulares Permanentes Ocupados, 4 ou mais banheiros de uso exclusivo com chuveiro e vaso sanitário existentes no domicílio, Moradores indígenas no domicílio"
Dicionário PCT - Indígenas,V01648,1648,Domicílio,Indígenas,"Domicílios Particulares Permanentes Ocupados, 1 banheiro de uso exclusivo com chuveiro e vaso sanitário existentes no domicílio, Domicílio com pelo menos um morador indígena"
Dicionário PCT - Indígenas,V01649,1649,Domicílio,Indígenas,"Domicílios Particulares Permanentes Ocupados, 2 banheiros de uso exclusivo com chuveiro e vaso sanitário existentes no domicílio, Domicílio com pelo menos um morador indígena"
Dicionário PCT - Indígenas,V01650,1650,Domicílio,Indígenas,"Domicílios Particulares Permanentes Ocupados, 3 banheiros de uso exclusivo com chuveiro e vaso sanitário existentes no domicílio, Domicílio com pelo menos um morador indígena"
Dicionário PCT - Indígenas,V01651,1651,Domicílio,Indígenas,"Domicílios Particulares Permanentes Ocupados, 4 ou mais banheiros de uso exclusivo com chuveiro e vaso sanitário existentes no domicílio, Domicílio com pelo menos um morador indígena"
Dicionário PCT - Indígenas,V01652,1652,Domicílio,Indígenas,"Domicílios Particulares Permanentes Ocupados, Utiliza sanitário ou buraco para dejeções, inclusive os localizados no terreno, Moradores indígenas no domicílio"
Dicionário PCT - Indígenas,V01653,1653,Domicílio,Indígenas,"Domicílios Particulares Permanentes Ocupados, Não utiliza sanitário ou buraco para dejeções, inclusive os localizados no terreno, Moradores indígenas no domicílio"
Dicionário PCT - Indígenas,V01654,1654,Domicílio,Indígenas,"Domicílios Particulares Permanentes Ocupados, Utiliza sanitário ou buraco para dejeções, inclusive os localizados no terreno, Domicílio com pelo menos um morador indígena"
Dicionário PCT - Indígenas,V01655,1655,Domicílio,Indígenas,"Domicílios Particulares Permanentes Ocupados, Não utiliza sanitário ou buraco para dejeções, inclusive os localizados no terreno, Domicílio com pelo menos um morador indígena"
Dicionário PCT - Indígenas,V01656,1656,Domicílio,Indígenas,"Domicílios Particulares Permanentes Ocupados, Destinação do esgoto do banheiro ou sanitário ou buraco para dejeções é rede geral ou pluvial, Moradores indígenas no domicílio"
Dicionário PCT - Indígenas,V01657,1657,Domicílio,Indígenas,"Domicílios Particulares Permanentes Ocupados, Destinação do esgoto do banheiro ou sanitário ou buraco para dejeções é fossa séptica ou fossa filtro ligada à rede, Moradores indígenas no domicílio"
Dicionário PCT - Indígenas,V01658,1658,Domicílio,Indígenas,"Domicílios Particulares Permanentes Ocupados, Destinação do esgoto do banheiro ou sanitário ou buraco para dejeções é fossa séptica ou fossa filtro não ligada à rede, Moradores indígenas no domicílio"
Dicionário PCT - Indígenas,V01659,1659,Domicílio,Indígenas,"Domicílios Particulares Permanentes Ocupados, Destinação do esgoto do banheiro ou sanitário ou buraco para dejeções é fossa rudimentar ou buraco, Moradores indígenas no domicílio"
Dicionário PCT - Indígenas,V01660,1660,Domicílio,Indígenas,"Domicílios Particulares Permanentes Ocupados, Destinação do esgoto do banheiro ou sanitário ou buraco para dejeções é vala, Moradores indígenas no domicílio"
Dicionário PCT - Indígenas,V01661,1661,Domicílio,Indígenas,"Domicílios Particulares Permanentes Ocupados, Destinação do esgoto do banheiro ou sanitário ou buraco para dejeções é rio, lago, córrego ou mar, Moradores indígenas no domicílio"
Dicionário PCT - Indígenas,V01662,1662,Domicílio,Indígenas,"Domicílios Particulares Permanentes Ocupados, Destinação do esgoto do banheiro ou sanitário ou buraco para dejeções é outra forma, Moradores indígenas no domicílio"
Dicionário PCT - Indígenas,V01663,1663,Domicílio,Indígenas,"Domicílios Particulares Permanentes Ocupados, Destinação do esgoto inexistente, pois não tinham banheiro nem sanitário, Moradores indígenas no domicílio"
Dicionário PCT - Indígenas,V01664,1664,Domicílio,Indígenas,"Domicílios Particulares Permanentes Ocupados, Destinação do esgoto do banheiro ou sanitário ou buraco para dejeções é rede geral ou pluvial, Domicílio com pelo menos um morador indígena"
Dicionário PCT - Indígenas,V01665,1665,Domicílio,Indígenas,"Domicílios Particulares Permanentes Ocupados, Destinação do esgoto do banheiro ou sanitário ou buraco para dejeções é fossa séptica ou fossa filtro ligada à rede, Domicílio com pelo menos um morador indígena"
Dicionário PCT - Indígenas,V01666,1666,Domicílio,Indígenas,"Domicílios Particulares Permanentes Ocupados, Destinação do esgoto do banheiro ou sanitário ou buraco para dejeções é fossa séptica ou fossa filtro não ligada à rede, Domicílio com pelo menos um morador indígena"
Dicionário PCT - Indígenas,V01667,1667,Domicílio,Indígenas,"Domicílios Particulares Permanentes Ocupados, Destinação do esgoto do banheiro ou sanitário ou buraco para dejeções é fossa rudimentar ou buraco, Domicílio com pelo menos um morador indígena"
Dicionário PCT - Indígenas,V01668,1668,Domicílio,Indígenas,"Domicílios Particulares Permanentes Ocupados, Destinação do esgoto do banheiro ou sanitário ou buraco para dejeções é vala, Domicílio com pelo menos um morador indígena"
Dicionário PCT - Indígenas,V01669,1669,Domicílio,Indígenas,"Domicílios Particulares Permanentes Ocupados, Destinação do esgoto do banheiro ou sanitário ou buraco para dejeções é rio, lago, córrego ou mar, Domicílio com pelo menos um morador indígena"
Dicionário PCT - Indígenas,V01670,1670,Domicílio,Indígenas,"Domicílios Particulares Permanentes Ocupados, Destinação do esgoto do banheiro ou sanitário ou buraco para dejeções é outra forma, Domicílio com pelo menos um morador indígena"
Dicionário PCT - Indígenas,V01671,1671,Domicílio,Indígenas,"Domicílios Particulares Permanentes Ocupados, Destinação do esgoto inexistente, pois não tinham banheiro nem sanitário, Domicílio com pelo menos um morador indígena"
Dicionário PCT - Indígenas,V01672,1672,Domicílio,Indígenas,"Domicílios Particulares Permanentes Ocupados, Lixo coletado no domicílio por serviço de limpeza, Moradores indígenas no domicílio"
Dicionário PCT - Indígenas,V01673,1673,Domicílio,Indígenas,"Domicílios Particulares Permanentes Ocupados, Lixo depositado em caçamba de serviço de limpeza, Moradores indígenas no domicílio"
Dicionário PCT - Indígenas,V01674,1674,Domicílio,Indígenas,"Domicílios Particulares Permanentes Ocupados, Lixo queimado na propriedade, Moradores indígenas no domicílio"
Dicionário PCT - Indígenas,V01675,1675,Domicílio,Indígenas,"Domicílios Particulares Permanentes Ocupados, Lixo enterrado na propriedade, Moradores indígenas no domicílio"
Dicionário PCT - Indígenas,V01676,1676,Domicílio,Indígenas,"Domicílios Particulares Permanentes Ocupados, Lixo jogado em terreno baldio, encosta ou área pública, Moradores indígenas no domicílio"
Dicionário PCT - Indígenas,V01677,1677,Domicílio,Indígenas,"Domicílios Particulares Permanentes Ocupados, Outro destino do lixo, Moradores indígenas no domicílio"
Dicionário PCT - Indígenas,V01678,1678,Domicílio,Indígenas,"Domicílios Particulares Permanentes Ocupados, Lixo coletado no domicílio por serviço de limpeza, Domicílio com pelo menos um morador indígena"
Dicionário PCT - Indígenas,V01679,1679,Domicílio,Indígenas,"Domicílios Particulares Permanentes Ocupados, Lixo depositado em caçamba de serviço de limpeza, Domicílio com pelo menos um morador indígena"
Dicionário PCT - Indígenas,V01680,1680,Domicílio,Indígenas,"Domicílios Particulares Permanentes Ocupados, Lixo queimado na propriedade, Domicílio com pelo menos um morador indígena"
Dicionário PCT - Indígenas,V01681,1681,Domicílio,Indígenas,"Domicílios Particulares Permanentes Ocupados, Lixo enterrado na propriedade, Domicílio com pelo menos um morador indígena"
Dicionário PCT - Indígenas,V01682,1682,Domicílio,Indígenas,"Domicílios Particulares Permanentes Ocupados, Lixo jogado em terreno baldio, encosta ou área pública, Domicílio com pelo menos um morador indígena"
Dicionário PCT - Indígenas,V01683,1683,Domicílio,Indígenas,"Domicílios Particulares Permanentes Ocupados, Outro destino do lixo, Domicílio com pelo menos um morador indígena"
Dicionário PCT - Indígenas,V01684,1684,Domicílio,Indígenas,"Domicílios Particulares Permanentes Ocupados, Lixo coletado, Moradores indígenas no domicílio"
Dicionário PCT - Indígenas,V01685,1685,Domicílio,Indígenas,"Domicílios Particulares Permanentes Ocupados, Lixo não coletado, Moradores indígenas no domicílio"
Dicionário PCT - Indígenas,V01686,1686,Domicílio,Indígenas,"Domicílios Particulares Permanentes Ocupados, Lixo coletado, Domicílio com pelo menos um morador indígena"
Dicionário PCT - Indígenas,V01687,1687,Domicílio,Indígenas,"Domicílios Particulares Permanentes Ocupados, Lixo não coletado, Domicílio com pelo menos um morador indígena"
Dicionário PCT - Indígenas,V01688,1688,Domicílio,Indígenas,"Domicílios Particulares Permanentes Ocupados, Domicílio com pelo menos um morador indígena, Existe pessoa falecida, no período de janeiro de 2019 a julho de 2022, que morava no domicílio"
Dicionário PCT - Indígenas,V01689,1689,Domicílio,Indígenas,"Domicílios Particulares Permanentes Ocupados, Domicílio com pelo menos um morador indígena, Não existe pessoa falecida, no período de janeiro de 2019 a julho de 2022, que morava no domicílio"
Dicionário PCT - Indígenas,V01690,1690,Pessoas,Indígenas,Pessoa indígena
Dicionário PCT - Indígenas,V01691,1691,Pessoas,Indígenas,"Sexo masculino, Pessoa indígena"
Dicionário PCT - Indígenas,V01692,1692,Pessoas,Indígenas,"Sexo feminino, Pessoa indígena"
Dicionário PCT - Indígenas,V01693,1693,Pessoas,Indígenas,"0 a 29 anos, Pessoa indígena"
Dicionário PCT - Indígenas,V01694,1694,Pessoas,Indígenas,"30 a 59 anos, Pessoa indígena"
Dicionário PCT - Indígenas,V01695,1695,Pessoas,Indígenas,"60 anos ou mais, Pessoa indígena"
Dicionário PCT - Indígenas,V01696,1696,Pessoas,Indígenas,"0 a 14 anos, Pessoa indígena"
Dicionário PCT - Indígenas,V01697,1697,Pessoas,Indígenas,"15 a 29 anos, Pessoa indígena"
Dicionário PCT - Indígenas,V01698,1698,Pessoas,Indígenas,"30 a 59 anos, Pessoa indígena"
Dicionário PCT - Indígenas,V01699,1699,Pessoas,Indígenas,"60 anos ou mais, Pessoa indígena"
Dicionário PCT - Indígenas,V01700,1700,Pessoas,Indígenas,"0 a 14 anos, Pessoa indígena"
Dicionário PCT - Indígenas,V01701,1701,Pessoas,Indígenas,"15 a 29 anos, Pessoa indígena"
Dicionário PCT - Indígenas,V01702,1702,Pessoas,Indígenas,"30 a 49 anos, Pessoa indígena"
Dicionário PCT - Indígenas,V01703,1703,Pessoas,Indígenas,"50 anos ou mais, Pessoa indígena"
Dicionário PCT - Indígenas,V01704,1704,Pessoas,Indígenas,"Sexo masculino, 0 a 29 anos, Pessoa indígena"
Dicionário PCT - Indígenas,V01705,1705,Pessoas,Indígenas,"Sexo masculino, 30 a 59 anos, Pessoa indígena"
Dicionário PCT - Indígenas,V01706,1706,Pessoas,Indígenas,"Sexo masculino, 60 anos ou mais, Pessoa indígena"
Dicionário PCT - Indígenas,V01707,1707,Pessoas,Indígenas,"Sexo feminino, 0 a 29 anos, Pessoa indígena"
Dicionário PCT - Indígenas,V01708,1708,Pessoas,Indígenas,"Sexo feminino, 30 a 59 anos, Pessoa indígena"
Dicionário PCT - Indígenas,V01709,1709,Pessoas,Indígenas,"Sexo feminino, 60 anos ou mais, Pessoa indígena"
Dicionário PCT - Indígenas,V01710,1710,Pessoas,Indígenas,"Sexo masculino, 0 a 14 anos, Pessoa indígena"
Dicionário PCT - Indígenas,V01711,1711,Pessoas,Indígenas,"Sexo masculino, 15 a 29 anos, Pessoa indígena"
Dicionário PCT - Indígenas,V01712,1712,Pessoas,Indígenas,"Sexo masculino, 30 a 59 anos, Pessoa indígena"
Dicionário PCT - Indígenas,V01713,1713,Pessoas,Indígenas,"Sexo masculino, 60 anos ou mais, Pessoa indígena"
Dicionário PCT - Indígenas,V01714,1714,Pessoas,Indígenas,"Sexo feminino, 0 a 14 anos, Pessoa indígena"
Dicionário PCT - Indígenas,V01715,1715,Pessoas,Indígenas,"Sexo feminino, 15 a 29 anos, Pessoa indígena"
Dicionário PCT - Indígenas,V01716,1716,Pessoas,Indígenas,"Sexo feminino, 30 a 59 anos, Pessoa indígena"
Dicionário PCT - Indígenas,V01717,1717,Pessoas,Indígenas,"Sexo feminino, 60 anos ou mais, Pessoa indígena"
Dicionário PCT - Indígenas,V01718,1718,Pessoas,Indígenas,"Sexo masculino, 0 a 14 anos, Pessoa indígena"
Dicionário PCT - Indígenas,V01719,1719,Pessoas,Indígenas,"Sexo masculino, 15 a 29 anos, Pessoa indígena"
Dicionário PCT - Indígenas,V01720,1720,Pessoas,Indígenas,"Sexo masculino, 30 a 49 anos, Pessoa indígena"
Dicionário PCT - Indígenas,V01721,1721,Pessoas,Indígenas,"Sexo masculino, 50 anos ou mais, Pessoa indígena"
Dicionário PCT - Indígenas,V01722,1722,Pessoas,Indígenas,"Sexo feminino, 0 a 14 anos, Pessoa indígena"
Dicionário PCT - Indígenas,V01723,1723,Pessoas,Indígenas,"Sexo feminino, 15 a 29 anos, Pessoa indígena"
Dicionário PCT - Indígenas,V01724,1724,Pessoas,Indígenas,"Sexo feminino, 30 a 49 anos, Pessoa indígena"
Dicionário PCT - Indígenas,V01725,1725,Pessoas,Indígenas,"Sexo feminino, 50 anos ou mais, Pessoa indígena"
Dicionário PCT - Indígenas,V01726,1726,Pessoas,Indígenas,"15 a 19 anos, Pessoa indígena"
Dicionário PCT - Indígenas,V01727,1727,Pessoas,Indígenas,"20 a 24 anos, Pessoa indígena"
Dicionário PCT - Indígenas,V01728,1728,Pessoas,Indígenas,"25 a 29 anos, Pessoa indígena"
Dicionário PCT - Indígenas,V01729,1729,Pessoas,Indígenas,"30 a 34 anos, Pessoa indígena"
Dicionário PCT - Indígenas,V01730,1730,Pessoas,Indígenas,"35 a 39 anos, Pessoa indígena"
Dicionário PCT - Indígenas,V01731,1731,Pessoas,Indígenas,"40 a 44 anos, Pessoa indígena"
Dicionário PCT - Indígenas,V01732,1732,Pessoas,Indígenas,"45 a 49 anos, Pessoa indígena"
Dicionário PCT - Indígenas,V01733,1733,Pessoas,Indígenas,"50 a 54 anos, Pessoa indígena"
Dicionário PCT - Indígenas,V01734,1734,Pessoas,Indígenas,"55 a 59 anos, Pessoa indígena"
Dicionário PCT - Indígenas,V01735,1735,Pessoas,Indígenas,"60 a 64 anos, Pessoa indígena"
Dicionário PCT - Indígenas,V01736,1736,Pessoas,Indígenas,"65 a 69 anos, Pessoa indígena"
Dicionário PCT - Indígenas,V01737,1737,Pessoas,Indígenas,"70 a 79 anos, Pessoa indígena"
Dicionário PCT - Indígenas,V01738,1738,Pessoas,Indígenas,"80 anos ou mais, Pessoa indígena"
Dicionário PCT - Indígenas,V01739,1739,Pessoas,Indígenas,"Sexo masculino, 15 a 19 anos, Pessoa indígena"
Dicionário PCT - Indígenas,V01740,1740,Pessoas,Indígenas,"Sexo masculino, 20 a 24 anos, Pessoa indígena"
Dicionário PCT - Indígenas,V01741,1741,Pessoas,Indígenas,"Sexo masculino, 25 a 29 anos, Pessoa indígena"
Dicionário PCT - Indígenas,V01742,1742,Pessoas,Indígenas,"Sexo masculino, 30 a 34 anos, Pessoa indígena"
Dicionário PCT - Indígenas,V01743,1743,Pessoas,Indígenas,"Sexo masculino, 35 a 39 anos, Pessoa indígena"
Dicionário PCT - Indígenas,V01744,1744,Pessoas,Indígenas,"Sexo masculino, 40 a 44 anos, Pessoa indígena"
Dicionário PCT - Indígenas,V01745,1745,Pessoas,Indígenas,"Sexo masculino, 45 a 49 anos, Pessoa indígena"
Dicionário PCT - Indígenas,V01746,1746,Pessoas,Indígenas,"Sexo masculino, 50 a 54 anos, Pessoa indígena"
Dicionário PCT - Indígenas,V01747,1747,Pessoas,Indígenas,"Sexo masculino, 55 a 59 anos, Pessoa indígena"
Dicionário PCT - Indígenas,V01748,1748,Pessoas,Indígenas,"Sexo masculino, 60 a 64 anos, Pessoa indígena"
Dicionário PCT - Indígenas,V01749,1749,Pessoas,Indígenas,"Sexo masculino, 65 a 69 anos, Pessoa indígena"
Dicionário PCT - Indígenas,V01750,1750,Pessoas,Indígenas,"Sexo masculino, 70 a 79 anos, Pessoa indígena"
Dicionário PCT - Indígenas,V01751,1751,Pessoas,Indígenas,"Sexo masculino, 80 anos ou mais, Pessoa indígena"
Dicionário PCT - Indígenas,V01752,1752,Pessoas,Indígenas,"Sexo feminino, 15 a 19 anos, Pessoa indígena"
Dicionário PCT - Indígenas,V01753,1753,Pessoas,Indígenas,"Sexo feminino, 20 a 24 anos, Pessoa indígena"
Dicionário PCT - Indígenas,V01754,1754,Pessoas,Indígenas,"Sexo feminino, 25 a 29 anos, Pessoa indígena"
Dicionário PCT - Indígenas,V01755,1755,Pessoas,Indígenas,"Sexo feminino, 30 a 34 anos, Pessoa indígena"
Dicionário PCT - Indígenas,V01756,1756,Pessoas,Indígenas,"Sexo feminino, 35 a 39 anos, Pessoa indígena"
Dicionário PCT - Indígenas,V01757,1757,Pessoas,Indígenas,"Sexo feminino, 40 a 44 anos, Pessoa indígena"
Dicionário PCT - Indígenas,V01758,1758,Pessoas,Indígenas,"Sexo feminino, 45 a 49 anos, Pessoa indígena"
Dicionário PCT - Indígenas,V01759,1759,Pessoas,Indígenas,"Sexo feminino, 50 a 54 anos, Pessoa indígena"
Dicionário PCT - Indígenas,V01760,1760,Pessoas,Indígenas,"Sexo feminino, 55 a 59 anos, Pessoa indígena"
Dicionário PCT - Indígenas,V01761,1761,Pessoas,Indígenas,"Sexo feminino, 60 a 64 anos, Pessoa indígena"
Dicionário PCT - Indígenas,V01762,1762,Pessoas,Indígenas,"Sexo feminino, 65 a 69 anos, Pessoa indígena"
Dicionário PCT - Indígenas,V01763,1763,Pessoas,Indígenas,"Sexo feminino, 70 a 79 anos, Pessoa indígena"
Dicionário PCT - Indígenas,V01764,1764,Pessoas,Indígenas,"Sexo feminino, 80 anos ou mais, Pessoa indígena"
Dicionário PCT - Indígenas,V01765,1765,Pessoas,Indígenas,"0 anos, Pessoa indígena"
Dicionário PCT - Indígenas,V01766,1766,Pessoas,Indígenas,"1 ano, Pessoa indígena"
Dicionário PCT - Indígenas,V01767,1767,Pessoas,Indígenas,"2 anos, Pessoa indígena"
Dicionário PCT - Indígenas,V01768,1768,Pessoas,Indígenas,"3 anos, Pessoa indígena"
Dicionário PCT - Indígenas,V01769,1769,Pessoas,Indígenas,"4 anos, Pessoa indígena"
Dicionário PCT - Indígenas,V01770,1770,Pessoas,Indígenas,"5 anos, Pessoa indígena"
Dicionário PCT - Indígenas,V01771,1771,Pessoas,Indígenas,"6 anos, Pessoa indígena"
Dicionário PCT - Indígenas,V01772,1772,Pessoas,Indígenas,"7 anos, Pessoa indígena"
Dicionário PCT - Indígenas,V01773,1773,Pessoas,Indígenas,"8 anos, Pessoa indígena"
Dicionário PCT - Indígenas,V01774,1774,Pessoas,Indígenas,"9 anos, Pessoa indígena"
Dicionário PCT - Indígenas,V01775,1775,Pessoas,Indígenas,"10 anos, Pessoa indígena"
Dicionário PCT - Indígenas,V01776,1776,Pessoas,Indígenas,"11 anos, Pessoa indígena"
Dicionário PCT - Indígenas,V01777,1777,Pessoas,Indígenas,"12 anos, Pessoa indígena"
Dicionário PCT - Indígenas,V01778,1778,Pessoas,Indígenas,"13 anos, Pessoa indígena"
Dicionário PCT - Indígenas,V01779,1779,Pessoas,Indígenas,"14 anos, Pessoa indígena"
Dicionário PCT - Indígenas,V01780,1780,Pessoas,Indígenas,"15 anos, Pessoa indígena"
Dicionário PCT - Indígenas,V01781,1781,Pessoas,Indígenas,"16 anos, Pessoa indígena"
Dicionário PCT - Indígenas,V01782,1782,Pessoas,Indígenas,"17 anos, Pessoa indígena"
Dicionário PCT - Indígenas,V01783,1783,Pessoas,Indígenas,"18 anos, Pessoa indígena"
Dicionário PCT - Indígenas,V01784,1784,Pessoas,Indígenas,"19 anos, Pessoa indígena"
Dicionário PCT - Indígenas,V01785,1785,Pessoas,Indígenas,"20 anos, Pessoa indígena"
Dicionário PCT - Indígenas,V01786,1786,Pessoas,Indígenas,"21 anos, Pessoa indígena"
Dicionário PCT - Indígenas,V01787,1787,Pessoas,Indígenas,"22 anos, Pessoa indígena"
Dicionário PCT - Indígenas,V01788,1788,Pessoas,Indígenas,"23 anos, Pessoa indígena"
Dicionário PCT - Indígenas,V01789,1789,Pessoas,Indígenas,"24 anos, Pessoa indígena"
Dicionário PCT - Indígenas,V01790,1790,Pessoas,Indígenas,"25 anos, Pessoa indígena"
Dicionário PCT - Indígenas,V01791,1791,Pessoas,Indígenas,"26 anos, Pessoa indígena"
Dicionário PCT - Indígenas,V01792,1792,Pessoas,Indígenas,"27 anos, Pessoa indígena"
Dicionário PCT - Indígenas,V01793,1793,Pessoas,Indígenas,"28 anos, Pessoa indígena"
Dicionário PCT - Indígenas,V01794,1794,Pessoas,Indígenas,"29 anos, Pessoa indígena"
Dicionário PCT - Indígenas,V01795,1795,Pessoas,Indígenas,"30 anos, Pessoa indígena"
Dicionário PCT - Indígenas,V01796,1796,Pessoas,Indígenas,"31 anos, Pessoa indígena"
Dicionário PCT - Indígenas,V01797,1797,Pessoas,Indígenas,"32 anos, Pessoa indígena"
Dicionário PCT - Indígenas,V01798,1798,Pessoas,Indígenas,"33 anos, Pessoa indígena"
Dicionário PCT - Indígenas,V01799,1799,Pessoas,Indígenas,"34 anos, Pessoa indígena"
Dicionário PCT - Indígenas,V01800,1800,Pessoas,Indígenas,"35 anos, Pessoa indígena"
Dicionário PCT - Indígenas,V01801,1801,Pessoas,Indígenas,"36 anos, Pessoa indígena"
Dicionário PCT - Indígenas,V01802,1802,Pessoas,Indígenas,"37 anos, Pessoa indígena"
Dicionário PCT - Indígenas,V01803,1803,Pessoas,Indígenas,"38 anos, Pessoa indígena"
Dicionário PCT - Indígenas,V01804,1804,Pessoas,Indígenas,"39 anos, Pessoa indígena"
Dicionário PCT - Indígenas,V01805,1805,Pessoas,Indígenas,"40 anos, Pessoa indígena"
Dicionário PCT - Indígenas,V01806,1806,Pessoas,Indígenas,"41 anos, Pessoa indígena"
Dicionário PCT - Indígenas,V01807,1807,Pessoas,Indígenas,"42 anos, Pessoa indígena"
Dicionário PCT - Indígenas,V01808,1808,Pessoas,Indígenas,"43 anos, Pessoa indígena"
Dicionário PCT - Indígenas,V01809,1809,Pessoas,Indígenas,"44 anos, Pessoa indígena"
Dicionário PCT - Indígenas,V01810,1810,Pessoas,Indígenas,"45 anos, Pessoa indígena"
Dicionário PCT - Indígenas,V01811,1811,Pessoas,Indígenas,"46 anos, Pessoa indígena"
Dicionário PCT - Indígenas,V01812,1812,Pessoas,Indígenas,"47 anos, Pessoa indígena"
Dicionário PCT - Indígenas,V01813,1813,Pessoas,Indígenas,"48 anos, Pessoa indígena"
Dicionário PCT - Indígenas,V01814,1814,Pessoas,Indígenas,"49 anos, Pessoa indígena"
Dicionário PCT - Indígenas,V01815,1815,Pessoas,Indígenas,"50 anos, Pessoa indígena"
Dicionário PCT - Indígenas,V01816,1816,Pessoas,Indígenas,"51 anos, Pessoa indígena"
Dicionário PCT - Indígenas,V01817,1817,Pessoas,Indígenas,"52 anos, Pessoa indígena"
Dicionário PCT - Indígenas,V01818,1818,Pessoas,Indígenas,"53 anos, Pessoa indígena"
Dicionário PCT - Indígenas,V01819,1819,Pessoas,Indígenas,"54 anos, Pessoa indígena"
Dicionário PCT - Indígenas,V01820,1820,Pessoas,Indígenas,"55 anos, Pessoa indígena"
Dicionário PCT - Indígenas,V01821,1821,Pessoas,Indígenas,"56 anos, Pessoa indígena"
Dicionário PCT - Indígenas,V01822,1822,Pessoas,Indígenas,"57 anos, Pessoa indígena"
Dicionário PCT - Indígenas,V01823,1823,Pessoas,Indígenas,"58 anos, Pessoa indígena"
Dicionário PCT - Indígenas,V01824,1824,Pessoas,Indígenas,"59 anos, Pessoa indígena"
Dicionário PCT - Indígenas,V01825,1825,Pessoas,Indígenas,"60 anos, Pessoa indígena"
Dicionário PCT - Indígenas,V01826,1826,Pessoas,Indígenas,"61 anos, Pessoa indígena"
Dicionário PCT - Indígenas,V01827,1827,Pessoas,Indígenas,"62 anos, Pessoa indígena"
Dicionário PCT - Indígenas,V01828,1828,Pessoas,Indígenas,"63 anos, Pessoa indígena"
Dicionário PCT - Indígenas,V01829,1829,Pessoas,Indígenas,"64 anos, Pessoa indígena"
Dicionário PCT - Indígenas,V01830,1830,Pessoas,Indígenas,"65 anos, Pessoa indígena"
Dicionário PCT - Indígenas,V01831,1831,Pessoas,Indígenas,"66 anos, Pessoa indígena"
Dicionário PCT - Indígenas,V01832,1832,Pessoas,Indígenas,"67 anos, Pessoa indígena"
Dicionário PCT - Indígenas,V01833,1833,Pessoas,Indígenas,"68 anos, Pessoa indígena"
Dicionário PCT - Indígenas,V01834,1834,Pessoas,Indígenas,"69 anos, Pessoa indígena"
Dicionário PCT - Indígenas,V01835,1835,Pessoas,Indígenas,"70 anos, Pessoa indígena"
Dicionário PCT - Indígenas,V01836,1836,Pessoas,Indígenas,"71 anos, Pessoa indígena"
Dicionário PCT - Indígenas,V01837,1837,Pessoas,Indígenas,"72 anos, Pessoa indígena"
Dicionário PCT - Indígenas,V01838,1838,Pessoas,Indígenas,"73 anos, Pessoa indígena"
Dicionário PCT - Indígenas,V01839,1839,Pessoas,Indígenas,"74 anos, Pessoa indígena"
Dicionário PCT - Indígenas,V01840,1840,Pessoas,Indígenas,"75 anos, Pessoa indígena"
Dicionário PCT - Indígenas,V01841,1841,Pessoas,Indígenas,"76 anos, Pessoa indígena"
Dicionário PCT - Indígenas,V01842,1842,Pessoas,Indígenas,"77 anos, Pessoa indígena"
Dicionário PCT - Indígenas,V01843,1843,Pessoas,Indígenas,"78 anos, Pessoa indígena"
Dicionário PCT - Indígenas,V01844,1844,Pessoas,Indígenas,"79 anos, Pessoa indígena"
Dicionário PCT - Indígenas,V01845,1845,Pessoas,Indígenas,"80 anos, Pessoa indígena"
Dicionário PCT - Indígenas,V01846,1846,Pessoas,Indígenas,"81 anos, Pessoa indígena"
Dicionário PCT - Indígenas,V01847,1847,Pessoas,Indígenas,"82 anos, Pessoa indígena"
Dicionário PCT - Indígenas,V01848,1848,Pessoas,Indígenas,"83 anos, Pessoa indígena"
Dicionário PCT - Indígenas,V01849,1849,Pessoas,Indígenas,"84 anos, Pessoa indígena"
Dicionário PCT - Indígenas,V01850,1850,Pessoas,Indígenas,"85 anos, Pessoa indígena"
Dicionário PCT - Indígenas,V01851,1851,Pessoas,Indígenas,"86 anos, Pessoa indígena"
Dicionário PCT - Indígenas,V01852,1852,Pessoas,Indígenas,"87 anos, Pessoa indígena"
Dicionário PCT - Indígenas,V01853,1853,Pessoas,Indígenas,"88 anos, Pessoa indígena"
Dicionário PCT - Indígenas,V01854,1854,Pessoas,Indígenas,"89 anos, Pessoa indígena"
Dicionário PCT - Indígenas,V01855,1855,Pessoas,Indígenas,"90 anos, Pessoa indígena"
Dicionário PCT - Indígenas,V01856,1856,Pessoas,Indígenas,"91 anos, Pessoa indígena"
Dicionário PCT - Indígenas,V01857,1857,Pessoas,Indígenas,"92 anos, Pessoa indígena"
Dicionário PCT - Indígenas,V01858,1858,Pessoas,Indígenas,"93 anos, Pessoa indígena"
Dicionário PCT - Indígenas,V01859,1859,Pessoas,Indígenas,"94 anos, Pessoa indígena"
Dicionário PCT - Indígenas,V01860,1860,Pessoas,Indígenas,"95 anos, Pessoa indígena"
Dicionário PCT - Indígenas,V01861,1861,Pessoas,Indígenas,"96 anos, Pessoa indígena"
Dicionário PCT - Indígenas,V01862,1862,Pessoas,Indígenas,"97 anos, Pessoa indígena"
Dicionário PCT - Indígenas,V01863,1863,Pessoas,Indígenas,"98 anos, Pessoa indígena"
Dicionário PCT - Indígenas,V01864,1864,Pessoas,Indígenas,"99 anos, Pessoa indígena"
Dicionário PCT - Indígenas,V01865,1865,Pessoas,Indígenas,"100 anos ou mais, Pessoa indígena"
Dicionário PCT - Indígenas,V01866,1866,Pessoas,Indígenas,"Sexo masculino, 0 anos, Pessoa indígena"
Dicionário PCT - Indígenas,V01867,1867,Pessoas,Indígenas,"Sexo masculino, 1 ano, Pessoa indígena"
Dicionário PCT - Indígenas,V01868,1868,Pessoas,Indígenas,"Sexo masculino, 2 anos, Pessoa indígena"
Dicionário PCT - Indígenas,V01869,1869,Pessoas,Indígenas,"Sexo masculino, 3 anos, Pessoa indígena"
Dicionário PCT - Indígenas,V01870,1870,Pessoas,Indígenas,"Sexo masculino, 4 anos, Pessoa indígena"
Dicionário PCT - Indígenas,V01871,1871,Pessoas,Indígenas,"Sexo masculino, 5 anos, Pessoa indígena"
Dicionário PCT - Indígenas,V01872,1872,Pessoas,Indígenas,"Sexo masculino, 6 anos, Pessoa indígena"
Dicionário PCT - Indígenas,V01873,1873,Pessoas,Indígenas,"Sexo masculino, 7 anos, Pessoa indígena"
Dicionário PCT - Indígenas,V01874,1874,Pessoas,Indígenas,"Sexo masculino, 8 anos, Pessoa indígena"
Dicionário PCT - Indígenas,V01875,1875,Pessoas,Indígenas,"Sexo masculino, 9 anos, Pessoa indígena"
Dicionário PCT - Indígenas,V01876,1876,Pessoas,Indígenas,"Sexo masculino, 10 anos, Pessoa indígena"
Dicionário PCT - Indígenas,V01877,1877,Pessoas,Indígenas,"Sexo masculino, 11 anos, Pessoa indígena"
Dicionário PCT - Indígenas,V01878,1878,Pessoas,Indígenas,"Sexo masculino, 12 anos, Pessoa indígena"
Dicionário PCT - Indígenas,V01879,1879,Pessoas,Indígenas,"Sexo masculino, 13 anos, Pessoa indígena"
Dicionário PCT - Indígenas,V01880,1880,Pessoas,Indígenas,"Sexo masculino, 14 anos, Pessoa indígena"
Dicionário PCT - Indígenas,V01881,1881,Pessoas,Indígenas,"Sexo masculino, 15 anos, Pessoa indígena"
Dicionário PCT - Indígenas,V01882,1882,Pessoas,Indígenas,"Sexo masculino, 16 anos, Pessoa indígena"
Dicionário PCT - Indígenas,V01883,1883,Pessoas,Indígenas,"Sexo masculino, 17 anos, Pessoa indígena"
Dicionário PCT - Indígenas,V01884,1884,Pessoas,Indígenas,"Sexo masculino, 18 anos, Pessoa indígena"
Dicionário PCT - Indígenas,V01885,1885,Pessoas,Indígenas,"Sexo masculino, 19 anos, Pessoa indígena"
Dicionário PCT - Indígenas,V01886,1886,Pessoas,Indígenas,"Sexo masculino, 20 anos, Pessoa indígena"
Dicionário PCT - Indígenas,V01887,1887,Pessoas,Indígenas,"Sexo masculino, 21 anos, Pessoa indígena"
Dicionário PCT - Indígenas,V01888,1888,Pessoas,Indígenas,"Sexo masculino, 22 anos, Pessoa indígena"
Dicionário PCT - Indígenas,V01889,1889,Pessoas,Indígenas,"Sexo masculino, 23 anos, Pessoa indígena"
Dicionário PCT - Indígenas,V01890,1890,Pessoas,Indígenas,"Sexo masculino, 24 anos, Pessoa indígena"
Dicionário PCT - Indígenas,V01891,1891,Pessoas,Indígenas,"Sexo masculino, 25 anos, Pessoa indígena"
Dicionário PCT - Indígenas,V01892,1892,Pessoas,Indígenas,"Sexo masculino, 26 anos, Pessoa indígena"
Dicionário PCT - Indígenas,V01893,1893,Pessoas,Indígenas,"Sexo masculino, 27 anos, Pessoa indígena"
Dicionário PCT - Indígenas,V01894,1894,Pessoas,Indígenas,"Sexo masculino, 28 anos, Pessoa indígena"
Dicionário PCT - Indígenas,V01895,1895,Pessoas,Indígenas,"Sexo masculino, 29 anos, Pessoa indígena"
Dicionário PCT - Indígenas,V01896,1896,Pessoas,Indígenas,"Sexo masculino, 30 anos, Pessoa indígena"
Dicionário PCT - Indígenas,V01897,1897,Pessoas,Indígenas,"Sexo masculino, 31 anos, Pessoa indígena"
Dicionário PCT - Indígenas,V01898,1898,Pessoas,Indígenas,"Sexo masculino, 32 anos, Pessoa indígena"
Dicionário PCT - Indígenas,V01899,1899,Pessoas,Indígenas,"Sexo masculino, 33 anos, Pessoa indígena"
Dicionário PCT - Indígenas,V01900,1900,Pessoas,Indígenas,"Sexo masculino, 34 anos, Pessoa indígena"
Dicionário PCT - Indígenas,V01901,1901,Pessoas,Indígenas,"Sexo masculino, 35 anos, Pessoa indígena"
Dicionário PCT - Indígenas,V01902,1902,Pessoas,Indígenas,"Sexo masculino, 36 anos, Pessoa indígena"
Dicionário PCT - Indígenas,V01903,1903,Pessoas,Indígenas,"Sexo masculino, 37 anos, Pessoa indígena"
Dicionário PCT - Indígenas,V01904,1904,Pessoas,Indígenas,"Sexo masculino, 38 anos, Pessoa indígena"
Dicionário PCT - Indígenas,V01905,1905,Pessoas,Indígenas,"Sexo masculino, 39 anos, Pessoa indígena"
Dicionário PCT - Indígenas,V01906,1906,Pessoas,Indígenas,"Sexo masculino, 40 anos, Pessoa indígena"
Dicionário PCT - Indígenas,V01907,1907,Pessoas,Indígenas,"Sexo masculino, 41 anos, Pessoa indígena"
Dicionário PCT - Indígenas,V01908,1908,Pessoas,Indígenas,"Sexo masculino, 42 anos, Pessoa indígena"
Dicionário PCT - Indígenas,V01909,1909,Pessoas,Indígenas,"Sexo masculino, 43 anos, Pessoa indígena"
Dicionário PCT - Indígenas,V01910,1910,Pessoas,Indígenas,"Sexo masculino, 44 anos, Pessoa indígena"
Dicionário PCT - Indígenas,V01911,1911,Pessoas,Indígenas,"Sexo masculino, 45 anos, Pessoa indígena"
Dicionário PCT - Indígenas,V01912,1912,Pessoas,Indígenas,"Sexo masculino, 46 anos, Pessoa indígena"
Dicionário PCT - Indígenas,V01913,1913,Pessoas,Indígenas,"Sexo masculino, 47 anos, Pessoa indígena"
Dicionário PCT - Indígenas,V01914,1914,Pessoas,Indígenas,"Sexo masculino, 48 anos, Pessoa indígena"
Dicionário PCT - Indígenas,V01915,1915,Pessoas,Indígenas,"Sexo masculino, 49 anos, Pessoa indígena"
Dicionário PCT - Indígenas,V01916,1916,Pessoas,Indígenas,"Sexo masculino, 50 anos, Pessoa indígena"
Dicionário PCT - Indígenas,V01917,1917,Pessoas,Indígenas,"Sexo masculino, 51 anos, Pessoa indígena"
Dicionário PCT - Indígenas,V01918,1918,Pessoas,Indígenas,"Sexo masculino, 52 anos, Pessoa indígena"
Dicionário PCT - Indígenas,V01919,1919,Pessoas,Indígenas,"Sexo masculino, 53 anos, Pessoa indígena"
Dicionário PCT - Indígenas,V01920,1920,Pessoas,Indígenas,"Sexo masculino, 54 anos, Pessoa indígena"
Dicionário PCT - Indígenas,V01921,1921,Pessoas,Indígenas,"Sexo masculino, 55 anos, Pessoa indígena"
Dicionário PCT - Indígenas,V01922,1922,Pessoas,Indígenas,"Sexo masculino, 56 anos, Pessoa indígena"
Dicionário PCT - Indígenas,V01923,1923,Pessoas,Indígenas,"Sexo masculino, 57 anos, Pessoa indígena"
Dicionário PCT - Indígenas,V01924,1924,Pessoas,Indígenas,"Sexo masculino, 58 anos, Pessoa indígena"
Dicionário PCT - Indígenas,V01925,1925,Pessoas,Indígenas,"Sexo masculino, 59 anos, Pessoa indígena"
Dicionário PCT - Indígenas,V01926,1926,Pessoas,Indígenas,"Sexo masculino, 60 anos, Pessoa indígena"
Dicionário PCT - Indígenas,V01927,1927,Pessoas,Indígenas,"Sexo masculino, 61 anos, Pessoa indígena"
Dicionário PCT - Indígenas,V01928,1928,Pessoas,Indígenas,"Sexo masculino, 62 anos, Pessoa indígena"
Dicionário PCT - Indígenas,V01929,1929,Pessoas,Indígenas,"Sexo masculino, 63 anos, Pessoa indígena"
Dicionário PCT - Indígenas,V01930,1930,Pessoas,Indígenas,"Sexo masculino, 64 anos, Pessoa indígena"
Dicionário PCT - Indígenas,V01931,1931,Pessoas,Indígenas,"Sexo masculino, 65 anos, Pessoa indígena"
Dicionário PCT - Indígenas,V01932,1932,Pessoas,Indígenas,"Sexo masculino, 66 anos, Pessoa indígena"
Dicionário PCT - Indígenas,V01933,1933,Pessoas,Indígenas,"Sexo masculino, 67 anos, Pessoa indígena"
Dicionário PCT - Indígenas,V01934,1934,Pessoas,Indígenas,"Sexo masculino, 68 anos, Pessoa indígena"
Dicionário PCT - Indígenas,V01935,1935,Pessoas,Indígenas,"Sexo masculino, 69 anos, Pessoa indígena"
Dicionário PCT - Indígenas,V01936,1936,Pessoas,Indígenas,"Sexo masculino, 70 anos, Pessoa indígena"
Dicionário PCT - Indígenas,V01937,1937,Pessoas,Indígenas,"Sexo masculino, 71 anos, Pessoa indígena"
Dicionário PCT - Indígenas,V01938,1938,Pessoas,Indígenas,"Sexo masculino, 72 anos, Pessoa indígena"
Dicionário PCT - Indígenas,V01939,1939,Pessoas,Indígenas,"Sexo masculino, 73 anos, Pessoa indígena"
Dicionário PCT - Indígenas,V01940,1940,Pessoas,Indígenas,"Sexo masculino, 74 anos, Pessoa indígena"
Dicionário PCT - Indígenas,V01941,1941,Pessoas,Indígenas,"Sexo masculino, 75 anos, Pessoa indígena"
Dicionário PCT - Indígenas,V01942,1942,Pessoas,Indígenas,"Sexo masculino, 76 anos, Pessoa indígena"
Dicionário PCT - Indígenas,V01943,1943,Pessoas,Indígenas,"Sexo masculino, 77 anos, Pessoa indígena"
Dicionário PCT - Indígenas,V01944,1944,Pessoas,Indígenas,"Sexo masculino, 78 anos, Pessoa indígena"
Dicionário PCT - Indígenas,V01945,1945,Pessoas,Indígenas,"Sexo masculino, 79 anos, Pessoa indígena"
Dicionário PCT - Indígenas,V01946,1946,Pessoas,Indígenas,"Sexo masculino, 80 anos, Pessoa indígena"
Dicionário PCT - Indígenas,V01947,1947,Pessoas,Indígenas,"Sexo masculino, 81 anos, Pessoa indígena"
Dicionário PCT - Indígenas,V01948,1948,Pessoas,Indígenas,"Sexo masculino, 82 anos, Pessoa indígena"
Dicionário PCT - Indígenas,V01949,1949,Pessoas,Indígenas,"Sexo masculino, 83 anos, Pessoa indígena"
Dicionário PCT - Indígenas,V01950,1950,Pessoas,Indígenas,"Sexo masculino, 84 anos, Pessoa indígena"
Dicionário PCT - Indígenas,V01951,1951,Pessoas,Indígenas,"Sexo masculino, 85 anos, Pessoa indígena"
Dicionário PCT - Indígenas,V01952,1952,Pessoas,Indígenas,"Sexo masculino, 86 anos, Pessoa indígena"
Dicionário PCT - Indígenas,V01953,1953,Pessoas,Indígenas,"Sexo masculino, 87 anos, Pessoa indígena"
Dicionário PCT - Indígenas,V01954,1954,Pessoas,Indígenas,"Sexo masculino, 88 anos, Pessoa indígena"
Dicionário PCT - Indígenas,V01955,1955,Pessoas,Indígenas,"Sexo masculino, 89 anos, Pessoa indígena"
Dicionário PCT - Indígenas,V01956,1956,Pessoas,Indígenas,"Sexo masculino, 90 anos, Pessoa indígena"
Dicionário PCT - Indígenas,V01957,1957,Pessoas,Indígenas,"Sexo masculino, 91 anos, Pessoa indígena"
Dicionário PCT - Indígenas,V01958,1958,Pessoas,Indígenas,"Sexo masculino, 92 anos, Pessoa indígena"
Dicionário PCT - Indígenas,V01959,1959,Pessoas,Indígenas,"Sexo masculino, 93 anos, Pessoa indígena"
Dicionário PCT - Indígenas,V01960,1960,Pessoas,Indígenas,"Sexo masculino, 94 anos, Pessoa indígena"
Dicionário PCT - Indígenas,V01961,1961,Pessoas,Indígenas,"Sexo masculino, 95 anos, Pessoa indígena"
Dicionário PCT - Indígenas,V01962,1962,Pessoas,Indígenas,"Sexo masculino, 96 anos, Pessoa indígena"
Dicionário PCT - Indígenas,V01963,1963,Pessoas,Indígenas,"Sexo masculino, 97 anos, Pessoa indígena"
Dicionário PCT - Indígenas,V01964,1964,Pessoas,Indígenas,"Sexo masculino, 98 anos, Pessoa indígena"
Dicionário PCT - Indígenas,V01965,1965,Pessoas,Indígenas,"Sexo masculino, 99 anos, Pessoa indígena"
Dicionário PCT - Indígenas,V01966,1966,Pessoas,Indígenas,"Sexo masculino, 100 anos ou mais, Pessoa indígena"
Dicionário PCT - Indígenas,V01967,1967,Pessoas,Indígenas,"Sexo feminino, 0 anos, Pessoa indígena"
Dicionário PCT - Indígenas,V01968,1968,Pessoas,Indígenas,"Sexo feminino, 1 ano, Pessoa indígena"
Dicionário PCT - Indígenas,V01969,1969,Pessoas,Indígenas,"Sexo feminino, 2 anos, Pessoa indígena"
Dicionário PCT - Indígenas,V01970,1970,Pessoas,Indígenas,"Sexo feminino, 3 anos, Pessoa indígena"
Dicionário PCT - Indígenas,V01971,1971,Pessoas,Indígenas,"Sexo feminino, 4 anos, Pessoa indígena"
Dicionário PCT - Indígenas,V01972,1972,Pessoas,Indígenas,"Sexo feminino, 5 anos, Pessoa indígena"
Dicionário PCT - Indígenas,V01973,1973,Pessoas,Indígenas,"Sexo feminino, 6 anos, Pessoa indígena"
Dicionário PCT - Indígenas,V01974,1974,Pessoas,Indígenas,"Sexo feminino, 7 anos, Pessoa indígena"
Dicionário PCT - Indígenas,V01975,1975,Pessoas,Indígenas,"Sexo feminino, 8 anos, Pessoa indígena"
Dicionário PCT - Indígenas,V01976,1976,Pessoas,Indígenas,"Sexo feminino, 9 anos, Pessoa indígena"
Dicionário PCT - Indígenas,V01977,1977,Pessoas,Indígenas,"Sexo feminino, 10 anos, Pessoa indígena"
Dicionário PCT - Indígenas,V01978,1978,Pessoas,Indígenas,"Sexo feminino, 11 anos, Pessoa indígena"
Dicionário PCT - Indígenas,V01979,1979,Pessoas,Indígenas,"Sexo feminino, 12 anos, Pessoa indígena"
Dicionário PCT - Indígenas,V01980,1980,Pessoas,Indígenas,"Sexo feminino, 13 anos, Pessoa indígena"
Dicionário PCT - Indígenas,V01981,1981,Pessoas,Indígenas,"Sexo feminino, 14 anos, Pessoa indígena"
Dicionário PCT - Indígenas,V01982,1982,Pessoas,Indígenas,"Sexo feminino, 15 anos, Pessoa indígena"
Dicionário PCT - Indígenas,V01983,1983,Pessoas,Indígenas,"Sexo feminino, 16 anos, Pessoa indígena"
Dicionário PCT - Indígenas,V01984,1984,Pessoas,Indígenas,"Sexo feminino, 17 anos, Pessoa indígena"
Dicionário PCT - Indígenas,V01985,1985,Pessoas,Indígenas,"Sexo feminino, 18 anos, Pessoa indígena"
Dicionário PCT - Indígenas,V01986,1986,Pessoas,Indígenas,"Sexo feminino, 19 anos, Pessoa indígena"
Dicionário PCT - Indígenas,V01987,1987,Pessoas,Indígenas,"Sexo feminino, 20 anos, Pessoa indígena"
Dicionário PCT - Indígenas,V01988,1988,Pessoas,Indígenas,"Sexo feminino, 21 anos, Pessoa indígena"
Dicionário PCT - Indígenas,V01989,1989,Pessoas,Indígenas,"Sexo feminino, 22 anos, Pessoa indígena"
Dicionário PCT - Indígenas,V01990,1990,Pessoas,Indígenas,"Sexo feminino, 23 anos, Pessoa indígena"
Dicionário PCT - Indígenas,V01991,1991,Pessoas,Indígenas,"Sexo feminino, 24 anos, Pessoa indígena"
Dicionário PCT - Indígenas,V01992,1992,Pessoas,Indígenas,"Sexo feminino, 25 anos, Pessoa indígena"
Dicionário PCT - Indígenas,V01993,1993,Pessoas,Indígenas,"Sexo feminino, 26 anos, Pessoa indígena"
Dicionário PCT - Indígenas,V01994,1994,Pessoas,Indígenas,"Sexo feminino, 27 anos, Pessoa indígena"
Dicionário PCT - Indígenas,V01995,1995,Pessoas,Indígenas,"Sexo feminino, 28 anos, Pessoa indígena"
Dicionário PCT - Indígenas,V01996,1996,Pessoas,Indígenas,"Sexo feminino, 29 anos, Pessoa indígena"
Dicionário PCT - Indígenas,V01997,1997,Pessoas,Indígenas,"Sexo feminino, 30 anos, Pessoa indígena"
Dicionário PCT - Indígenas,V01998,1998,Pessoas,Indígenas,"Sexo feminino, 31 anos, Pessoa indígena"
Dicionário PCT - Indígenas,V01999,1999,Pessoas,Indígenas,"Sexo feminino, 32 anos, Pessoa indígena"
Dicionário PCT - Indígenas,V02000,2000,Pessoas,Indígenas,"Sexo feminino, 33 anos, Pessoa indígena"
Dicionário PCT - Indígenas,V02001,2001,Pessoas,Indígenas,"Sexo feminino, 34 anos, Pessoa indígena"
Dicionário PCT - Indígenas,V02002,2002,Pessoas,Indígenas,"Sexo feminino, 35 anos, Pessoa indígena"
Dicionário PCT - Indígenas,V02003,2003,Pessoas,Indígenas,"Sexo feminino, 36 anos, Pessoa indígena"
Dicionário PCT - Indígenas,V02004,2004,Pessoas,Indígenas,"Sexo feminino, 37 anos, Pessoa indígena"
Dicionário PCT - Indígenas,V02005,2005,Pessoas,Indígenas,"Sexo feminino, 38 anos, Pessoa indígena"
Dicionário PCT - Indígenas,V02006,2006,Pessoas,Indígenas,"Sexo feminino, 39 anos, Pessoa indígena"
Dicionário PCT - Indígenas,V02007,2007,Pessoas,Indígenas,"Sexo feminino, 40 anos, Pessoa indígena"
Dicionário PCT - Indígenas,V02008,2008,Pessoas,Indígenas,"Sexo feminino, 41 anos, Pessoa indígena"
Dicionário PCT - Indígenas,V02009,2009,Pessoas,Indígenas,"Sexo feminino, 42 anos, Pessoa indígena"
Dicionário PCT - Indígenas,V02010,2010,Pessoas,Indígenas,"Sexo feminino, 43 anos, Pessoa indígena"
Dicionário PCT - Indígenas,V02011,2011,Pessoas,Indígenas,"Sexo feminino, 44 anos, Pessoa indígena"
Dicionário PCT - Indígenas,V02012,2012,Pessoas,Indígenas,"Sexo feminino, 45 anos, Pessoa indígena"
Dicionário PCT - Indígenas,V02013,2013,Pessoas,Indígenas,"Sexo feminino, 46 anos, Pessoa indígena"
Dicionário PCT - Indígenas,V02014,2014,Pessoas,Indígenas,"Sexo feminino, 47 anos, Pessoa indígena"
Dicionário PCT - Indígenas,V02015,2015,Pessoas,Indígenas,"Sexo feminino, 48 anos, Pessoa indígena"
Dicionário PCT - Indígenas,V02016,2016,Pessoas,Indígenas,"Sexo feminino, 49 anos, Pessoa indígena"
Dicionário PCT - Indígenas,V02017,2017,Pessoas,Indígenas,"Sexo feminino, 50 anos, Pessoa indígena"
Dicionário PCT - Indígenas,V02018,2018,Pessoas,Indígenas,"Sexo feminino, 51 anos, Pessoa indígena"
Dicionário PCT - Indígenas,V02019,2019,Pessoas,Indígenas,"Sexo feminino, 52 anos, Pessoa indígena"
Dicionário PCT - Indígenas,V02020,2020,Pessoas,Indígenas,"Sexo feminino, 53 anos, Pessoa indígena"
Dicionário PCT - Indígenas,V02021,2021,Pessoas,Indígenas,"Sexo feminino, 54 anos, Pessoa indígena"
Dicionário PCT - Indígenas,V02022,2022,Pessoas,Indígenas,"Sexo feminino, 55 anos, Pessoa indígena"
Dicionário PCT - Indígenas,V02023,2023,Pessoas,Indígenas,"Sexo feminino, 56 anos, Pessoa indígena"
Dicionário PCT - Indígenas,V02024,2024,Pessoas,Indígenas,"Sexo feminino, 57 anos, Pessoa indígena"
Dicionário PCT - Indígenas,V02025,2025,Pessoas,Indígenas,"Sexo feminino, 58 anos, Pessoa indígena"
Dicionário PCT - Indígenas,V02026,2026,Pessoas,Indígenas,"Sexo feminino, 59 anos, Pessoa indígena"
Dicionário PCT - Indígenas,V02027,2027,Pessoas,Indígenas,"Sexo feminino, 60 anos, Pessoa indígena"
Dicionário PCT - Indígenas,V02028,2028,Pessoas,Indígenas,"Sexo feminino, 61 anos, Pessoa indígena"
Dicionário PCT - Indígenas,V02029,2029,Pessoas,Indígenas,"Sexo feminino, 62 anos, Pessoa indígena"
Dicionário PCT - Indígenas,V02030,2030,Pessoas,Indígenas,"Sexo feminino, 63 anos, Pessoa indígena"
Dicionário PCT - Indígenas,V02031,2031,Pessoas,Indígenas,"Sexo feminino, 64 anos, Pessoa indígena"
Dicionário PCT - Indígenas,V02032,2032,Pessoas,Indígenas,"Sexo feminino, 65 anos, Pessoa indígena"
Dicionário PCT - Indígenas,V02033,2033,Pessoas,Indígenas,"Sexo feminino, 66 anos, Pessoa indígena"
Dicionário PCT - Indígenas,V02034,2034,Pessoas,Indígenas,"Sexo feminino, 67 anos, Pessoa indígena"
Dicionário PCT - Indígenas,V02035,2035,Pessoas,Indígenas,"Sexo feminino, 68 anos, Pessoa indígena"
Dicionário PCT - Indígenas,V02036,2036,Pessoas,Indígenas,"Sexo feminino, 69 anos, Pessoa indígena"
Dicionário PCT - Indígenas,V02037,2037,Pessoas,Indígenas,"Sexo feminino, 70 anos, Pessoa indígena"
Dicionário PCT - Indígenas,V02038,2038,Pessoas,Indígenas,"Sexo feminino, 71 anos, Pessoa indígena"
Dicionário PCT - Indígenas,V02039,2039,Pessoas,Indígenas,"Sexo feminino, 72 anos, Pessoa indígena"
Dicionário PCT - Indígenas,V02040,2040,Pessoas,Indígenas,"Sexo feminino, 73 anos, Pessoa indígena"
Dicionário PCT - Indígenas,V02041,2041,Pessoas,Indígenas,"Sexo feminino, 74 anos, Pessoa indígena"
Dicionário PCT - Indígenas,V02042,2042,Pessoas,Indígenas,"Sexo feminino, 75 anos, Pessoa indígena"
Dicionário PCT - Indígenas,V02043,2043,Pessoas,Indígenas,"Sexo feminino, 76 anos, Pessoa indígena"
Dicionário PCT - Indígenas,V02044,2044,Pessoas,Indígenas,"Sexo feminino, 77 anos, Pessoa indígena"
Dicionário PCT - Indígenas,V02045,2045,Pessoas,Indígenas,"Sexo feminino, 78 anos, Pessoa indígena"
Dicionário PCT - Indígenas,V02046,2046,Pessoas,Indígenas,"Sexo feminino, 79 anos, Pessoa indígena"
Dicionário PCT - Indígenas,V02047,2047,Pessoas,Indígenas,"Sexo feminino, 80 anos, Pessoa indígena"
Dicionário PCT - Indígenas,V02048,2048,Pessoas,Indígenas,"Sexo feminino, 81 anos, Pessoa indígena"
Dicionário PCT - Indígenas,V02049,2049,Pessoas,Indígenas,"Sexo feminino, 82 anos, Pessoa indígena"
Dicionário PCT - Indígenas,V02050,2050,Pessoas,Indígenas,"Sexo feminino, 83 anos, Pessoa indígena"
Dicionário PCT - Indígenas,V02051,2051,Pessoas,Indígenas,"Sexo feminino, 84 anos, Pessoa indígena"
Dicionário PCT - Indígenas,V02052,2052,Pessoas,Indígenas,"Sexo feminino, 85 anos, Pessoa indígena"
Dicionário PCT - Indígenas,V02053,2053,Pessoas,Indígenas,"Sexo feminino, 86 anos, Pessoa indígena"
Dicionário PCT - Indígenas,V02054,2054,Pessoas,Indígenas,"Sexo feminino, 87 anos, Pessoa indígena"
Dicionário PCT - Indígenas,V02055,2055,Pessoas,Indígenas,"Sexo feminino, 88 anos, Pessoa indígena"
Dicionário PCT - Indígenas,V02056,2056,Pessoas,Indígenas,"Sexo feminino, 89 anos, Pessoa indígena"
Dicionário PCT - Indígenas,V02057,2057,Pessoas,Indígenas,"Sexo feminino, 90 anos, Pessoa indígena"
Dicionário PCT - Indígenas,V02058,2058,Pessoas,Indígenas,"Sexo feminino, 91 anos, Pessoa indígena"
Dicionário PCT - Indígenas,V02059,2059,Pessoas,Indígenas,"Sexo feminino, 92 anos, Pessoa indígena"
Dicionário PCT - Indígenas,V02060,2060,Pessoas,Indígenas,"Sexo feminino, 93 anos, Pessoa indígena"
Dicionário PCT - Indígenas,V02061,2061,Pessoas,Indígenas,"Sexo feminino, 94 anos, Pessoa indígena"
Dicionário PCT - Indígenas,V02062,2062,Pessoas,Indígenas,"Sexo feminino, 95 anos, Pessoa indígena"
Dicionário PCT - Indígenas,V02063,2063,Pessoas,Indígenas,"Sexo feminino, 96 anos, Pessoa indígena"
Dicionário PCT - Indígenas,V02064,2064,Pessoas,Indígenas,"Sexo feminino, 97 anos, Pessoa indígena"
Dicionário PCT - Indígenas,V02065,2065,Pessoas,Indígenas,"Sexo feminino, 98 anos, Pessoa indígena"
Dicionário PCT - Indígenas,V02066,2066,Pessoas,Indígenas,"Sexo feminino, 99 anos, Pessoa indígena"
Dicionário PCT - Indígenas,V02067,2067,Pessoas,Indígenas,"Sexo feminino, 100 anos ou mais, Pessoa indígena"
Dicionário PCT - Indígenas,V02068,2068,Pessoas,Indígenas,"0 a 4 anos, Pessoa indígena"
Dicionário PCT - Indígenas,V02069,2069,Pessoas,Indígenas,"5 a 9 anos, Pessoa indígena"
Dicionário PCT - Indígenas,V02070,2070,Pessoas,Indígenas,"10 a 14 anos, Pessoa indígena"
Dicionário PCT - Indígenas,V02071,2071,Pessoas,Indígenas,"15 a 19 anos, Pessoa indígena"
Dicionário PCT - Indígenas,V02072,2072,Pessoas,Indígenas,"20 a 24 anos, Pessoa indígena"
Dicionário PCT - Indígenas,V02073,2073,Pessoas,Indígenas,"25 a 29 anos, Pessoa indígena"
Dicionário PCT - Indígenas,V02074,2074,Pessoas,Indígenas,"30 a 39 anos, Pessoa indígena"
Dicionário PCT - Indígenas,V02075,2075,Pessoas,Indígenas,"40 a 49 anos, Pessoa indígena"
Dicionário PCT - Indígenas,V02076,2076,Pessoas,Indígenas,"50 a 59 anos, Pessoa indígena"
Dicionário PCT - Indígenas,V02077,2077,Pessoas,Indígenas,"60 a 69 anos, Pessoa indígena"
Dicionário PCT - Indígenas,V02078,2078,Pessoas,Indígenas,"70 anos ou mais, Pessoa indígena"
Dicionário PCT - Indígenas,V02079,2079,Pessoas,Indígenas,"Sexo masculino, 0 a 4 anos, Pessoa indígena"
Dicionário PCT - Indígenas,V02080,2080,Pessoas,Indígenas,"Sexo masculino, 5 a 9 anos, Pessoa indígena"
Dicionário PCT - Indígenas,V02081,2081,Pessoas,Indígenas,"Sexo masculino, 10 a 14 anos, Pessoa indígena"
Dicionário PCT - Indígenas,V02082,2082,Pessoas,Indígenas,"Sexo masculino, 15 a 19 anos, Pessoa indígena"
Dicionário PCT - Indígenas,V02083,2083,Pessoas,Indígenas,"Sexo masculino, 20 a 24 anos, Pessoa indígena"
Dicionário PCT - Indígenas,V02084,2084,Pessoas,Indígenas,"Sexo masculino, 25 a 29 anos, Pessoa indígena"
Dicionário PCT - Indígenas,V02085,2085,Pessoas,Indígenas,"Sexo masculino, 30 a 39 anos, Pessoa indígena"
Dicionário PCT - Indígenas,V02086,2086,Pessoas,Indígenas,"Sexo masculino, 40 a 49 anos, Pessoa indígena"
Dicionário PCT - Indígenas,V02087,2087,Pessoas,Indígenas,"Sexo masculino, 50 a 59 anos, Pessoa indígena"
Dicionário PCT - Indígenas,V02088,2088,Pessoas,Indígenas,"Sexo masculino, 60 a 69 anos, Pessoa indígena"
Dicionário PCT - Indígenas,V02089,2089,Pessoas,Indígenas,"Sexo masculino, 70 anos ou mais, Pessoa indígena"
Dicionário PCT - Indígenas,V02090,2090,Pessoas,Indígenas,"Sexo feminino, 0 a 4 anos, Pessoa indígena"
Dicionário PCT - Indígenas,V02091,2091,Pessoas,Indígenas,"Sexo feminino, 5 a 9 anos, Pessoa indígena"
Dicionário PCT - Indígenas,V02092,2092,Pessoas,Indígenas,"Sexo feminino, 10 a 14 anos, Pessoa indígena"
Dicionário PCT - Indígenas,V02093,2093,Pessoas,Indígenas,"Sexo feminino, 15 a 19 anos, Pessoa indígena"
Dicionário PCT - Indígenas,V02094,2094,Pessoas,Indígenas,"Sexo feminino, 20 a 24 anos, Pessoa indígena"
Dicionário PCT - Indígenas,V02095,2095,Pessoas,Indígenas,"Sexo feminino, 25 a 29 anos, Pessoa indígena"
Dicionário PCT - Indígenas,V02096,2096,Pessoas,Indígenas,"Sexo feminino, 30 a 39 anos, Pessoa indígena"
Dicionário PCT - Indígenas,V02097,2097,Pessoas,Indígenas,"Sexo feminino, 40 a 49 anos, Pessoa indígena"
Dicionário PCT - Indígenas,V02098,2098,Pessoas,Indígenas,"Sexo feminino, 50 a 59 anos, Pessoa indígena"
Dicionário PCT - Indígenas,V02099,2099,Pessoas,Indígenas,"Sexo feminino, 60 a 69 anos, Pessoa indígena"
Dicionário PCT - Indígenas,V02100,2100,Pessoas,Indígenas,"Sexo feminino, 70 anos ou mais, Pessoa indígena"
Dicionário PCT - Indígenas,V02101,2101,Pessoas,Indígenas,"15 anos ou mais, Pessoa indígena"
Dicionário PCT - Indígenas,V02102,2102,Pessoas,Indígenas,"Sexo masculino, 15 anos ou mais, Pessoa indígena"
Dicionário PCT - Indígenas,V02103,2103,Pessoas,Indígenas,"Sexo feminino, 15 anos ou mais, Pessoa indígena"
Dicionário PCT - Indígenas,V02104,2104,Pessoas,Indígenas,"Pessoa responsável pelo domicílio, Pessoa indígena"
Dicionário PCT - Indígenas,V02105,2105,Pessoas,Indígenas,"Pessoa responsável pelo domicílio, Sexo do morador responsável é masculino, Pessoa indígena"
Dicionário PCT - Indígenas,V02106,2106,Pessoas,Indígenas,"Pessoa responsável pelo domicílio, Sexo do morador responsável é feminino, Pessoa indígena"
Dicionário PCT - Indígenas,V02107,2107,Pessoas,Indígenas,"Pessoa responsável pelo domicílio, 15 anos ou mais, Pessoa indígena"
Dicionário PCT - Indígenas,V02108,2108,Pessoas,Indígenas,"Pessoa responsável pelo domicílio, Sexo do morador responsável é masculino, 15 anos ou mais, Pessoa indígena"
Dicionário PCT - Indígenas,V02109,2109,Pessoas,Indígenas,"Pessoa responsável pelo domicílio, Sexo do morador responsável é feminino, 15 anos ou mais, Pessoa indígena"
Dicionário PCT - Indígenas,V02110,2110,Pessoas,Indígenas,"Pessoa responsável pelo domicílio, 12 a 14 anos, Pessoa indígena"
Dicionário PCT - Indígenas,V02111,2111,Pessoas,Indígenas,"Pessoa responsável pelo domicílio, 15 a 29 anos, Pessoa indígena"
Dicionário PCT - Indígenas,V02112,2112,Pessoas,Indígenas,"Pessoa responsável pelo domicílio, 30 a 59 anos, Pessoa indígena"
Dicionário PCT - Indígenas,V02113,2113,Pessoas,Indígenas,"Pessoa responsável pelo domicílio, 60 anos ou mais, Pessoa indígena"
Dicionário PCT - Indígenas,V02114,2114,Pessoas,Indígenas,"Pessoa responsável pelo domicílio, Sexo do morador responsável é masculino, 12 a 14 anos, Pessoa indígena"
Dicionário PCT - Indígenas,V02115,2115,Pessoas,Indígenas,"Pessoa responsável pelo domicílio, Sexo do morador responsável é masculino, 15 a 29 anos, Pessoa indígena"
Dicionário PCT - Indígenas,V02116,2116,Pessoas,Indígenas,"Pessoa responsável pelo domicílio, Sexo do morador responsável é masculino, 30 a 59 anos, Pessoa indígena"
Dicionário PCT - Indígenas,V02117,2117,Pessoas,Indígenas,"Pessoa responsável pelo domicílio, Sexo do morador responsável é masculino, 60 anos ou mais, Pessoa indígena"
Dicionário PCT - Indígenas,V02118,2118,Pessoas,Indígenas,"Pessoa responsável pelo domicílio, Sexo do morador responsável é feminino, 12 a 14 anos, Pessoa indígena"
Dicionário PCT - Indígenas,V02119,2119,Pessoas,Indígenas,"Pessoa responsável pelo domicílio, Sexo do morador responsável é feminino, 15 a 29 anos, Pessoa indígena"
Dicionário PCT - Indígenas,V02120,2120,Pessoas,Indígenas,"Pessoa responsável pelo domicílio, Sexo do morador responsável é feminino, 30 a 59 anos, Pessoa indígena"
Dicionário PCT - Indígenas,V02121,2121,Pessoas,Indígenas,"Pessoa responsável pelo domicílio, Sexo do morador responsável é feminino, 60 anos ou mais, Pessoa indígena"
Dicionário PCT - Indígenas,V02122,2122,Pessoas,Indígenas,"Pessoa responsável pelo domicílio, 12 a 17 anos, Pessoa indígena"
Dicionário PCT - Indígenas,V02123,2123,Pessoas,Indígenas,"Pessoa responsável pelo domicílio, 18 a 24 anos, Pessoa indígena"
Dicionário PCT - Indígenas,V02124,2124,Pessoas,Indígenas,"Pessoa responsável pelo domicílio, 25 a 39 anos, Pessoa indígena"
Dicionário PCT - Indígenas,V02125,2125,Pessoas,Indígenas,"Pessoa responsável pelo domicílio, 40 a 59 anos, Pessoa indígena"
Dicionário PCT - Indígenas,V02126,2126,Pessoas,Indígenas,"Pessoa responsável pelo domicílio, 60 anos ou mais, Pessoa indígena"
Dicionário PCT - Indígenas,V02127,2127,Pessoas,Indígenas,"Pessoa responsável pelo domicílio, Sexo do morador responsável é masculino, 12 a 17 anos, Pessoa indígena"
Dicionário PCT - Indígenas,V02128,2128,Pessoas,Indígenas,"Pessoa responsável pelo domicílio, Sexo do morador responsável é masculino, 18 a 24 anos, Pessoa indígena"
Dicionário PCT - Indígenas,V02129,2129,Pessoas,Indígenas,"Pessoa responsável pelo domicílio, Sexo do morador responsável é masculino, 25 a 39 anos, Pessoa indígena"
Dicionário PCT - Indígenas,V02130,2130,Pessoas,Indígenas,"Pessoa responsável pelo domicílio, Sexo do morador responsável é masculino, 40 a 59 anos, Pessoa indígena"
Dicionário PCT - Indígenas,V02131,2131,Pessoas,Indígenas,"Pessoa responsável pelo domicílio, Sexo do morador responsável é masculino, 60 anos ou mais, Pessoa indígena"
Dicionário PCT - Indígenas,V02132,2132,Pessoas,Indígenas,"Pessoa responsável pelo domicílio, Sexo do morador responsável é feminino, 12 a 17 anos, Pessoa indígena"
Dicionário PCT - Indígenas,V02133,2133,Pessoas,Indígenas,"Pessoa responsável pelo domicílio, Sexo do morador responsável é feminino, 18 a 24 anos, Pessoa indígena"
Dicionário PCT - Indígenas,V02134,2134,Pessoas,Indígenas,"Pessoa responsável pelo domicílio, Sexo do morador responsável é feminino, 25 a 39 anos, Pessoa indígena"
Dicionário PCT - Indígenas,V02135,2135,Pessoas,Indígenas,"Pessoa responsável pelo domicílio, Sexo do morador responsável é feminino, 40 a 59 anos, Pessoa indígena"
Dicionário PCT - Indígenas,V02136,2136,Pessoas,Indígenas,"Pessoa responsável pelo domicílio, Sexo do morador responsável é feminino, 60 anos ou mais, Pessoa indígena"
Dicionário PCT - Indígenas,V02137,2137,Pessoas,Indígenas,"Pessoas alfabetizadas, 15 anos ou mais, Pessoa indígena"
Dicionário PCT - Indígenas,V02138,2138,Pessoas,Indígenas,"Pessoas alfabetizadas, Sexo masculino, 15 anos ou mais, Pessoa indígena"
Dicionário PCT - Indígenas,V02139,2139,Pessoas,Indígenas,"Pessoas alfabetizadas, Sexo feminino, 15 anos ou mais, Pessoa indígena"
Dicionário PCT - Indígenas,V02140,2140,Pessoas,Indígenas,"Pessoas alfabetizadas, 15 a 19 anos, Pessoa indígena"
Dicionário PCT - Indígenas,V02141,2141,Pessoas,Indígenas,"Pessoas alfabetizadas, 20 a 24 anos, Pessoa indígena"
Dicionário PCT - Indígenas,V02142,2142,Pessoas,Indígenas,"Pessoas alfabetizadas, 25 a 29 anos, Pessoa indígena"
Dicionário PCT - Indígenas,V02143,2143,Pessoas,Indígenas,"Pessoas alfabetizadas, 30 a 34 anos, Pessoa indígena"
Dicionário PCT - Indígenas,V02144,2144,Pessoas,Indígenas,"Pessoas alfabetizadas, 35 a 39 anos, Pessoa indígena"
Dicionário PCT - Indígenas,V02145,2145,Pessoas,Indígenas,"Pessoas alfabetizadas, 40 a 44 anos, Pessoa indígena"
Dicionário PCT - Indígenas,V02146,2146,Pessoas,Indígenas,"Pessoas alfabetizadas, 45 a 49 anos, Pessoa indígena"
Dicionário PCT - Indígenas,V02147,2147,Pessoas,Indígenas,"Pessoas alfabetizadas, 50 a 54 anos, Pessoa indígena"
Dicionário PCT - Indígenas,V02148,2148,Pessoas,Indígenas,"Pessoas alfabetizadas, 55 a 59 anos, Pessoa indígena"
Dicionário PCT - Indígenas,V02149,2149,Pessoas,Indígenas,"Pessoas alfabetizadas, 60 a 64 anos, Pessoa indígena"
Dicionário PCT - Indígenas,V02150,2150,Pessoas,Indígenas,"Pessoas alfabetizadas, 65 a 69 anos, Pessoa indígena"
Dicionário PCT - Indígenas,V02151,2151,Pessoas,Indígenas,"Pessoas alfabetizadas, 70 a 79 anos, Pessoa indígena"
Dicionário PCT - Indígenas,V02152,2152,Pessoas,Indígenas,"Pessoas alfabetizadas, 80 anos ou mais, Pessoa indígena"
Dicionário PCT - Indígenas,V02153,2153,Pessoas,Indígenas,"Pessoas alfabetizadas, Sexo masculino, 15 a 19 anos, Pessoa indígena"
Dicionário PCT - Indígenas,V02154,2154,Pessoas,Indígenas,"Pessoas alfabetizadas, Sexo masculino, 20 a 24 anos, Pessoa indígena"
Dicionário PCT - Indígenas,V02155,2155,Pessoas,Indígenas,"Pessoas alfabetizadas, Sexo masculino, 25 a 29 anos, Pessoa indígena"
Dicionário PCT - Indígenas,V02156,2156,Pessoas,Indígenas,"Pessoas alfabetizadas, Sexo masculino, 30 a 34 anos, Pessoa indígena"
Dicionário PCT - Indígenas,V02157,2157,Pessoas,Indígenas,"Pessoas alfabetizadas, Sexo masculino, 35 a 39 anos, Pessoa indígena"
Dicionário PCT - Indígenas,V02158,2158,Pessoas,Indígenas,"Pessoas alfabetizadas, Sexo masculino, 40 a 44 anos, Pessoa indígena"
Dicionário PCT - Indígenas,V02159,2159,Pessoas,Indígenas,"Pessoas alfabetizadas, Sexo masculino, 45 a 49 anos, Pessoa indígena"
Dicionário PCT - Indígenas,V02160,2160,Pessoas,Indígenas,"Pessoas alfabetizadas, Sexo masculino, 50 a 54 anos, Pessoa indígena"
Dicionário PCT - Indígenas,V02161,2161,Pessoas,Indígenas,"Pessoas alfabetizadas, Sexo masculino, 55 a 59 anos, Pessoa indígena"
Dicionário PCT - Indígenas,V02162,2162,Pessoas,Indígenas,"Pessoas alfabetizadas, Sexo masculino, 60 a 64 anos, Pessoa indígena"
Dicionário PCT - Indígenas,V02163,2163,Pessoas,Indígenas,"Pessoas alfabetizadas, Sexo masculino, 65 a 69 anos, Pessoa indígena, "
Dicionário PCT - Indígenas,V02164,2164,Pessoas,Indígenas,"Pessoas alfabetizadas, Sexo masculino, 70 a 79 anos, Pessoa indígena"
Dicionário PCT - Indígenas,V02165,2165,Pessoas,Indígenas,"Pessoas alfabetizadas, Sexo masculino, 80 anos ou mais, Pessoa indígena"
Dicionário PCT - Indígenas,V02166,2166,Pessoas,Indígenas,"Pessoas alfabetizadas, Sexo feminino, 15 a 19 anos, Pessoa indígena"
Dicionário PCT - Indígenas,V02167,2167,Pessoas,Indígenas,"Pessoas alfabetizadas, Sexo feminino, 20 a 24 anos, Pessoa indígena"
Dicionário PCT - Indígenas,V02168,2168,Pessoas,Indígenas,"Pessoas alfabetizadas, Sexo feminino, 25 a 29 anos, Pessoa indígena"
Dicionário PCT - Indígenas,V02169,2169,Pessoas,Indígenas,"Pessoas alfabetizadas, Sexo feminino, 30 a 34 anos, Pessoa indígena"
Dicionário PCT - Indígenas,V02170,2170,Pessoas,Indígenas,"Pessoas alfabetizadas, Sexo feminino, 35 a 39 anos, Pessoa indígena"
Dicionário PCT - Indígenas,V02171,2171,Pessoas,Indígenas,"Pessoas alfabetizadas, Sexo feminino, 40 a 44 anos, Pessoa indígena"
Dicionário PCT - Indígenas,V02172,2172,Pessoas,Indígenas,"Pessoas alfabetizadas, Sexo feminino, 45 a 49 anos, Pessoa indígena"
Dicionário PCT - Indígenas,V02173,2173,Pessoas,Indígenas,"Pessoas alfabetizadas, Sexo feminino, 50 a 54 anos, Pessoa indígena"
Dicionário PCT - Indígenas,V02174,2174,Pessoas,Indígenas,"Pessoas alfabetizadas, Sexo feminino, 55 a 59 anos, Pessoa indígena"
Dicionário PCT - Indígenas,V02175,2175,Pessoas,Indígenas,"Pessoas alfabetizadas, Sexo feminino, 60 a 64 anos, Pessoa indígena"
Dicionário PCT - Indígenas,V02176,2176,Pessoas,Indígenas,"Pessoas alfabetizadas, Sexo feminino, 65 a 69 anos, Pessoa indígena"
Dicionário PCT - Indígenas,V02177,2177,Pessoas,Indígenas,"Pessoas alfabetizadas, Sexo feminino, 70 a 79 anos, Pessoa indígena"
Dicionário PCT - Indígenas,V02178,2178,Pessoas,Indígenas,"Pessoas alfabetizadas, Sexo feminino, 80 anos ou mais, Pessoa indígena"
Dicionário PCT - Indígenas,V02179,2179,Pessoas,Indígenas,"Pessoas alfabetizadas, 15 a 29 anos, Pessoa indígena"
Dicionário PCT - Indígenas,V02180,2180,Pessoas,Indígenas,"Pessoas alfabetizadas, 30 a 59 anos, Pessoa indígena"
Dicionário PCT - Indígenas,V02181,2181,Pessoas,Indígenas,"Pessoas alfabetizadas, 60 anos ou mais, Pessoa indígena"
Dicionário PCT - Indígenas,V02182,2182,Pessoas,Indígenas,"Pessoas alfabetizadas, Sexo masculino, 15 a 29 anos, Pessoa indígena"
Dicionário PCT - Indígenas,V02183,2183,Pessoas,Indígenas,"Pessoas alfabetizadas, Sexo masculino, 30 a 59 anos, Pessoa indígena"
Dicionário PCT - Indígenas,V02184,2184,Pessoas,Indígenas,"Pessoas alfabetizadas, Sexo masculino, 60 anos ou mais, Pessoa indígena"
Dicionário PCT - Indígenas,V02185,2185,Pessoas,Indígenas,"Pessoas alfabetizadas, Sexo feminino, 15 a 29 anos, Pessoa indígena"
Dicionário PCT - Indígenas,V02186,2186,Pessoas,Indígenas,"Pessoas alfabetizadas, Sexo feminino, 30 a 59 anos, Pessoa indígena"
Dicionário PCT - Indígenas,V02187,2187,Pessoas,Indígenas,"Pessoas alfabetizadas, Sexo feminino, 60 anos ou mais, Pessoa indígena"
Dicionário PCT - Indígenas,V02188,2188,Pessoas,Indígenas,"Pessoa responsável pelo domicílio, Pessoas alfabetizadas, Pessoa indígena"
Dicionário PCT - Indígenas,V02189,2189,Pessoas,Indígenas,"Pessoa responsável pelo domicílio, Pessoas alfabetizadas, Sexo do morador responsável é masculino, 15 anos ou mais, Pessoa indígena"
Dicionário PCT - Indígenas,V02190,2190,Pessoas,Indígenas,"Pessoa responsável pelo domicílio, Pessoas alfabetizadas, Sexo do morador responsável é feminino, 15 anos ou mais, Pessoa indígena"
Dicionário PCT - Indígenas,V02191,2191,Pessoas,Indígenas,"Pessoa responsável pelo domicílio, Pessoas alfabetizadas, 15 a 29 anos, Pessoa indígena"
Dicionário PCT - Indígenas,V02192,2192,Pessoas,Indígenas,"Pessoa responsável pelo domicílio, Pessoas alfabetizadas, 30 a 59 anos, Pessoa indígena"
Dicionário PCT - Indígenas,V02193,2193,Pessoas,Indígenas,"Pessoa responsável pelo domicílio, Pessoas alfabetizadas, 60 anos ou mais, Pessoa indígena"
Dicionário PCT - Indígenas,V02194,2194,Pessoas,Indígenas,"Pessoa responsável pelo domicílio, Pessoas alfabetizadas, Sexo masculino, 15 a 29 anos, Pessoas indígena"
Dicionário PCT - Indígenas,V02195,2195,Pessoas,Indígenas,"Pessoa responsável pelo domicílio, Pessoas alfabetizadas, Sexo masculino, 30 a 59 anos, Pessoas indígena"
Dicionário PCT - Indígenas,V02196,2196,Pessoas,Indígenas,"Pessoa responsável pelo domicílio, Pessoas alfabetizadas, Sexo masculino, 60 anos ou mais, Pessoas indígena"
Dicionário PCT - Indígenas,V02197,2197,Pessoas,Indígenas,"Pessoa responsável pelo domicílio, Pessoas alfabetizadas, Sexo feminino, 15 a 29 anos, Pessoas indígena"
Dicionário PCT - Indígenas,V02198,2198,Pessoas,Indígenas,"Pessoa responsável pelo domicílio, Pessoas alfabetizadas, Sexo feminino, 30 a 59 anos, Pessoas indígena"
Dicionário PCT - Indígenas,V02199,2199,Pessoas,Indígenas,"Pessoa responsável pelo domicílio, Pessoas alfabetizadas, Sexo feminino, 60 anos ou mais, Pessoas indígena"
Dicionário PCT - Indígenas,V02200,2200,Pessoas,Indígenas,"0 a 5 anos, Pessoa indígena, Morador tem registro de nascimento"
Dicionário PCT - Indígenas,V02201,2201,Pessoas,Indígenas,"0 a 5 anos, Pessoa indígena, Morador não tem registro de nascimento"
Dicionário PCT - Indígenas,V02202,2202,Pessoas,Indígenas,"0 a 5 anos, Pessoa indígena, Morador não sabe se tem registro de nascimento"
Dicionário PCT - Indígenas,V02203,2203,Pessoas,Indígenas,"Sexo masculino, 0 a 5 anos, Pessoa indígena, Morador tem registro de nascimento"
Dicionário PCT - Indígenas,V02204,2204,Pessoas,Indígenas,"Sexo masculino, 0 a 5 anos, Pessoa indígena, Morador não tem registro de nascimento"
Dicionário PCT - Indígenas,V02205,2205,Pessoas,Indígenas,"Sexo masculino, 0 a 5 anos, Pessoa indígena, Morador não sabe se tem registro de nascimento"
Dicionário PCT - Indígenas,V02206,2206,Pessoas,Indígenas,"Sexo feminino, 0 a 5 anos, Pessoa indígena, Morador tem registro de nascimento"
Dicionário PCT - Indígenas,V02207,2207,Pessoas,Indígenas,"Sexo feminino, 0 a 5 anos, Pessoa indígena, Morador não tem registro de nascimento"
Dicionário PCT - Indígenas,V02208,2208,Pessoas,Indígenas,"Sexo feminino, 0 a 5 anos, Pessoa indígena, Morador não sabe se tem registro de nascimento"
Dicionário PCT - Indígenas,V02209,2209,Pessoas,Indígenas,"Menos de 1 ano, Pessoa indígena, Morador tem registro de nascimento"
Dicionário PCT - Indígenas,V02210,2210,Pessoas,Indígenas,"Menos de 1 ano, Pessoa indígena, Morador não tem registro de nascimento"
Dicionário PCT - Indígenas,V02211,2211,Pessoas,Indígenas,"Menos de 1 ano, Pessoa indígena, Morador não sabe se tem registro de nascimento"
Dicionário PCT - Indígenas,V02212,2212,Pessoas,Indígenas,"1 ano, Pessoa indígena, Morador tem registro de nascimento"
Dicionário PCT - Indígenas,V02213,2213,Pessoas,Indígenas,"1 ano, Pessoa indígena, Morador não tem registro de nascimento"
Dicionário PCT - Indígenas,V02214,2214,Pessoas,Indígenas,"1 ano, Pessoa indígena, Morador não sabe se tem registro de nascimento"
Dicionário PCT - Indígenas,V02215,2215,Pessoas,Indígenas,"2 anos, Pessoa indígena, Morador tem registro de nascimento"
Dicionário PCT - Indígenas,V02216,2216,Pessoas,Indígenas,"2 anos, Pessoa indígena, Morador não tem registro de nascimento"
Dicionário PCT - Indígenas,V02217,2217,Pessoas,Indígenas,"2 anos, Pessoa indígena, Morador não sabe se tem registro de nascimento"
Dicionário PCT - Indígenas,V02218,2218,Pessoas,Indígenas,"3 anos, Pessoa indígena, Morador tem registro de nascimento"
Dicionário PCT - Indígenas,V02219,2219,Pessoas,Indígenas,"3 anos, Pessoa indígena, Morador não tem registro de nascimento"
Dicionário PCT - Indígenas,V02220,2220,Pessoas,Indígenas,"3 anos, Pessoa indígena, Morador não sabe se tem registro de nascimento"
Dicionário PCT - Indígenas,V02221,2221,Pessoas,Indígenas,"4 anos, Pessoa indígena, Morador tem registro de nascimento"
Dicionário PCT - Indígenas,V02222,2222,Pessoas,Indígenas,"4 anos, Pessoa indígena, Morador não tem registro de nascimento"
Dicionário PCT - Indígenas,V02223,2223,Pessoas,Indígenas,"4 anos, Pessoa indígena, Morador não sabe se tem registro de nascimento"
Dicionário PCT - Indígenas,V02224,2224,Pessoas,Indígenas,"5 anos, Pessoa indígena, Morador tem registro de nascimento"
Dicionário PCT - Indígenas,V02225,2225,Pessoas,Indígenas,"5 anos, Pessoa indígena, Morador não tem registro de nascimento"
Dicionário PCT - Indígenas,V02226,2226,Pessoas,Indígenas,"5 anos, Pessoa indígena, Morador não sabe se tem registro de nascimento"
Dicionário PCT - Indígenas,V02227,2227,Pessoas,Indígenas,"Sexo masculino, Menos de 1 ano, Pessoa indígena, Morador tem registro de nascimento"
Dicionário PCT - Indígenas,V02228,2228,Pessoas,Indígenas,"Sexo masculino, Menos de 1 ano, Pessoa indígena, Morador não tem registro de nascimento"
Dicionário PCT - Indígenas,V02229,2229,Pessoas,Indígenas,"Sexo masculino, Menos de 1 ano, Pessoa indígena, Morador não sabe se tem registro de nascimento"
Dicionário PCT - Indígenas,V02230,2230,Pessoas,Indígenas,"Sexo masculino, 1 ano, Pessoa indígena, Morador tem registro de nascimento"
Dicionário PCT - Indígenas,V02231,2231,Pessoas,Indígenas,"Sexo masculino, 1 ano, Pessoa indígena, Morador não tem registro de nascimento"
Dicionário PCT - Indígenas,V02232,2232,Pessoas,Indígenas,"Sexo masculino, 1 ano, Pessoa indígena, Morador não sabe se tem registro de nascimento"
Dicionário PCT - Indígenas,V02233,2233,Pessoas,Indígenas,"Sexo masculino, 2 anos, Pessoa indígena, Morador tem registro de nascimento"
Dicionário PCT - Indígenas,V02234,2234,Pessoas,Indígenas,"Sexo masculino, 2 anos, Pessoa indígena, Morador não tem registro de nascimento"
Dicionário PCT - Indígenas,V02235,2235,Pessoas,Indígenas,"Sexo masculino, 2 anos, Pessoa indígena, Morador não sabe se tem registro de nascimento"
Dicionário PCT - Indígenas,V02236,2236,Pessoas,Indígenas,"Sexo masculino, 3 anos, Pessoa indígena, Morador tem registro de nascimento"
Dicionário PCT - Indígenas,V02237,2237,Pessoas,Indígenas,"Sexo masculino, 3 anos, Pessoa indígena, Morador não tem registro de nascimento"
Dicionário PCT - Indígenas,V02238,2238,Pessoas,Indígenas,"Sexo masculino, 3 anos, Pessoa indígena, Morador não sabe se tem registro de nascimento"
Dicionário PCT - Indígenas,V02239,2239,Pessoas,Indígenas,"Sexo masculino, 4 anos, Pessoa indígena, Morador tem registro de nascimento"
Dicionário PCT - Indígenas,V02240,2240,Pessoas,Indígenas,"Sexo masculino, 4 anos, Pessoa indígena, Morador não tem registro de nascimento"
Dicionário PCT - Indígenas,V02241,2241,Pessoas,Indígenas,"Sexo masculino, 4 anos, Pessoa indígena, Morador não sabe se tem registro de nascimento"
Dicionário PCT - Indígenas,V02242,2242,Pessoas,Indígenas,"Sexo masculino, 5 anos, Pessoa indígena, Morador tem registro de nascimento"
Dicionário PCT - Indígenas,V02243,2243,Pessoas,Indígenas,"Sexo masculino, 5 anos, Pessoa indígena, Morador não tem registro de nascimento"
Dicionário PCT - Indígenas,V02244,2244,Pessoas,Indígenas,"Sexo masculino, 5 anos, Pessoa indígena, Morador não sabe se tem registro de nascimento"
Dicionário PCT - Indígenas,V02245,2245,Pessoas,Indígenas,"Sexo feminino, Menos de 1 ano, Pessoa indígena, Morador tem registro de nascimento"
Dicionário PCT - Indígenas,V02246,2246,Pessoas,Indígenas,"Sexo feminino, Menos de 1 ano, Pessoa indígena, Morador não tem registro de nascimento"
Dicionário PCT - Indígenas,V02247,2247,Pessoas,Indígenas,"Sexo feminino, Menos de 1 ano, Pessoa indígena, Morador não sabe se tem registro de nascimento"
Dicionário PCT - Indígenas,V02248,2248,Pessoas,Indígenas,"Sexo feminino, 1 ano, Pessoa indígena, Morador tem registro de nascimento"
Dicionário PCT - Indígenas,V02249,2249,Pessoas,Indígenas,"Sexo feminino, 1 ano, Pessoa indígena, Morador não tem registro de nascimento"
Dicionário PCT - Indígenas,V02250,2250,Pessoas,Indígenas,"Sexo feminino, 1 ano, Pessoa indígena, Morador não sabe se tem registro de nascimento"
Dicionário PCT - Indígenas,V02251,2251,Pessoas,Indígenas,"Sexo feminino, 2 anos, Pessoa indígena, Morador tem registro de nascimento"
Dicionário PCT - Indígenas,V02252,2252,Pessoas,Indígenas,"Sexo feminino, 2 anos, Pessoa indígena, Morador não tem registro de nascimento"
Dicionário PCT - Indígenas,V02253,2253,Pessoas,Indígenas,"Sexo feminino, 2 anos, Pessoa indígena, Morador não sabe se tem registro de nascimento"
Dicionário PCT - Indígenas,V02254,2254,Pessoas,Indígenas,"Sexo feminino, 3 anos, Pessoa indígena, Morador tem registro de nascimento"
Dicionário PCT - Indígenas,V02255,2255,Pessoas,Indígenas,"Sexo feminino, 3 anos, Pessoa indígena, Morador não tem registro de nascimento"
Dicionário PCT - Indígenas,V02256,2256,Pessoas,Indígenas,"Sexo feminino, 3 anos, Pessoa indígena, Morador não sabe se tem registro de nascimento"
Dicionário PCT - Indígenas,V02257,2257,Pessoas,Indígenas,"Sexo feminino, 4 anos, Pessoa indígena, Morador tem registro de nascimento"
Dicionário PCT - Indígenas,V02258,2258,Pessoas,Indígenas,"Sexo feminino, 4 anos, Pessoa indígena, Morador não tem registro de nascimento"
Dicionário PCT - Indígenas,V02259,2259,Pessoas,Indígenas,"Sexo feminino, 4 anos, Pessoa indígena, Morador não sabe se tem registro de nascimento"
Dicionário PCT - Indígenas,V02260,2260,Pessoas,Indígenas,"Sexo feminino, 5 anos, Pessoa indígena, Morador tem registro de nascimento"
Dicionário PCT - Indígenas,V02261,2261,Pessoas,Indígenas,"Sexo feminino, 5 anos, Pessoa indígena, Morador não tem registro de nascimento"
Dicionário PCT - Indígenas,V02262,2262,Pessoas,Indígenas,"Sexo feminino, 5 anos, Pessoa indígena, Morador não sabe se tem registro de nascimento"
Dicionário PCT - Indígenas,V02263,2263,Pessoas,Indígenas,"0 a 5 anos, Pessoa indígena, Morador tem registro de nascimento do cartório"
Dicionário PCT - Indígenas,V02264,2264,Pessoas,Indígenas,"0 a 5 anos, Pessoa indígena, Morador tem Registro Administrativo de Nascimento Indígena (RANI)"
Dicionário PCT - Indígenas,V02265,2265,Pessoas,Indígenas,"0 a 5 anos, Pessoa indígena, Morador não tem registro de nascimento"
Dicionário PCT - Indígenas,V02266,2266,Pessoas,Indígenas,"0 a 5 anos, Pessoa indígena, Morador não sabe se tem registro de nascimento"
Dicionário PCT - Indígenas,V02267,2267,Pessoas,Indígenas,"Sexo masculino, 0 a 5 anos, Pessoa indígena, Morador tem registro de nascimento do cartório"
Dicionário PCT - Indígenas,V02268,2268,Pessoas,Indígenas,"Sexo masculino, 0 a 5 anos, Pessoa indígena, Morador tem Registro Administrativo de Nascimento Indígena (RANI)"
Dicionário PCT - Indígenas,V02269,2269,Pessoas,Indígenas,"Sexo masculino, 0 a 5 anos, Pessoa indígena, Morador não tem registro de nascimento"
Dicionário PCT - Indígenas,V02270,2270,Pessoas,Indígenas,"Sexo masculino, 0 a 5 anos, Pessoa indígena, Morador não sabe se tem registro de nascimento"
Dicionário PCT - Indígenas,V02271,2271,Pessoas,Indígenas,"Sexo feminino, 0 a 5 anos, Pessoa indígena, Morador tem registro de nascimento do cartório"
Dicionário PCT - Indígenas,V02272,2272,Pessoas,Indígenas,"Sexo feminino, 0 a 5 anos, Pessoa indígena, Morador tem Registro Administrativo de Nascimento Indígena (RANI)"
Dicionário PCT - Indígenas,V02273,2273,Pessoas,Indígenas,"Sexo feminino, 0 a 5 anos, Pessoa indígena, Morador não tem registro de nascimento"
Dicionário PCT - Indígenas,V02274,2274,Pessoas,Indígenas,"Sexo feminino, 0 a 5 anos, Pessoa indígena, Morador não sabe se tem registro de nascimento"
Dicionário PCT - Indígenas,V02275,2275,Pessoas,Indígenas,"Menos de 1 ano, Pessoa indígena, Morador tem registro de nascimento do cartório"
Dicionário PCT - Indígenas,V02276,2276,Pessoas,Indígenas,"Menos de 1 ano, Pessoa indígena, Morador tem Registro Administrativo de Nascimento Indígena (RANI)"
Dicionário PCT - Indígenas,V02277,2277,Pessoas,Indígenas,"Menos de 1 ano, Pessoa indígena, Morador não tem registro de nascimento"
Dicionário PCT - Indígenas,V02278,2278,Pessoas,Indígenas,"Menos de 1 ano, Pessoa indígena, Morador não sabe se tem registro de nascimento"
Dicionário PCT - Indígenas,V02279,2279,Pessoas,Indígenas,"1 ano, Pessoa indígena, Morador tem registro de nascimento do cartório"
Dicionário PCT - Indígenas,V02280,2280,Pessoas,Indígenas,"1 ano, Pessoa indígena, Morador tem Registro Administrativo de Nascimento Indígena (RANI)"
Dicionário PCT - Indígenas,V02281,2281,Pessoas,Indígenas,"1 ano, Pessoa indígena, Morador não tem registro de nascimento"
Dicionário PCT - Indígenas,V02282,2282,Pessoas,Indígenas,"1 ano, Pessoa indígena, Morador não sabe se tem registro de nascimento"
Dicionário PCT - Indígenas,V02283,2283,Pessoas,Indígenas,"2 anos, Pessoa indígena, Morador tem registro de nascimento do cartório"
Dicionário PCT - Indígenas,V02284,2284,Pessoas,Indígenas,"2 anos, Pessoa indígena, Morador tem Registro Administrativo de Nascimento Indígena (RANI)"
Dicionário PCT - Indígenas,V02285,2285,Pessoas,Indígenas,"2 anos, Pessoa indígena, Morador não tem registro de nascimento"
Dicionário PCT - Indígenas,V02286,2286,Pessoas,Indígenas,"2 anos, Pessoa indígena, Morador não sabe se tem registro de nascimento"
Dicionário PCT - Indígenas,V02287,2287,Pessoas,Indígenas,"3 anos, Pessoa indígena, Morador tem registro de nascimento do cartório"
Dicionário PCT - Indígenas,V02288,2288,Pessoas,Indígenas,"3 anos, Pessoa indígena, Morador tem Registro Administrativo de Nascimento Indígena (RANI)"
Dicionário PCT - Indígenas,V02289,2289,Pessoas,Indígenas,"3 anos, Pessoa indígena, Morador não tem registro de nascimento"
Dicionário PCT - Indígenas,V02290,2290,Pessoas,Indígenas,"3 anos, Pessoa indígena, Morador não sabe se tem registro de nascimento"
Dicionário PCT - Indígenas,V02291,2291,Pessoas,Indígenas,"4 anos, Pessoa indígena, Morador tem registro de nascimento do cartório"
Dicionário PCT - Indígenas,V02292,2292,Pessoas,Indígenas,"4 anos, Pessoa indígena, Morador tem Registro Administrativo de Nascimento Indígena (RANI)"
Dicionário PCT - Indígenas,V02293,2293,Pessoas,Indígenas,"4 anos, Pessoa indígena, Morador não tem registro de nascimento"
Dicionário PCT - Indígenas,V02294,2294,Pessoas,Indígenas,"4 anos, Pessoa indígena, Morador não sabe se tem registro de nascimento"
Dicionário PCT - Indígenas,V02295,2295,Pessoas,Indígenas,"5 anos, Pessoa indígena, Morador tem registro de nascimento do cartório"
Dicionário PCT - Indígenas,V02296,2296,Pessoas,Indígenas,"5 anos, Pessoa indígena, Morador tem Registro Administrativo de Nascimento Indígena (RANI)"
Dicionário PCT - Indígenas,V02297,2297,Pessoas,Indígenas,"5 anos, Pessoa indígena, Morador não tem registro de nascimento"
Dicionário PCT - Indígenas,V02298,2298,Pessoas,Indígenas,"5 anos, Pessoa indígena, Morador não sabe se tem registro de nascimento"
Dicionário PCT - Indígenas,V02299,2299,Pessoas,Indígenas,"Sexo masculino, Menos de 1 ano, Pessoa indígena, Morador tem registro de nascimento do cartório"
Dicionário PCT - Indígenas,V02300,2300,Pessoas,Indígenas,"Sexo masculino, Menos de 1 ano, Pessoa indígena, Morador tem Registro Administrativo de Nascimento Indígena (RANI)"
Dicionário PCT - Indígenas,V02301,2301,Pessoas,Indígenas,"Sexo masculino, Menos de 1 ano, Pessoa indígena, Morador não tem registro de nascimento"
Dicionário PCT - Indígenas,V02302,2302,Pessoas,Indígenas,"Sexo masculino, Menos de 1 ano, Pessoa indígena, Morador não sabe se tem registro de nascimento"
Dicionário PCT - Indígenas,V02303,2303,Pessoas,Indígenas,"Sexo masculino, 1 ano, Pessoa indígena, Morador tem registro de nascimento do cartório"
Dicionário PCT - Indígenas,V02304,2304,Pessoas,Indígenas,"Sexo masculino, 1 ano, Pessoa indígena, Morador tem Registro Administrativo de Nascimento Indígena (RANI)"
Dicionário PCT - Indígenas,V02305,2305,Pessoas,Indígenas,"Sexo masculino, 1 ano, Pessoa indígena, Morador não tem registro de nascimento"
Dicionário PCT - Indígenas,V02306,2306,Pessoas,Indígenas,"Sexo masculino, 1 ano, Pessoa indígena, Morador não sabe se tem registro de nascimento"
Dicionário PCT - Indígenas,V02307,2307,Pessoas,Indígenas,"Sexo masculino, 2 anos, Pessoa indígena, Morador tem registro de nascimento do cartório"
Dicionário PCT - Indígenas,V02308,2308,Pessoas,Indígenas,"Sexo masculino, 2 anos, Pessoa indígena, Morador tem Registro Administrativo de Nascimento Indígena (RANI)"
Dicionário PCT - Indígenas,V02309,2309,Pessoas,Indígenas,"Sexo masculino, 2 anos, Pessoa indígena, Morador não tem registro de nascimento"
Dicionário PCT - Indígenas,V02310,2310,Pessoas,Indígenas,"Sexo masculino, 2 anos, Pessoa indígena, Morador não sabe se tem registro de nascimento"
Dicionário PCT - Indígenas,V02311,2311,Pessoas,Indígenas,"Sexo masculino, 3 anos, Pessoa indígena, Morador tem registro de nascimento do cartório"
Dicionário PCT - Indígenas,V02312,2312,Pessoas,Indígenas,"Sexo masculino, 3 anos, Pessoa indígena, Morador tem Registro Administrativo de Nascimento Indígena (RANI)"
Dicionário PCT - Indígenas,V02313,2313,Pessoas,Indígenas,"Sexo masculino, 3 anos, Pessoa indígena, Morador não tem registro de nascimento"
Dicionário PCT - Indígenas,V02314,2314,Pessoas,Indígenas,"Sexo masculino, 3 anos, Pessoa indígena, Morador não sabe se tem registro de nascimento"
Dicionário PCT - Indígenas,V02315,2315,Pessoas,Indígenas,"Sexo masculino, 4 anos, Pessoa indígena, Morador tem registro de nascimento do cartório"
Dicionário PCT - Indígenas,V02316,2316,Pessoas,Indígenas,"Sexo masculino, 4 anos, Pessoa indígena, Morador tem Registro Administrativo de Nascimento Indígena (RANI)"
Dicionário PCT - Indígenas,V02317,2317,Pessoas,Indígenas,"Sexo masculino, 4 anos, Pessoa indígena, Morador não tem registro de nascimento"
Dicionário PCT - Indígenas,V02318,2318,Pessoas,Indígenas,"Sexo masculino, 4 anos, Pessoa indígena, Morador não sabe se tem registro de nascimento"
Dicionário PCT - Indígenas,V02319,2319,Pessoas,Indígenas,"Sexo masculino, 5 anos, Pessoa indígena, Morador tem registro de nascimento do cartório"
Dicionário PCT - Indígenas,V02320,2320,Pessoas,Indígenas,"Sexo masculino, 5 anos, Pessoa indígena, Morador tem Registro Administrativo de Nascimento Indígena (RANI)"
Dicionário PCT - Indígenas,V02321,2321,Pessoas,Indígenas,"Sexo masculino, 5 anos, Pessoa indígena, Morador não tem registro de nascimento"
Dicionário PCT - Indígenas,V02322,2322,Pessoas,Indígenas,"Sexo masculino, 5 anos, Pessoa indígena, Morador não sabe se tem registro de nascimento"
Dicionário PCT - Indígenas,V02323,2323,Pessoas,Indígenas,"Sexo feminino, Menos de 1 ano, Pessoa indígena, Morador tem registro de nascimento do cartório"
Dicionário PCT - Indígenas,V02324,2324,Pessoas,Indígenas,"Sexo feminino, Menos de 1 ano, Pessoa indígena, Morador tem Registro Administrativo de Nascimento Indígena (RANI)"
Dicionário PCT - Indígenas,V02325,2325,Pessoas,Indígenas,"Sexo feminino, Menos de 1 ano, Pessoa indígena, Morador não tem registro de nascimento"
Dicionário PCT - Indígenas,V02326,2326,Pessoas,Indígenas,"Sexo feminino, Menos de 1 ano, Pessoa indígena, Morador não sabe se tem registro de nascimento"
Dicionário PCT - Indígenas,V02327,2327,Pessoas,Indígenas,"Sexo feminino, 1 ano, Pessoa indígena, Morador tem registro de nascimento do cartório"
Dicionário PCT - Indígenas,V02328,2328,Pessoas,Indígenas,"Sexo feminino, 1 ano, Pessoa indígena, Morador tem Registro Administrativo de Nascimento Indígena (RANI)"
Dicionário PCT - Indígenas,V02329,2329,Pessoas,Indígenas,"Sexo feminino, 1 ano, Pessoa indígena, Morador não tem registro de nascimento"
Dicionário PCT - Indígenas,V02330,2330,Pessoas,Indígenas,"Sexo feminino, 1 ano, Pessoa indígena, Morador não sabe se tem registro de nascimento"
Dicionário PCT - Indígenas,V02331,2331,Pessoas,Indígenas,"Sexo feminino, 2 anos, Pessoa indígena, Morador tem registro de nascimento do cartório"
Dicionário PCT - Indígenas,V02332,2332,Pessoas,Indígenas,"Sexo feminino, 2 anos, Pessoa indígena, Morador tem Registro Administrativo de Nascimento Indígena (RANI)"
Dicionário PCT - Indígenas,V02333,2333,Pessoas,Indígenas,"Sexo feminino, 2 anos, Pessoa indígena, Morador não tem registro de nascimento"
Dicionário PCT - Indígenas,V02334,2334,Pessoas,Indígenas,"Sexo feminino, 2 anos, Pessoa indígena, Morador não sabe se tem registro de nascimento"
Dicionário PCT - Indígenas,V02335,2335,Pessoas,Indígenas,"Sexo feminino, 3 anos, Pessoa indígena, Morador tem registro de nascimento do cartório"
Dicionário PCT - Indígenas,V02336,2336,Pessoas,Indígenas,"Sexo feminino, 3 anos, Pessoa indígena, Morador tem Registro Administrativo de Nascimento Indígena (RANI)"
Dicionário PCT - Indígenas,V02337,2337,Pessoas,Indígenas,"Sexo feminino, 3 anos, Pessoa indígena, Morador não tem registro de nascimento"
Dicionário PCT - Indígenas,V02338,2338,Pessoas,Indígenas,"Sexo feminino, 3 anos, Pessoa indígena, Morador não sabe se tem registro de nascimento"
Dicionário PCT - Indígenas,V02339,2339,Pessoas,Indígenas,"Sexo feminino, 4 anos, Pessoa indígena, Morador tem registro de nascimento do cartório"
Dicionário PCT - Indígenas,V02340,2340,Pessoas,Indígenas,"Sexo feminino, 4 anos, Pessoa indígena, Morador tem Registro Administrativo de Nascimento Indígena (RANI)"
Dicionário PCT - Indígenas,V02341,2341,Pessoas,Indígenas,"Sexo feminino, 4 anos, Pessoa indígena, Morador não tem registro de nascimento"
Dicionário PCT - Indígenas,V02342,2342,Pessoas,Indígenas,"Sexo feminino, 4 anos, Pessoa indígena, Morador não sabe se tem registro de nascimento"
Dicionário PCT - Indígenas,V02343,2343,Pessoas,Indígenas,"Sexo feminino, 5 anos, Pessoa indígena, Morador tem registro de nascimento do cartório"
Dicionário PCT - Indígenas,V02344,2344,Pessoas,Indígenas,"Sexo feminino, 5 anos, Pessoa indígena, Morador tem Registro Administrativo de Nascimento Indígena (RANI)"
Dicionário PCT - Indígenas,V02345,2345,Pessoas,Indígenas,"Sexo feminino, 5 anos, Pessoa indígena, Morador não tem registro de nascimento"
Dicionário PCT - Indígenas,V02346,2346,Pessoas,Indígenas,"Sexo feminino, 5 anos, Pessoa indígena, Morador não sabe se tem registro de nascimento"
Dicionário PCT - Indígenas,V02347,2347,Pessoas,Indígenas,"Domicílio com pelo menos um morador indígena, Existe pessoa falecida, no período de janeiro de 2019 a julho de 2022, que morava no domicílio"
Dicionário PCT - Indígenas,V02348,2348,Pessoas,Indígenas,"Domicílio com pelo menos um morador indígena, Não existe pessoa falecida, no período de janeiro de 2019 a julho de 2022, que morava no domicílio"
Dicionário PCT - Indígenas,V02349,2349,Pessoas,Indígenas,"Domicílio com pelo menos um morador indígena, Mês e ano de falecimento entre janeiro de 2019 a dezembro de 2019, Idade ao falecer é 0 a 4 anos"
Dicionário PCT - Indígenas,V02350,2350,Pessoas,Indígenas,"Domicílio com pelo menos um morador indígena, Mês e ano de falecimento entre janeiro de 2019 a dezembro de 2019, Idade ao falecer é 5 a 9 anos"
Dicionário PCT - Indígenas,V02351,2351,Pessoas,Indígenas,"Domicílio com pelo menos um morador indígena, Mês e ano de falecimento entre janeiro de 2019 a dezembro de 2019, Idade ao falecer é 10 a 14 anos"
Dicionário PCT - Indígenas,V02352,2352,Pessoas,Indígenas,"Domicílio com pelo menos um morador indígena, Mês e ano de falecimento entre janeiro de 2019 a dezembro de 2019, Idade ao falecer é 15 a 19 anos"
Dicionário PCT - Indígenas,V02353,2353,Pessoas,Indígenas,"Domicílio com pelo menos um morador indígena, Mês e ano de falecimento entre janeiro de 2019 a dezembro de 2019, Idade ao falecer é 20 a 24 anos"
Dicionário PCT - Indígenas,V02354,2354,Pessoas,Indígenas,"Domicílio com pelo menos um morador indígena, Mês e ano de falecimento entre janeiro de 2019 a dezembro de 2019, Idade ao falecer é 25 a 29 anos"
Dicionário PCT - Indígenas,V02355,2355,Pessoas,Indígenas,"Domicílio com pelo menos um morador indígena, Mês e ano de falecimento entre janeiro de 2019 a dezembro de 2019, Idade ao falecer é 30 a 39 anos"
Dicionário PCT - Indígenas,V02356,2356,Pessoas,Indígenas,"Domicílio com pelo menos um morador indígena, Mês e ano de falecimento entre janeiro de 2019 a dezembro de 2019, Idade ao falecer é 40 a 49 anos"
Dicionário PCT - Indígenas,V02357,2357,Pessoas,Indígenas,"Domicílio com pelo menos um morador indígena, Mês e ano de falecimento entre janeiro de 2019 a dezembro de 2019, Idade ao falecer é 50 a 59 anos"
Dicionário PCT - Indígenas,V02358,2358,Pessoas,Indígenas,"Domicílio com pelo menos um morador indígena, Mês e ano de falecimento entre janeiro de 2019 a dezembro de 2019, Idade ao falecer é 60 a 69 anos"
Dicionário PCT - Indígenas,V02359,2359,Pessoas,Indígenas,"Domicílio com pelo menos um morador indígena, Mês e ano de falecimento entre janeiro de 2019 a dezembro de 2019, Idade ao falecer é 70 anos ou mais"
Dicionário PCT - Indígenas,V02360,2360,Pessoas,Indígenas,"Domicílio com pelo menos um morador indígena, Mês e ano de falecimento entre janeiro de 2020 a dezembro de 2020, Idade ao falecer é 0 a 4 anos"
Dicionário PCT - Indígenas,V02361,2361,Pessoas,Indígenas,"Domicílio com pelo menos um morador indígena, Mês e ano de falecimento entre janeiro de 2020 a dezembro de 2020, Idade ao falecer é 5 a 9 anos"
Dicionário PCT - Indígenas,V02362,2362,Pessoas,Indígenas,"Domicílio com pelo menos um morador indígena, Mês e ano de falecimento entre janeiro de 2020 a dezembro de 2020, Idade ao falecer é 10 a 14 anos"
Dicionário PCT - Indígenas,V02363,2363,Pessoas,Indígenas,"Domicílio com pelo menos um morador indígena, Mês e ano de falecimento entre janeiro de 2020 a dezembro de 2020, Idade ao falecer é 15 a 19 anos"
Dicionário PCT - Indígenas,V02364,2364,Pessoas,Indígenas,"Domicílio com pelo menos um morador indígena, Mês e ano de falecimento entre janeiro de 2020 a dezembro de 2020, Idade ao falecer é 20 a 24 anos"
Dicionário PCT - Indígenas,V02365,2365,Pessoas,Indígenas,"Domicílio com pelo menos um morador indígena, Mês e ano de falecimento entre janeiro de 2020 a dezembro de 2020, Idade ao falecer é 25 a 29 anos"
Dicionário PCT - Indígenas,V02366,2366,Pessoas,Indígenas,"Domicílio com pelo menos um morador indígena, Mês e ano de falecimento entre janeiro de 2020 a dezembro de 2020, Idade ao falecer é 30 a 39 anos"
Dicionário PCT - Indígenas,V02367,2367,Pessoas,Indígenas,"Domicílio com pelo menos um morador indígena, Mês e ano de falecimento entre janeiro de 2020 a dezembro de 2020, Idade ao falecer é 40 a 49 anos"
Dicionário PCT - Indígenas,V02368,2368,Pessoas,Indígenas,"Domicílio com pelo menos um morador indígena, Mês e ano de falecimento entre janeiro de 2020 a dezembro de 2020, Idade ao falecer é 50 a 59 anos"
Dicionário PCT - Indígenas,V02369,2369,Pessoas,Indígenas,"Domicílio com pelo menos um morador indígena, Mês e ano de falecimento entre janeiro de 2020 a dezembro de 2020, Idade ao falecer é 60 a 69 anos"
Dicionário PCT - Indígenas,V02370,2370,Pessoas,Indígenas,"Domicílio com pelo menos um morador indígena, Mês e ano de falecimento entre janeiro de 2020 a dezembro de 2020, Idade ao falecer é 70 anos ou mais"
Dicionário PCT - Indígenas,V02371,2371,Pessoas,Indígenas,"Domicílio com pelo menos um morador indígena, Mês e ano de falecimento entre janeiro de 2021 a dezembro de 2021, Idade ao falecer é 0 a 4 anos"
Dicionário PCT - Indígenas,V02372,2372,Pessoas,Indígenas,"Domicílio com pelo menos um morador indígena, Mês e ano de falecimento entre janeiro de 2021 a dezembro de 2021, Idade ao falecer é 5 a 9 anos"
Dicionário PCT - Indígenas,V02373,2373,Pessoas,Indígenas,"Domicílio com pelo menos um morador indígena, Mês e ano de falecimento entre janeiro de 2021 a dezembro de 2021, Idade ao falecer é 10 a 14 anos"
Dicionário PCT - Indígenas,V02374,2374,Pessoas,Indígenas,"Domicílio com pelo menos um morador indígena, Mês e ano de falecimento entre janeiro de 2021 a dezembro de 2021, Idade ao falecer é 15 a 19 anos"
Dicionário PCT - Indígenas,V02375,2375,Pessoas,Indígenas,"Domicílio com pelo menos um morador indígena, Mês e ano de falecimento entre janeiro de 2021 a dezembro de 2021, Idade ao falecer é 20 a 24 anos"
Dicionário PCT - Indígenas,V02376,2376,Pessoas,Indígenas,"Domicílio com pelo menos um morador indígena, Mês e ano de falecimento entre janeiro de 2021 a dezembro de 2021, Idade ao falecer é 25 a 29 anos"
Dicionário PCT - Indígenas,V02377,2377,Pessoas,Indígenas,"Domicílio com pelo menos um morador indígena, Mês e ano de falecimento entre janeiro de 2021 a dezembro de 2021, Idade ao falecer é 30 a 39 anos"
Dicionário PCT - Indígenas,V02378,2378,Pessoas,Indígenas,"Domicílio com pelo menos um morador indígena, Mês e ano de falecimento entre janeiro de 2021 a dezembro de 2021, Idade ao falecer é 40 a 49 anos"
Dicionário PCT - Indígenas,V02379,2379,Pessoas,Indígenas,"Domicílio com pelo menos um morador indígena, Mês e ano de falecimento entre janeiro de 2021 a dezembro de 2021, Idade ao falecer é 50 a 59 anos"
Dicionário PCT - Indígenas,V02380,2380,Pessoas,Indígenas,"Domicílio com pelo menos um morador indígena, Mês e ano de falecimento entre janeiro de 2021 a dezembro de 2021, Idade ao falecer é 60 a 69 anos"
Dicionário PCT - Indígenas,V02381,2381,Pessoas,Indígenas,"Domicílio com pelo menos um morador indígena, Mês e ano de falecimento entre janeiro de 2021 a dezembro de 2021, Idade ao falecer é 70 anos ou mais"
Dicionário PCT - Indígenas,V02382,2382,Pessoas,Indígenas,"Domicílio com pelo menos um morador indígena, Mês e ano de falecimento entre janeiro de 2022 a julho de 2022, Idade ao falecer é 0 a 4 anos"
Dicionário PCT - Indígenas,V02383,2383,Pessoas,Indígenas,"Domicílio com pelo menos um morador indígena, Mês e ano de falecimento entre janeiro de 2022 a julho de 2022, Idade ao falecer é 5 a 9 anos"
Dicionário PCT - Indígenas,V02384,2384,Pessoas,Indígenas,"Domicílio com pelo menos um morador indígena, Mês e ano de falecimento entre janeiro de 2022 a julho de 2022, Idade ao falecer é 10 a 14 anos"
Dicionário PCT - Indígenas,V02385,2385,Pessoas,Indígenas,"Domicílio com pelo menos um morador indígena, Mês e ano de falecimento entre janeiro de 2022 a julho de 2022, Idade ao falecer é 15 a 19 anos"
Dicionário PCT - Indígenas,V02386,2386,Pessoas,Indígenas,"Domicílio com pelo menos um morador indígena, Mês e ano de falecimento entre janeiro de 2022 a julho de 2022, Idade ao falecer é 20 a 24 anos"
Dicionário PCT - Indígenas,V02387,2387,Pessoas,Indígenas,"Domicílio com pelo menos um morador indígena, Mês e ano de falecimento entre janeiro de 2022 a julho de 2022, Idade ao falecer é 25 a 29 anos"
Dicionário PCT - Indígenas,V02388,2388,Pessoas,Indígenas,"Domicílio com pelo menos um morador indígena, Mês e ano de falecimento entre janeiro de 2022 a julho de 2022, Idade ao falecer é 30 a 39 anos"
Dicionário PCT - Indígenas,V02389,2389,Pessoas,Indígenas,"Domicílio com pelo menos um morador indígena, Mês e ano de falecimento entre janeiro de 2022 a julho de 2022, Idade ao falecer é 40 a 49 anos"
Dicionário PCT - Indígenas,V02390,2390,Pessoas,Indígenas,"Domicílio com pelo menos um morador indígena, Mês e ano de falecimento entre janeiro de 2022 a julho de 2022, Idade ao falecer é 50 a 59 anos"
Dicionário PCT - Indígenas,V02391,2391,Pessoas,Indígenas,"Domicílio com pelo menos um morador indígena, Mês e ano de falecimento entre janeiro de 2022 a julho de 2022, Idade ao falecer é 60 a 69 anos"
Dicionário PCT - Indígenas,V02392,2392,Pessoas,Indígenas,"Domicílio com pelo menos um morador indígena, Mês e ano de falecimento entre janeiro de 2022 a julho de 2022, Idade ao falecer é 70 anos ou mais"
Dicionário PCT - Indígenas,V02393,2393,Pessoas,Indígenas,"Domicílio com pelo menos um morador indígena, Mês e ano de falecimento entre janeiro de 2019 a dezembro de 2019, 0 a 14 anos"
Dicionário PCT - Indígenas,V02394,2394,Pessoas,Indígenas,"Domicílio com pelo menos um morador indígena, Mês e ano de falecimento entre janeiro de 2019 a dezembro de 2019, 15 a 29 anos"
Dicionário PCT - Indígenas,V02395,2395,Pessoas,Indígenas,"Domicílio com pelo menos um morador indígena, Mês e ano de falecimento entre janeiro de 2019 a dezembro de 2019, 30 a 59 anos"
Dicionário PCT - Indígenas,V02396,2396,Pessoas,Indígenas,"Domicílio com pelo menos um morador indígena, Mês e ano de falecimento entre janeiro de 2019 a dezembro de 2019, 60 anos ou mais"
Dicionário PCT - Indígenas,V02397,2397,Pessoas,Indígenas,"Domicílio com pelo menos um morador indígena, Mês e ano de falecimento entre janeiro de 2020 a dezembro de 2020, 0 a 14 anos"
Dicionário PCT - Indígenas,V02398,2398,Pessoas,Indígenas,"Domicílio com pelo menos um morador indígena, Mês e ano de falecimento entre janeiro de 2020 a dezembro de 2020, 15 a 29 anos"
Dicionário PCT - Indígenas,V02399,2399,Pessoas,Indígenas,"Domicílio com pelo menos um morador indígena, Mês e ano de falecimento entre janeiro de 2020 a dezembro de 2020, 30 a 59 anos"
Dicionário PCT - Indígenas,V02400,2400,Pessoas,Indígenas,"Domicílio com pelo menos um morador indígena, Mês e ano de falecimento entre janeiro de 2020 a dezembro de 2020, 60 anos ou mais"
Dicionário PCT - Indígenas,V02401,2401,Pessoas,Indígenas,"Domicílio com pelo menos um morador indígena, Mês e ano de falecimento entre janeiro de 2021 a dezembro de 2021, 0 a 14 anos"
Dicionário PCT - Indígenas,V02402,2402,Pessoas,Indígenas,"Domicílio com pelo menos um morador indígena, Mês e ano de falecimento entre janeiro de 2021 a dezembro de 2021, 15 a 29 anos"
Dicionário PCT - Indígenas,V02403,2403,Pessoas,Indígenas,"Domicílio com pelo menos um morador indígena, Mês e ano de falecimento entre janeiro de 2021 a dezembro de 2021, 30 a 59 anos"
Dicionário PCT - Indígenas,V02404,2404,Pessoas,Indígenas,"Domicílio com pelo menos um morador indígena, Mês e ano de falecimento entre janeiro de 2021 a dezembro de 2021, 60 anos ou mais"
Dicionário PCT - Indígenas,V02405,2405,Pessoas,Indígenas,"Domicílio com pelo menos um morador indígena, Mês e ano de falecimento entre janeiro de 2022 a julho de 2022, 0 a 14 anos"
Dicionário PCT - Indígenas,V02406,2406,Pessoas,Indígenas,"Domicílio com pelo menos um morador indígena, Mês e ano de falecimento entre janeiro de 2022 a julho de 2022, 15 a 29 anos"
Dicionário PCT - Indígenas,V02407,2407,Pessoas,Indígenas,"Domicílio com pelo menos um morador indígena, Mês e ano de falecimento entre janeiro de 2022 a julho de 2022, 30 a 59 anos"
Dicionário PCT - Indígenas,V02408,2408,Pessoas,Indígenas,"Domicílio com pelo menos um morador indígena, Mês e ano de falecimento entre janeiro de 2022 a julho de 2022, 60 anos ou mais"
Dicionário PCT - Indígenas,V02409,2409,Pessoas,Indígenas,"Domicílio com pelo menos um morador indígena, Mês e ano de falecimento entre janeiro de 2019 a dezembro de 2019, Sexo da pessoa falecida é masculino, Idade ao falecer é 0 a 4 anos"
Dicionário PCT - Indígenas,V02410,2410,Pessoas,Indígenas,"Domicílio com pelo menos um morador indígena, Mês e ano de falecimento entre janeiro de 2019 a dezembro de 2019, Sexo da pessoa falecida é masculino, Idade ao falecer é 5 a 9 anos"
Dicionário PCT - Indígenas,V02411,2411,Pessoas,Indígenas,"Domicílio com pelo menos um morador indígena, Mês e ano de falecimento entre janeiro de 2019 a dezembro de 2019, Sexo da pessoa falecida é masculino, Idade ao falecer é 10 a 14 anos"
Dicionário PCT - Indígenas,V02412,2412,Pessoas,Indígenas,"Domicílio com pelo menos um morador indígena, Mês e ano de falecimento entre janeiro de 2019 a dezembro de 2019, Sexo da pessoa falecida é masculino, Idade ao falecer é 15 a 19 anos"
Dicionário PCT - Indígenas,V02413,2413,Pessoas,Indígenas,"Domicílio com pelo menos um morador indígena, Mês e ano de falecimento entre janeiro de 2019 a dezembro de 2019, Sexo da pessoa falecida é masculino, Idade ao falecer é 20 a 24 anos"
Dicionário PCT - Indígenas,V02414,2414,Pessoas,Indígenas,"Domicílio com pelo menos um morador indígena, Mês e ano de falecimento entre janeiro de 2019 a dezembro de 2019, Sexo da pessoa falecida é masculino, Idade ao falecer é 25 a 29 anos"
Dicionário PCT - Indígenas,V02415,2415,Pessoas,Indígenas,"Domicílio com pelo menos um morador indígena, Mês e ano de falecimento entre janeiro de 2019 a dezembro de 2019, Sexo da pessoa falecida é masculino, Idade ao falecer é 30 a 39 anos"
Dicionário PCT - Indígenas,V02416,2416,Pessoas,Indígenas,"Domicílio com pelo menos um morador indígena, Mês e ano de falecimento entre janeiro de 2019 a dezembro de 2019, Sexo da pessoa falecida é masculino, Idade ao falecer é 40 a 49 anos"
Dicionário PCT - Indígenas,V02417,2417,Pessoas,Indígenas,"Domicílio com pelo menos um morador indígena, Mês e ano de falecimento entre janeiro de 2019 a dezembro de 2019, Sexo da pessoa falecida é masculino, Idade ao falecer é 50 a 59 anos"
Dicionário PCT - Indígenas,V02418,2418,Pessoas,Indígenas,"Domicílio com pelo menos um morador indígena, Mês e ano de falecimento entre janeiro de 2019 a dezembro de 2019, Sexo da pessoa falecida é masculino, Idade ao falecer é 60 a 69 anos"
Dicionário PCT - Indígenas,V02419,2419,Pessoas,Indígenas,"Domicílio com pelo menos um morador indígena, Mês e ano de falecimento entre janeiro de 2019 a dezembro de 2019, Sexo da pessoa falecida é masculino, Idade ao falecer é 70 anos ou mais"
Dicionário PCT - Indígenas,V02420,2420,Pessoas,Indígenas,"Domicílio com pelo menos um morador indígena, Mês e ano de falecimento entre janeiro de 2019 a dezembro de 2019, Sexo da pessoa falecida é feminino, Idade ao falecer é 0 a 4 anos"
Dicionário PCT - Indígenas,V02421,2421,Pessoas,Indígenas,"Domicílio com pelo menos um morador indígena, Mês e ano de falecimento entre janeiro de 2019 a dezembro de 2019, Sexo da pessoa falecida é feminino, Idade ao falecer é 5 a 9 anos"
Dicionário PCT - Indígenas,V02422,2422,Pessoas,Indígenas,"Domicílio com pelo menos um morador indígena, Mês e ano de falecimento entre janeiro de 2019 a dezembro de 2019, Sexo da pessoa falecida é feminino, Idade ao falecer é 10 a 14 anos"
Dicionário PCT - Indígenas,V02423,2423,Pessoas,Indígenas,"Domicílio com pelo menos um morador indígena, Mês e ano de falecimento entre janeiro de 2019 a dezembro de 2019, Sexo da pessoa falecida é feminino, Idade ao falecer é 15 a 19 anos"
Dicionário PCT - Indígenas,V02424,2424,Pessoas,Indígenas,"Domicílio com pelo menos um morador indígena, Mês e ano de falecimento entre janeiro de 2019 a dezembro de 2019, Sexo da pessoa falecida é feminino, Idade ao falecer é 20 a 24 anos"
Dicionário PCT - Indígenas,V02425,2425,Pessoas,Indígenas,"Domicílio com pelo menos um morador indígena, Mês e ano de falecimento entre janeiro de 2019 a dezembro de 2019, Sexo da pessoa falecida é feminino, Idade ao falecer é 25 a 29 anos"
Dicionário PCT - Indígenas,V02426,2426,Pessoas,Indígenas,"Domicílio com pelo menos um morador indígena, Mês e ano de falecimento entre janeiro de 2019 a dezembro de 2019, Sexo da pessoa falecida é feminino, Idade ao falecer é 30 a 39 anos"
Dicionário PCT - Indígenas,V02427,2427,Pessoas,Indígenas,"Domicílio com pelo menos um morador indígena, Mês e ano de falecimento entre janeiro de 2019 a dezembro de 2019, Sexo da pessoa falecida é feminino, Idade ao falecer é 40 a 49 anos"
Dicionário PCT - Indígenas,V02428,2428,Pessoas,Indígenas,"Domicílio com pelo menos um morador indígena, Mês e ano de falecimento entre janeiro de 2019 a dezembro de 2019, Sexo da pessoa falecida é feminino, Idade ao falecer é 50 a 59 anos"
Dicionário PCT - Indígenas,V02429,2429,Pessoas,Indígenas,"Domicílio com pelo menos um morador indígena, Mês e ano de falecimento entre janeiro de 2019 a dezembro de 2019, Sexo da pessoa falecida é feminino, Idade ao falecer é 60 a 69 anos"
Dicionário PCT - Indígenas,V02430,2430,Pessoas,Indígenas,"Domicílio com pelo menos um morador indígena, Mês e ano de falecimento entre janeiro de 2019 a dezembro de 2019, Sexo da pessoa falecida é feminino, Idade ao falecer é 70 anos ou mais"
Dicionário PCT - Indígenas,V02431,2431,Pessoas,Indígenas,"Domicílio com pelo menos um morador indígena, Mês e ano de falecimento entre janeiro de 2020 a dezembro de 2020, Sexo da pessoa falecida é masculino, Idade ao falecer é 0 a 4 anos"
Dicionário PCT - Indígenas,V02432,2432,Pessoas,Indígenas,"Domicílio com pelo menos um morador indígena, Mês e ano de falecimento entre janeiro de 2020 a dezembro de 2020, Sexo da pessoa falecida é masculino, Idade ao falecer é 5 a 9 anos"
Dicionário PCT - Indígenas,V02433,2433,Pessoas,Indígenas,"Domicílio com pelo menos um morador indígena, Mês e ano de falecimento entre janeiro de 2020 a dezembro de 2020, Sexo da pessoa falecida é masculino, Idade ao falecer é 10 a 14 anos"
Dicionário PCT - Indígenas,V02434,2434,Pessoas,Indígenas,"Domicílio com pelo menos um morador indígena, Mês e ano de falecimento entre janeiro de 2020 a dezembro de 2020, Sexo da pessoa falecida é masculino, Idade ao falecer é 15 a 19 anos"
Dicionário PCT - Indígenas,V02435,2435,Pessoas,Indígenas,"Domicílio com pelo menos um morador indígena, Mês e ano de falecimento entre janeiro de 2020 a dezembro de 2020, Sexo da pessoa falecida é masculino, Idade ao falecer é 20 a 24 anos"
Dicionário PCT - Indígenas,V02436,2436,Pessoas,Indígenas,"Domicílio com pelo menos um morador indígena, Mês e ano de falecimento entre janeiro de 2020 a dezembro de 2020, Sexo da pessoa falecida é masculino, Idade ao falecer é 25 a 29 anos"
Dicionário PCT - Indígenas,V02437,2437,Pessoas,Indígenas,"Domicílio com pelo menos um morador indígena, Mês e ano de falecimento entre janeiro de 2020 a dezembro de 2020, Sexo da pessoa falecida é masculino, Idade ao falecer é 30 a 39 anos"
Dicionário PCT - Indígenas,V02438,2438,Pessoas,Indígenas,"Domicílio com pelo menos um morador indígena, Mês e ano de falecimento entre janeiro de 2020 a dezembro de 2020, Sexo da pessoa falecida é masculino, Idade ao falecer é 40 a 49 anos"
Dicionário PCT - Indígenas,V02439,2439,Pessoas,Indígenas,"Domicílio com pelo menos um morador indígena, Mês e ano de falecimento entre janeiro de 2020 a dezembro de 2020, Sexo da pessoa falecida é masculino, Idade ao falecer é 50 a 59 anos"
Dicionário PCT - Indígenas,V02440,2440,Pessoas,Indígenas,"Domicílio com pelo menos um morador indígena, Mês e ano de falecimento entre janeiro de 2020 a dezembro de 2020, Sexo da pessoa falecida é masculino, Idade ao falecer é 60 a 69 anos"
Dicionário PCT - Indígenas,V02441,2441,Pessoas,Indígenas,"Domicílio com pelo menos um morador indígena, Mês e ano de falecimento entre janeiro de 2020 a dezembro de 2020, Sexo da pessoa falecida é masculino, Idade ao falecer é 70 anos ou mais"
Dicionário PCT - Indígenas,V02442,2442,Pessoas,Indígenas,"Domicílio com pelo menos um morador indígena, Mês e ano de falecimento entre janeiro de 2020 a dezembro de 2020, Sexo da pessoa falecida é feminino, Idade ao falecer é 0 a 4 anos"
Dicionário PCT - Indígenas,V02443,2443,Pessoas,Indígenas,"Domicílio com pelo menos um morador indígena, Mês e ano de falecimento entre janeiro de 2020 a dezembro de 2020, Sexo da pessoa falecida é feminino, Idade ao falecer é 5 a 9 anos"
Dicionário PCT - Indígenas,V02444,2444,Pessoas,Indígenas,"Domicílio com pelo menos um morador indígena, Mês e ano de falecimento entre janeiro de 2020 a dezembro de 2020, Sexo da pessoa falecida é feminino, Idade ao falecer é 10 a 14 anos"
Dicionário PCT - Indígenas,V02445,2445,Pessoas,Indígenas,"Domicílio com pelo menos um morador indígena, Mês e ano de falecimento entre janeiro de 2020 a dezembro de 2020, Sexo da pessoa falecida é feminino, Idade ao falecer é 15 a 19 anos"
Dicionário PCT - Indígenas,V02446,2446,Pessoas,Indígenas,"Domicílio com pelo menos um morador indígena, Mês e ano de falecimento entre janeiro de 2020 a dezembro de 2020, Sexo da pessoa falecida é feminino, Idade ao falecer é 20 a 24 anos"
Dicionário PCT - Indígenas,V02447,2447,Pessoas,Indígenas,"Domicílio com pelo menos um morador indígena, Mês e ano de falecimento entre janeiro de 2020 a dezembro de 2020, Sexo da pessoa falecida é feminino, Idade ao falecer é 25 a 29 anos"
Dicionário PCT - Indígenas,V02448,2448,Pessoas,Indígenas,"Domicílio com pelo menos um morador indígena, Mês e ano de falecimento entre janeiro de 2020 a dezembro de 2020, Sexo da pessoa falecida é feminino, Idade ao falecer é 30 a 39 anos"
Dicionário PCT - Indígenas,V02449,2449,Pessoas,Indígenas,"Domicílio com pelo menos um morador indígena, Mês e ano de falecimento entre janeiro de 2020 a dezembro de 2020, Sexo da pessoa falecida é feminino, Idade ao falecer é 40 a 49 anos"
Dicionário PCT - Indígenas,V02450,2450,Pessoas,Indígenas,"Domicílio com pelo menos um morador indígena, Mês e ano de falecimento entre janeiro de 2020 a dezembro de 2020, Sexo da pessoa falecida é feminino, Idade ao falecer é 50 a 59 anos"
Dicionário PCT - Indígenas,V02451,2451,Pessoas,Indígenas,"Domicílio com pelo menos um morador indígena, Mês e ano de falecimento entre janeiro de 2020 a dezembro de 2020, Sexo da pessoa falecida é feminino, Idade ao falecer é 60 a 69 anos"
Dicionário PCT - Indígenas,V02452,2452,Pessoas,Indígenas,"Domicílio com pelo menos um morador indígena, Mês e ano de falecimento entre janeiro de 2020 a dezembro de 2020, Sexo da pessoa falecida é feminino, Idade ao falecer é 70 anos ou mais"
Dicionário PCT - Indígenas,V02453,2453,Pessoas,Indígenas,"Domicílio com pelo menos um morador indígena, Mês e ano de falecimento entre janeiro de 2021 a dezembro de 2021, Sexo da pessoa falecida é masculino, Idade ao falecer é 0 a 4 anos"
Dicionário PCT - Indígenas,V02454,2454,Pessoas,Indígenas,"Domicílio com pelo menos um morador indígena, Mês e ano de falecimento entre janeiro de 2021 a dezembro de 2021, Sexo da pessoa falecida é masculino, Idade ao falecer é 5 a 9 anos"
Dicionário PCT - Indígenas,V02455,2455,Pessoas,Indígenas,"Domicílio com pelo menos um morador indígena, Mês e ano de falecimento entre janeiro de 2021 a dezembro de 2021, Sexo da pessoa falecida é masculino, Idade ao falecer é 10 a 14 anos"
Dicionário PCT - Indígenas,V02456,2456,Pessoas,Indígenas,"Domicílio com pelo menos um morador indígena, Mês e ano de falecimento entre janeiro de 2021 a dezembro de 2021, Sexo da pessoa falecida é masculino, Idade ao falecer é 15 a 19 anos"
Dicionário PCT - Indígenas,V02457,2457,Pessoas,Indígenas,"Domicílio com pelo menos um morador indígena, Mês e ano de falecimento entre janeiro de 2021 a dezembro de 2021, Sexo da pessoa falecida é masculino, Idade ao falecer é 20 a 24 anos"
Dicionário PCT - Indígenas,V02458,2458,Pessoas,Indígenas,"Domicílio com pelo menos um morador indígena, Mês e ano de falecimento entre janeiro de 2021 a dezembro de 2021, Sexo da pessoa falecida é masculino, Idade ao falecer é 25 a 29 anos"
Dicionário PCT - Indígenas,V02459,2459,Pessoas,Indígenas,"Domicílio com pelo menos um morador indígena, Mês e ano de falecimento entre janeiro de 2021 a dezembro de 2021, Sexo da pessoa falecida é masculino, Idade ao falecer é 30 a 39 anos"
Dicionário PCT - Indígenas,V02460,2460,Pessoas,Indígenas,"Domicílio com pelo menos um morador indígena, Mês e ano de falecimento entre janeiro de 2021 a dezembro de 2021, Sexo da pessoa falecida é masculino, Idade ao falecer é 40 a 49 anos"
Dicionário PCT - Indígenas,V02461,2461,Pessoas,Indígenas,"Domicílio com pelo menos um morador indígena, Mês e ano de falecimento entre janeiro de 2021 a dezembro de 2021, Sexo da pessoa falecida é masculino, Idade ao falecer é 50 a 59 anos"
Dicionário PCT - Indígenas,V02462,2462,Pessoas,Indígenas,"Domicílio com pelo menos um morador indígena, Mês e ano de falecimento entre janeiro de 2021 a dezembro de 2021, Sexo da pessoa falecida é masculino, Idade ao falecer é 60 a 69 anos"
Dicionário PCT - Indígenas,V02463,2463,Pessoas,Indígenas,"Domicílio com pelo menos um morador indígena, Mês e ano de falecimento entre janeiro de 2021 a dezembro de 2021, Sexo da pessoa falecida é masculino, Idade ao falecer é 70 anos ou mais"
Dicionário PCT - Indígenas,V02464,2464,Pessoas,Indígenas,"Domicílio com pelo menos um morador indígena, Mês e ano de falecimento entre janeiro de 2021 a dezembro de 2021, Sexo da pessoa falecida é feminino, Idade ao falecer é 0 a 4 anos"
Dicionário PCT - Indígenas,V02465,2465,Pessoas,Indígenas,"Domicílio com pelo menos um morador indígena, Mês e ano de falecimento entre janeiro de 2021 a dezembro de 2021, Sexo da pessoa falecida é feminino, Idade ao falecer é 5 a 9 anos"
Dicionário PCT - Indígenas,V02466,2466,Pessoas,Indígenas,"Domicílio com pelo menos um morador indígena, Mês e ano de falecimento entre janeiro de 2021 a dezembro de 2021, Sexo da pessoa falecida é feminino, Idade ao falecer é 10 a 14 anos"
Dicionário PCT - Indígenas,V02467,2467,Pessoas,Indígenas,"Domicílio com pelo menos um morador indígena, Mês e ano de falecimento entre janeiro de 2021 a dezembro de 2021, Sexo da pessoa falecida é feminino, Idade ao falecer é 15 a 19 anos"
Dicionário PCT - Indígenas,V02468,2468,Pessoas,Indígenas,"Domicílio com pelo menos um morador indígena, Mês e ano de falecimento entre janeiro de 2021 a dezembro de 2021, Sexo da pessoa falecida é feminino, Idade ao falecer é 20 a 24 anos"
Dicionário PCT - Indígenas,V02469,2469,Pessoas,Indígenas,"Domicílio com pelo menos um morador indígena, Mês e ano de falecimento entre janeiro de 2021 a dezembro de 2021, Sexo da pessoa falecida é feminino, Idade ao falecer é 25 a 29 anos"
Dicionário PCT - Indígenas,V02470,2470,Pessoas,Indígenas,"Domicílio com pelo menos um morador indígena, Mês e ano de falecimento entre janeiro de 2021 a dezembro de 2021, Sexo da pessoa falecida é feminino, Idade ao falecer é 30 a 39 anos"
Dicionário PCT - Indígenas,V02471,2471,Pessoas,Indígenas,"Domicílio com pelo menos um morador indígena, Mês e ano de falecimento entre janeiro de 2021 a dezembro de 2021, Sexo da pessoa falecida é feminino, Idade ao falecer é 40 a 49 anos"
Dicionário PCT - Indígenas,V02472,2472,Pessoas,Indígenas,"Domicílio com pelo menos um morador indígena, Mês e ano de falecimento entre janeiro de 2021 a dezembro de 2021, Sexo da pessoa falecida é feminino, Idade ao falecer é 50 a 59 anos"
Dicionário PCT - Indígenas,V02473,2473,Pessoas,Indígenas,"Domicílio com pelo menos um morador indígena, Mês e ano de falecimento entre janeiro de 2021 a dezembro de 2021, Sexo da pessoa falecida é feminino, Idade ao falecer é 60 a 69 anos"
Dicionário PCT - Indígenas,V02474,2474,Pessoas,Indígenas,"Domicílio com pelo menos um morador indígena, Mês e ano de falecimento entre janeiro de 2021 a dezembro de 2021, Sexo da pessoa falecida é feminino, Idade ao falecer é 70 anos ou mais"
Dicionário PCT - Indígenas,V02475,2475,Pessoas,Indígenas,"Domicílio com pelo menos um morador indígena, Mês e ano de falecimento entre janeiro de 2022 a julho de 2022, Sexo da pessoa falecida é masculino, Idade ao falecer é 0 a 4 anos"
Dicionário PCT - Indígenas,V02476,2476,Pessoas,Indígenas,"Domicílio com pelo menos um morador indígena, Mês e ano de falecimento entre janeiro de 2022 a julho de 2022, Sexo da pessoa falecida é masculino, Idade ao falecer é 5 a 9 anos"
Dicionário PCT - Indígenas,V02477,2477,Pessoas,Indígenas,"Domicílio com pelo menos um morador indígena, Mês e ano de falecimento entre janeiro de 2022 a julho de 2022, Sexo da pessoa falecida é masculino, Idade ao falecer é 10 a 14 anos"
Dicionário PCT - Indígenas,V02478,2478,Pessoas,Indígenas,"Domicílio com pelo menos um morador indígena, Mês e ano de falecimento entre janeiro de 2022 a julho de 2022, Sexo da pessoa falecida é masculino, Idade ao falecer é 15 a 19 anos"
Dicionário PCT - Indígenas,V02479,2479,Pessoas,Indígenas,"Domicílio com pelo menos um morador indígena, Mês e ano de falecimento entre janeiro de 2022 a julho de 2022, Sexo da pessoa falecida é masculino, Idade ao falecer é 20 a 24 anos"
Dicionário PCT - Indígenas,V02480,2480,Pessoas,Indígenas,"Domicílio com pelo menos um morador indígena, Mês e ano de falecimento entre janeiro de 2022 a julho de 2022, Sexo da pessoa falecida é masculino, Idade ao falecer é 25 a 29 anos"
Dicionário PCT - Indígenas,V02481,2481,Pessoas,Indígenas,"Domicílio com pelo menos um morador indígena, Mês e ano de falecimento entre janeiro de 2022 a julho de 2022, Sexo da pessoa falecida é masculino, Idade ao falecer é 30 a 39 anos"
Dicionário PCT - Indígenas,V02482,2482,Pessoas,Indígenas,"Domicílio com pelo menos um morador indígena, Mês e ano de falecimento entre janeiro de 2022 a julho de 2022, Sexo da pessoa falecida é masculino, Idade ao falecer é 40 a 49 anos"
Dicionário PCT - Indígenas,V02483,2483,Pessoas,Indígenas,"Domicílio com pelo menos um morador indígena, Mês e ano de falecimento entre janeiro de 2022 a julho de 2022, Sexo da pessoa falecida é masculino, Idade ao falecer é 50 a 59 anos"
Dicionário PCT - Indígenas,V02484,2484,Pessoas,Indígenas,"Domicílio com pelo menos um morador indígena, Mês e ano de falecimento entre janeiro de 2022 a julho de 2022, Sexo da pessoa falecida é masculino, Idade ao falecer é 60 a 69 anos"
Dicionário PCT - Indígenas,V02485,2485,Pessoas,Indígenas,"Domicílio com pelo menos um morador indígena, Mês e ano de falecimento entre janeiro de 2022 a julho de 2022, Sexo da pessoa falecida é masculino, Idade ao falecer é 70 anos ou mais"
Dicionário PCT - Indígenas,V02486,2486,Pessoas,Indígenas,"Domicílio com pelo menos um morador indígena, Mês e ano de falecimento entre janeiro de 2022 a julho de 2022, Sexo da pessoa falecida é feminino, Idade ao falecer é 0 a 4 anos"
Dicionário PCT - Indígenas,V02487,2487,Pessoas,Indígenas,"Domicílio com pelo menos um morador indígena, Mês e ano de falecimento entre janeiro de 2022 a julho de 2022, Sexo da pessoa falecida é feminino, Idade ao falecer é 5 a 9 anos"
Dicionário PCT - Indígenas,V02488,2488,Pessoas,Indígenas,"Domicílio com pelo menos um morador indígena, Mês e ano de falecimento entre janeiro de 2022 a julho de 2022, Sexo da pessoa falecida é feminino, Idade ao falecer é 10 a 14 anos"
Dicionário PCT - Indígenas,V02489,2489,Pessoas,Indígenas,"Domicílio com pelo menos um morador indígena, Mês e ano de falecimento entre janeiro de 2022 a julho de 2022, Sexo da pessoa falecida é feminino, Idade ao falecer é 15 a 19 anos"
Dicionário PCT - Indígenas,V02490,2490,Pessoas,Indígenas,"Domicílio com pelo menos um morador indígena, Mês e ano de falecimento entre janeiro de 2022 a julho de 2022, Sexo da pessoa falecida é feminino, Idade ao falecer é 20 a 24 anos"
Dicionário PCT - Indígenas,V02491,2491,Pessoas,Indígenas,"Domicílio com pelo menos um morador indígena, Mês e ano de falecimento entre janeiro de 2022 a julho de 2022, Sexo da pessoa falecida é feminino, Idade ao falecer é 25 a 29 anos"
Dicionário PCT - Indígenas,V02492,2492,Pessoas,Indígenas,"Domicílio com pelo menos um morador indígena, Mês e ano de falecimento entre janeiro de 2022 a julho de 2022, Sexo da pessoa falecida é feminino, Idade ao falecer é 30 a 39 anos"
Dicionário PCT - Indígenas,V02493,2493,Pessoas,Indígenas,"Domicílio com pelo menos um morador indígena, Mês e ano de falecimento entre janeiro de 2022 a julho de 2022, Sexo da pessoa falecida é feminino, Idade ao falecer é 40 a 49 anos"
Dicionário PCT - Indígenas,V02494,2494,Pessoas,Indígenas,"Domicílio com pelo menos um morador indígena, Mês e ano de falecimento entre janeiro de 2022 a julho de 2022, Sexo da pessoa falecida é feminino, Idade ao falecer é 50 a 59 anos"
Dicionário PCT - Indígenas,V02495,2495,Pessoas,Indígenas,"Domicílio com pelo menos um morador indígena, Mês e ano de falecimento entre janeiro de 2022 a julho de 2022, Sexo da pessoa falecida é feminino, Idade ao falecer é 60 a 69 anos"
Dicionário PCT - Indígenas,V02496,2496,Pessoas,Indígenas,"Domicílio com pelo menos um morador indígena, Mês e ano de falecimento entre janeiro de 2022 a julho de 2022, Sexo da pessoa falecida é feminino, Idade ao falecer é 70 anos ou mais"
Dicionário PCT - Indígenas,V02497,2497,Pessoas,Indígenas,"Domicílio com pelo menos um morador indígena, Mês e ano de falecimento entre janeiro de 2019 a dezembro de 2019, Sexo da pessoa falecida é masculino, 0 a 14 anos"
Dicionário PCT - Indígenas,V02498,2498,Pessoas,Indígenas,"Domicílio com pelo menos um morador indígena, Mês e ano de falecimento entre janeiro de 2019 a dezembro de 2019, Sexo da pessoa falecida é masculino, 15 a 29 anos"
Dicionário PCT - Indígenas,V02499,2499,Pessoas,Indígenas,"Domicílio com pelo menos um morador indígena, Mês e ano de falecimento entre janeiro de 2019 a dezembro de 2019, Sexo da pessoa falecida é masculino, 30 a 59 anos"
Dicionário PCT - Indígenas,V02500,2500,Pessoas,Indígenas,"Domicílio com pelo menos um morador indígena, Mês e ano de falecimento entre janeiro de 2019 a dezembro de 2019, Sexo da pessoa falecida é masculino, 60 anos ou mais"
Dicionário PCT - Indígenas,V02501,2501,Pessoas,Indígenas,"Domicílio com pelo menos um morador indígena, Mês e ano de falecimento entre janeiro de 2019 a dezembro de 2019, Sexo da pessoa falecida é feminino, 0 a 14 anos"
Dicionário PCT - Indígenas,V02502,2502,Pessoas,Indígenas,"Domicílio com pelo menos um morador indígena, Mês e ano de falecimento entre janeiro de 2019 a dezembro de 2019, Sexo da pessoa falecida é feminino, 15 a 29 anos"
Dicionário PCT - Indígenas,V02503,2503,Pessoas,Indígenas,"Domicílio com pelo menos um morador indígena, Mês e ano de falecimento entre janeiro de 2019 a dezembro de 2019, Sexo da pessoa falecida é feminino, 30 a 59 anos"
Dicionário PCT - Indígenas,V02504,2504,Pessoas,Indígenas,"Domicílio com pelo menos um morador indígena, Mês e ano de falecimento entre janeiro de 2019 a dezembro de 2019, Sexo da pessoa falecida é feminino, 60 anos ou mais"
Dicionário PCT - Indígenas,V02505,2505,Pessoas,Indígenas,"Domicílio com pelo menos um morador indígena, Mês e ano de falecimento entre janeiro de 2020 a dezembro de 2020, Sexo da pessoa falecida é masculino, 0 a 14 anos"
Dicionário PCT - Indígenas,V02506,2506,Pessoas,Indígenas,"Domicílio com pelo menos um morador indígena, Mês e ano de falecimento entre janeiro de 2020 a dezembro de 2020, Sexo da pessoa falecida é masculino, 15 a 29 anos"
Dicionário PCT - Indígenas,V02507,2507,Pessoas,Indígenas,"Domicílio com pelo menos um morador indígena, Mês e ano de falecimento entre janeiro de 2020 a dezembro de 2020, Sexo da pessoa falecida é masculino, 30 a 59 anos"
Dicionário PCT - Indígenas,V02508,2508,Pessoas,Indígenas,"Domicílio com pelo menos um morador indígena, Mês e ano de falecimento entre janeiro de 2020 a dezembro de 2020, Sexo da pessoa falecida é masculino, 60 anos ou mais"
Dicionário PCT - Indígenas,V02509,2509,Pessoas,Indígenas,"Domicílio com pelo menos um morador indígena, Mês e ano de falecimento entre janeiro de 2020 a dezembro de 2020, Sexo da pessoa falecida é feminino, 0 a 14 anos"
Dicionário PCT - Indígenas,V02510,2510,Pessoas,Indígenas,"Domicílio com pelo menos um morador indígena, Mês e ano de falecimento entre janeiro de 2020 a dezembro de 2020, Sexo da pessoa falecida é feminino, 15 a 29 anos"
Dicionário PCT - Indígenas,V02511,2511,Pessoas,Indígenas,"Domicílio com pelo menos um morador indígena, Mês e ano de falecimento entre janeiro de 2020 a dezembro de 2020, Sexo da pessoa falecida é feminino, 30 a 59 anos"
Dicionário PCT - Indígenas,V02512,2512,Pessoas,Indígenas,"Domicílio com pelo menos um morador indígena, Mês e ano de falecimento entre janeiro de 2020 a dezembro de 2020, Sexo da pessoa falecida é feminino, 60 anos ou mais"
Dicionário PCT - Indígenas,V02513,2513,Pessoas,Indígenas,"Domicílio com pelo menos um morador indígena, Mês e ano de falecimento entre janeiro de 2021 a dezembro de 2021, Sexo da pessoa falecida é masculino, 0 a 14 anos"
Dicionário PCT - Indígenas,V02514,2514,Pessoas,Indígenas,"Domicílio com pelo menos um morador indígena, Mês e ano de falecimento entre janeiro de 2021 a dezembro de 2021, Sexo da pessoa falecida é masculino, 15 a 29 anos"
Dicionário PCT - Indígenas,V02515,2515,Pessoas,Indígenas,"Domicílio com pelo menos um morador indígena, Mês e ano de falecimento entre janeiro de 2021 a dezembro de 2021, Sexo da pessoa falecida é masculino, 30 a 59 anos"
Dicionário PCT - Indígenas,V02516,2516,Pessoas,Indígenas,"Domicílio com pelo menos um morador indígena, Mês e ano de falecimento entre janeiro de 2021 a dezembro de 2021, Sexo da pessoa falecida é masculino, 60 anos ou mais"
Dicionário PCT - Indígenas,V02517,2517,Pessoas,Indígenas,"Domicílio com pelo menos um morador indígena, Mês e ano de falecimento entre janeiro de 2021 a dezembro de 2021, Sexo da pessoa falecida é feminino, 0 a 14 anos"
Dicionário PCT - Indígenas,V02518,2518,Pessoas,Indígenas,"Domicílio com pelo menos um morador indígena, Mês e ano de falecimento entre janeiro de 2021 a dezembro de 2021, Sexo da pessoa falecida é feminino, 15 a 29 anos"
Dicionário PCT - Indígenas,V02519,2519,Pessoas,Indígenas,"Domicílio com pelo menos um morador indígena, Mês e ano de falecimento entre janeiro de 2021 a dezembro de 2021, Sexo da pessoa falecida é feminino, 30 a 59 anos"
Dicionário PCT - Indígenas,V02520,2520,Pessoas,Indígenas,"Domicílio com pelo menos um morador indígena, Mês e ano de falecimento entre janeiro de 2021 a dezembro de 2021, Sexo da pessoa falecida é feminino, 60 anos ou mais"
Dicionário PCT - Indígenas,V02521,2521,Pessoas,Indígenas,"Domicílio com pelo menos um morador indígena, Mês e ano de falecimento entre janeiro de 2022 a julho de 2022, Sexo da pessoa falecida é masculino, 0 a 14 anos"
Dicionário PCT - Indígenas,V02522,2522,Pessoas,Indígenas,"Domicílio com pelo menos um morador indígena, Mês e ano de falecimento entre janeiro de 2022 a julho de 2022, Sexo da pessoa falecida é masculino, 15 a 29 anos"
Dicionário PCT - Indígenas,V02523,2523,Pessoas,Indígenas,"Domicílio com pelo menos um morador indígena, Mês e ano de falecimento entre janeiro de 2022 a julho de 2022, Sexo da pessoa falecida é masculino, 30 a 59 anos"
Dicionário PCT - Indígenas,V02524,2524,Pessoas,Indígenas,"Domicílio com pelo menos um morador indígena, Mês e ano de falecimento entre janeiro de 2022 a julho de 2022, Sexo da pessoa falecida é masculino, 60 anos ou mais"
Dicionário PCT - Indígenas,V02525,2525,Pessoas,Indígenas,"Domicílio com pelo menos um morador indígena, Mês e ano de falecimento entre janeiro de 2022 a julho de 2022, Sexo da pessoa falecida é feminino, 0 a 14 anos"
Dicionário PCT - Indígenas,V02526,2526,Pessoas,Indígenas,"Domicílio com pelo menos um morador indígena, Mês e ano de falecimento entre janeiro de 2022 a julho de 2022, Sexo da pessoa falecida é feminino, 15 a 29 anos"
Dicionário PCT - Indígenas,V02527,2527,Pessoas,Indígenas,"Domicílio com pelo menos um morador indígena, Mês e ano de falecimento entre janeiro de 2022 a julho de 2022, Sexo da pessoa falecida é feminino, 30 a 59 anos"
Dicionário PCT - Indígenas,V02528,2528,Pessoas,Indígenas,"Domicílio com pelo menos um morador indígena, Mês e ano de falecimento entre janeiro de 2022 a julho de 2022, Sexo da pessoa falecida é feminino, 60 anos ou mais"
Dicionário PCT - Quilombolas,V03000,3000,Domicílio,Quilombolas,Domicílio com pelo menos um morador quilombola
Dicionário PCT - Quilombolas,V03001,3001,Domicílio,Quilombolas,"Domicílios Particulares Permanentes Ocupados, Moradores quilombolas no domicílio"
Dicionário PCT - Quilombolas,V03002,3002,Domicílio,Quilombolas,"Domicílios Particulares Improvisados Ocupados, Moradores quilombolas no domicílio"
Dicionário PCT - Quilombolas,V03003,3003,Domicílio,Quilombolas,"Domicílios Coletivos Com Morador, Moradores quilombolas no domicílio"
Dicionário PCT - Quilombolas,V03004,3004,Domicílio,Quilombolas,"Domicílios Particulares Permanentes Ocupados, Tipo de espécie é casa, Moradores quilombolas no domicílio"
Dicionário PCT - Quilombolas,V03005,3005,Domicílio,Quilombolas,"Domicílios Particulares Permanentes Ocupados, Tipo de espécie é casa de vila ou em condomínio, Moradores quilombolas no domicílio"
Dicionário PCT - Quilombolas,V03006,3006,Domicílio,Quilombolas,"Domicílios Particulares Permanentes Ocupados, Tipo de espécie é apartamento, Moradores quilombolas no domicílio"
Dicionário PCT - Quilombolas,V03007,3007,Domicílio,Quilombolas,"Domicílios Particulares Permanentes Ocupados, Tipo de espécie é habitação em casa de cômodos ou cortiço, Moradores quilombolas no domicílio"
Dicionário PCT - Quilombolas,V03008,3008,Domicílio,Quilombolas,"Domicílios Particulares Permanentes Ocupados, Tipo de espécie é habitação indígena sem paredes ou maloca, Moradores quilombolas no domicílio"
Dicionário PCT - Quilombolas,V03009,3009,Domicílio,Quilombolas,"Domicílios Particulares Permanentes Ocupados, Tipo de espécie é estrutura residencial permanente degradada ou inacabada, Moradores quilombolas no domicílio"
Dicionário PCT - Quilombolas,V03010,3010,Domicílio,Quilombolas,"Domicílios Particulares Improvisados Ocupados, Tipo de espécie é tenda ou barraca de lona, plástico ou tecido, Moradores quilombolas no domicílio"
Dicionário PCT - Quilombolas,V03011,3011,Domicílio,Quilombolas,"Domicílios Particulares Improvisados Ocupados, Tipo de espécie é dentro de estabelecimento em funcionamento, Moradores quilombolas no domicílio"
Dicionário PCT - Quilombolas,V03012,3012,Domicílio,Quilombolas,"Domicílios Particulares Improvisados Ocupados, Outros tipos de espécie (abrigos naturais e outras estruturas improvisadas), Moradores quilombolas no domicílio"
Dicionário PCT - Quilombolas,V03013,3013,Domicílio,Quilombolas,"Domicílios Particulares Improvisados Ocupados, Tipo de espécie é estrutura improvisada em logradouro público, exceto tenda ou barraca, Moradores quilombolas no domicílio"
Dicionário PCT - Quilombolas,V03014,3014,Domicílio,Quilombolas,"Domicílios Particulares Improvisados Ocupados, Tipo de espécie é estrutura não residencial permanente degradada ou inacabada, Moradores quilombolas no domicílio"
Dicionário PCT - Quilombolas,V03015,3015,Domicílio,Quilombolas,"Domicílios Particulares Improvisados Ocupados, Tipo de espécie é veículo (carro, caminhão, trailer, barco etc), Moradores quilombolas no domicílio"
Dicionário PCT - Quilombolas,V03016,3016,Domicílio,Quilombolas,"Domicílios Coletivos Com Morador, Tipo de espécie é asilo ou outra instituição de longa permanência para idosos, Moradores quilombolas no domicílio"
Dicionário PCT - Quilombolas,V03017,3017,Domicílio,Quilombolas,"Domicílios Coletivos Com Morador, Tipo de espécie é hotel ou pensão, Moradores quilombolas no domicílio"
Dicionário PCT - Quilombolas,V03018,3018,Domicílio,Quilombolas,"Domicílios Coletivos Com Morador, Tipo de espécie é alojamento, Moradores quilombolas no domicílio"
Dicionário PCT - Quilombolas,V03019,3019,Domicílio,Quilombolas,"Domicílios Coletivos Com Morador, Tipo de espécie é penitenciária, centro de detenção e similar, Moradores quilombolas no domicílio"
Dicionário PCT - Quilombolas,V03020,3020,Domicílio,Quilombolas,"Domicílios Coletivos Com Morador, Outros tipos de espécie, Moradores quilombolas no domicílio"
Dicionário PCT - Quilombolas,V03021,3021,Domicílio,Quilombolas,"Domicílios Coletivos Com Morador, Tipo de espécie é abrigo, albergue ou casa de passagem para população em situação de rua, Moradores quilombolas no domicílio"
Dicionário PCT - Quilombolas,V03022,3022,Domicílio,Quilombolas,"Domicílios Coletivos Com Morador, Tipo de espécie é abrigo, casas de passagem ou república assistencial para outros grupos vulneráveis, Moradores quilombolas no domicílio"
Dicionário PCT - Quilombolas,V03023,3023,Domicílio,Quilombolas,"Domicílios Coletivos Com Morador, Tipo de espécie é clínica psiquiátrica, comunidade terapêutica e similar, Moradores quilombolas no domicílio"
Dicionário PCT - Quilombolas,V03024,3024,Domicílio,Quilombolas,"Domicílios Coletivos Com Morador, Tipo de espécie é orfanato e similar, Moradores quilombolas no domicílio"
Dicionário PCT - Quilombolas,V03025,3025,Domicílio,Quilombolas,"Domicílios Coletivos Com Morador, Tipo de espécie é unidade de internação de menores, Moradores quilombolas no domicílio"
Dicionário PCT - Quilombolas,V03026,3026,Domicílio,Quilombolas,"Domicílios Coletivos Com Morador, Tipo de espécie é quartel ou outra organização militar, Moradores quilombolas no domicílio"
Dicionário PCT - Quilombolas,V03027,3027,Domicílio,Quilombolas,"Domicílios Particulares Permanentes Ocupados, Tipo de espécie é casa, Domicílio com pelo menos um morador quilombola"
Dicionário PCT - Quilombolas,V03028,3028,Domicílio,Quilombolas,"Domicílios Particulares Permanentes Ocupados, Tipo de espécie é casa de vila ou em condomínio, Domicílio com pelo menos um morador quilombola"
Dicionário PCT - Quilombolas,V03029,3029,Domicílio,Quilombolas,"Domicílios Particulares Permanentes Ocupados, Tipo de espécie é apartamento, Domicílio com pelo menos um morador quilombola"
Dicionário PCT - Quilombolas,V03030,3030,Domicílio,Quilombolas,"Domicílios Particulares Permanentes Ocupados, Tipo de espécie é habitação em casa de cômodos ou cortiço, Domicílio com pelo menos um morador quilombola"
Dicionário PCT - Quilombolas,V03031,3031,Domicílio,Quilombolas,"Domicílios Particulares Permanentes Ocupados, Tipo de espécie é habitação indígena sem paredes ou maloca, Domicílio com pelo menos um morador quilombola"
Dicionário PCT - Quilombolas,V03032,3032,Domicílio,Quilombolas,"Domicílios Particulares Permanentes Ocupados, Tipo de espécie é estrutura residencial permanente degradada ou inacabada, Domicílio com pelo menos um morador quilombola"
Dicionário PCT - Quilombolas,V03033,3033,Domicílio,Quilombolas,"Domicílios Particulares Improvisados Ocupados, Tipo de espécie é tenda ou barraca de lona, plástico ou tecido, Domicílio com pelo menos um morador quilombola"
Dicionário PCT - Quilombolas,V03034,3034,Domicílio,Quilombolas,"Domicílios Particulares Improvisados Ocupados, Tipo de espécie é dentro de estabelecimento em funcionamento, Domicílio com pelo menos um morador quilombola"
Dicionário PCT - Quilombolas,V03035,3035,Domicílio,Quilombolas,"Domicílios Particulares Improvisados Ocupados, Outros tipos de espécie (abrigos naturais e outras estruturas improvisadas), Domicílio com pelo menos um morador quilombola"
Dicionário PCT - Quilombolas,V03036,3036,Domicílio,Quilombolas,"Domicílios Particulares Improvisados Ocupados, Tipo de espécie é estrutura improvisada em logradouro público, exceto tenda ou barraca, Domicílio com pelo menos um morador quilombola"
Dicionário PCT - Quilombolas,V03037,3037,Domicílio,Quilombolas,"Domicílios Particulares Improvisados Ocupados, Tipo de espécie é estrutura não residencial permanente degradada ou inacabada, Domicílio com pelo menos um morador quilombola"
Dicionário PCT - Quilombolas,V03038,3038,Domicílio,Quilombolas,"Domicílios Particulares Improvisados Ocupados, Tipo de espécie é veículo (carro, caminhão, trailer, barco etc), Domicílio com pelo menos um morador quilombola"
Dicionário PCT - Quilombolas,V03039,3039,Domicílio,Quilombolas,"Domicílios Coletivos Com Morador, Tipo de espécie é asilo ou outra instituição de longa permanência para idosos, Domicílio com pelo menos um morador quilombola"
Dicionário PCT - Quilombolas,V03040,3040,Domicílio,Quilombolas,"Domicílios Coletivos Com Morador, Tipo de espécie é hotel ou pensão, Domicílio com pelo menos um morador quilombola"
Dicionário PCT - Quilombolas,V03041,3041,Domicílio,Quilombolas,"Domicílios Coletivos Com Morador, Tipo de espécie é alojamento, Domicílio com pelo menos um morador quilombola"
Dicionário PCT - Quilombolas,V03042,3042,Domicílio,Quilombolas,"Domicílios Coletivos Com Morador, Tipo de espécie é penitenciária, centro de detenção e similar, Domicílio com pelo menos um morador quilombola"
Dicionário PCT - Quilombolas,V03043,3043,Domicílio,Quilombolas,"Domicílios Coletivos Com Morador, Outros tipos de espécie, Domicílio com pelo menos um morador quilombola"
Dicionário PCT - Quilombolas,V03044,3044,Domicílio,Quilombolas,"Domicílios Coletivos Com Morador, Tipo de espécie é abrigo, albergue ou casa de passagem para população em situação de rua, Domicílio com pelo menos um morador quilombola"
Dicionário PCT - Quilombolas,V03045,3045,Domicílio,Quilombolas,"Domicílios Coletivos Com Morador, Tipo de espécie é abrigo, casas de passagem ou república assistencial para outros grupos vulneráveis, Domicílio com pelo menos um morador quilombola"
Dicionário PCT - Quilombolas,V03046,3046,Domicílio,Quilombolas,"Domicílios Coletivos Com Morador, Tipo de espécie é clínica psiquiátrica, comunidade terapêutica e similar, Domicílio com pelo menos um morador quilombola"
Dicionário PCT - Quilombolas,V03047,3047,Domicílio,Quilombolas,"Domicílios Coletivos Com Morador, Tipo de espécie é orfanato e similar, Domicílio com pelo menos um morador quilombola"
Dicionário PCT - Quilombolas,V03048,3048,Domicílio,Quilombolas,"Domicílios Coletivos Com Morador, Tipo de espécie é unidade de internação de menores, Domicílio com pelo menos um morador quilombola"
Dicionário PCT - Quilombolas,V03049,3049,Domicílio,Quilombolas,"Domicílios Coletivos Com Morador, Tipo de espécie é quartel ou outra organização militar, Domicílio com pelo menos um morador quilombola"
Dicionário PCT - Quilombolas,V03050,3050,Domicílio,Quilombolas,"Domicílios Particulares Permanentes Ocupados, Tipo de espécie é casa, Domicílio com pelo menos um morador quilombola"
Dicionário PCT - Quilombolas,V03051,3051,Domicílio,Quilombolas,"Domicílios Particulares Permanentes Ocupados, Tipo de espécie é casa de vila ou em condomínio, Domicílio com pelo menos um morador quilombola"
Dicionário PCT - Quilombolas,V03052,3052,Domicílio,Quilombolas,"Domicílios Particulares Permanentes Ocupados, Tipo de espécie é apartamento, Domicílio com pelo menos um morador quilombola"
Dicionário PCT - Quilombolas,V03053,3053,Domicílio,Quilombolas,"Domicílios Particulares Permanentes Ocupados, Tipo de espécie é casa, Moradores quilombolas no domicílio"
Dicionário PCT - Quilombolas,V03054,3054,Domicílio,Quilombolas,"Domicílios Particulares Permanentes Ocupados, Tipo de espécie é casa de vila ou em condomínio, Moradores quilombolas no domicílio"
Dicionário PCT - Quilombolas,V03055,3055,Domicílio,Quilombolas,"Domicílios Particulares Permanentes Ocupados, Tipo de espécie é apartamento, Moradores quilombolas no domicílio"
Dicionário PCT - Quilombolas,V03056,3056,Domicílio,Quilombolas,"Domicílios Particulares Permanentes Ocupados, Utiliza rede geral de distribuição, Moradores quilombolas no domicílio"
Dicionário PCT - Quilombolas,V03057,3057,Domicílio,Quilombolas,"Domicílios Particulares Permanentes Ocupados, Utiliza poço profundo ou artesiano, Moradores quilombolas no domicílio"
Dicionário PCT - Quilombolas,V03058,3058,Domicílio,Quilombolas,"Domicílios Particulares Permanentes Ocupados, Utiliza poço raso, freático ou cacimba, Moradores quilombolas no domicílio"
Dicionário PCT - Quilombolas,V03059,3059,Domicílio,Quilombolas,"Domicílios Particulares Permanentes Ocupados, Utiliza fonte, nascente ou mina, Moradores quilombolas no domicílio"
Dicionário PCT - Quilombolas,V03060,3060,Domicílio,Quilombolas,"Domicílios Particulares Permanentes Ocupados, Utiliza carro-pipa, Moradores quilombolas no domicílio"
Dicionário PCT - Quilombolas,V03061,3061,Domicílio,Quilombolas,"Domicílios Particulares Permanentes Ocupados, Utiliza água da chuva armazenada, Moradores quilombolas no domicílio"
Dicionário PCT - Quilombolas,V03062,3062,Domicílio,Quilombolas,"Domicílios Particulares Permanentes Ocupados, Utiliza rios, açudes, córregos, lagos e igarapés, Moradores quilombolas no domicílio"
Dicionário PCT - Quilombolas,V03063,3063,Domicílio,Quilombolas,"Domicílios Particulares Permanentes Ocupados, Utiliza outra forma de abastecimento de água, Moradores quilombolas no domicílio"
Dicionário PCT - Quilombolas,V03064,3064,Domicílio,Quilombolas,"Domicílios Particulares Permanentes Ocupados, Utiliza rede geral de distribuição, Domicílio com pelo menos um morador quilombola"
Dicionário PCT - Quilombolas,V03065,3065,Domicílio,Quilombolas,"Domicílios Particulares Permanentes Ocupados, Utiliza poço profundo ou artesiano, Domicílio com pelo menos um morador quilombola"
Dicionário PCT - Quilombolas,V03066,3066,Domicílio,Quilombolas,"Domicílios Particulares Permanentes Ocupados, Utiliza poço raso, freático ou cacimba, Domicílio com pelo menos um morador quilombola"
Dicionário PCT - Quilombolas,V03067,3067,Domicílio,Quilombolas,"Domicílios Particulares Permanentes Ocupados, Utiliza fonte, nascente ou mina, Domicílio com pelo menos um morador quilombola"
Dicionário PCT - Quilombolas,V03068,3068,Domicílio,Quilombolas,"Domicílios Particulares Permanentes Ocupados, Utiliza carro-pipa, Domicílio com pelo menos um morador quilombola"
Dicionário PCT - Quilombolas,V03069,3069,Domicílio,Quilombolas,"Domicílios Particulares Permanentes Ocupados, Utiliza água da chuva armazenada, Domicílio com pelo menos um morador quilombola"
Dicionário PCT - Quilombolas,V03070,3070,Domicílio,Quilombolas,"Domicílios Particulares Permanentes Ocupados, Utiliza rios, açudes, córregos, lagos e igarapés, Domicílio com pelo menos um morador quilombola"
Dicionário PCT - Quilombolas,V03071,3071,Domicílio,Quilombolas,"Domicílios Particulares Permanentes Ocupados, Utiliza outra forma de abastecimento de água, Domicílio com pelo menos um morador quilombola"
Dicionário PCT - Quilombolas,V03072,3072,Domicílio,Quilombolas,"Domicílios Particulares Permanentes Ocupados, Água chega encanada até dentro da casa, apartamento ou habitação, Moradores quilombolas no domicílio"
Dicionário PCT - Quilombolas,V03073,3073,Domicílio,Quilombolas,"Domicílios Particulares Permanentes Ocupados, Água chega encanada, mas apenas ao terreno, Moradores quilombolas no domicílio"
Dicionário PCT - Quilombolas,V03074,3074,Domicílio,Quilombolas,"Domicílios Particulares Permanentes Ocupados, Água não chega encanada ao domicílio, Moradores quilombolas no domicílio"
Dicionário PCT - Quilombolas,V03075,3075,Domicílio,Quilombolas,"Domicílios Particulares Permanentes Ocupados, Água chega encanada até dentro da casa, apartamento ou habitação, Domicílio com pelo menos um morador quilombola"
Dicionário PCT - Quilombolas,V03076,3076,Domicílio,Quilombolas,"Domicílios Particulares Permanentes Ocupados, Água chega encanada, mas apenas ao terreno, Domicílio com pelo menos um morador quilombola"
Dicionário PCT - Quilombolas,V03077,3077,Domicílio,Quilombolas,"Domicílios Particulares Permanentes Ocupados, Água não chega encanada ao domicílio, Domicílio com pelo menos um morador quilombola"
Dicionário PCT - Quilombolas,V03078,3078,Domicílio,Quilombolas,"Domicílios Particulares Permanentes Ocupados, Utiliza rede geral de distribuição, Água chega encanada até dentro da casa, apartamento ou habitação, Moradores quilombolas no domicílio"
Dicionário PCT - Quilombolas,V03079,3079,Domicílio,Quilombolas,"Domicílios Particulares Permanentes Ocupados, Utiliza rede geral de distribuição, Água chega encanada, mas apenas ao terreno, Moradores quilombolas no domicílio"
Dicionário PCT - Quilombolas,V03080,3080,Domicílio,Quilombolas,"Domicílios Particulares Permanentes Ocupados, Utiliza rede geral de distribuição, Água não chega encanada ao domicílio, Moradores quilombolas no domicílio"
Dicionário PCT - Quilombolas,V03081,3081,Domicílio,Quilombolas,"Domicílios Particulares Permanentes Ocupados, Utiliza poço profundo ou artesiano, Água chega encanada até dentro da casa, apartamento ou habitação, Moradores quilombolas no domicílio"
Dicionário PCT - Quilombolas,V03082,3082,Domicílio,Quilombolas,"Domicílios Particulares Permanentes Ocupados, Utiliza poço profundo ou artesiano, Água chega encanada, mas apenas ao terreno, Moradores quilombolas no domicílio"
Dicionário PCT - Quilombolas,V03083,3083,Domicílio,Quilombolas,"Domicílios Particulares Permanentes Ocupados, Utiliza poço profundo ou artesiano, Água não chega encanada ao domicílio, Moradores quilombolas no domicílio"
Dicionário PCT - Quilombolas,V03084,3084,Domicílio,Quilombolas,"Domicílios Particulares Permanentes Ocupados, Utiliza poço raso, freático ou cacimba, Água chega encanada até dentro da casa, apartamento ou habitação, Moradores quilombolas no domicílio"
Dicionário PCT - Quilombolas,V03085,3085,Domicílio,Quilombolas,"Domicílios Particulares Permanentes Ocupados, Utiliza poço raso, freático ou cacimba, Água chega encanada, mas apenas ao terreno, Moradores quilombolas no domicílio"
Dicionário PCT - Quilombolas,V03086,3086,Domicílio,Quilombolas,"Domicílios Particulares Permanentes Ocupados, Utiliza poço raso, freático ou cacimba, Água não chega encanada ao domicílio, Moradores quilombolas no domicílio"
Dicionário PCT - Quilombolas,V03087,3087,Domicílio,Quilombolas,"Domicílios Particulares Permanentes Ocupados, Utiliza fonte, nascente ou mina, Água chega encanada até dentro da casa, apartamento ou habitação, Moradores quilombolas no domicílio"
Dicionário PCT - Quilombolas,V03088,3088,Domicílio,Quilombolas,"Domicílios Particulares Permanentes Ocupados, Utiliza fonte, nascente ou mina, Água chega encanada, mas apenas ao terreno, Moradores quilombolas no domicílio"
Dicionário PCT - Quilombolas,V03089,3089,Domicílio,Quilombolas,"Domicílios Particulares Permanentes Ocupados, Utiliza fonte, nascente ou mina, Água não chega encanada ao domicílio, Moradores quilombolas no domicílio"
Dicionário PCT - Quilombolas,V03090,3090,Domicílio,Quilombolas,"Domicílios Particulares Permanentes Ocupados, Utiliza carro-pipa, Água chega encanada até dentro da casa, apartamento ou habitação, Moradores quilombolas no domicílio"
Dicionário PCT - Quilombolas,V03091,3091,Domicílio,Quilombolas,"Domicílios Particulares Permanentes Ocupados, Utiliza carro-pipa, Água chega encanada, mas apenas ao terreno, Moradores quilombolas no domicílio"
Dicionário PCT - Quilombolas,V03092,3092,Domicílio,Quilombolas,"Domicílios Particulares Permanentes Ocupados, Utiliza carro-pipa, Água não chega encanada ao domicílio, Moradores quilombolas no domicílio"
Dicionário PCT - Quilombolas,V03093,3093,Domicílio,Quilombolas,"Domicílios Particulares Permanentes Ocupados, Utiliza água da chuva armazenada, Água chega encanada até dentro da casa, apartamento ou habitação, Moradores quilombolas no domicílio"
Dicionário PCT - Quilombolas,V03094,3094,Domicílio,Quilombolas,"Domicílios Particulares Permanentes Ocupados, Utiliza água da chuva armazenada, Água chega encanada, mas apenas ao terreno, Moradores quilombolas no domicílio"
Dicionário PCT - Quilombolas,V03095,3095,Domicílio,Quilombolas,"Domicílios Particulares Permanentes Ocupados, Utiliza água da chuva armazenada, Água não chega encanada ao domicílio, Moradores quilombolas no domicílio"
Dicionário PCT - Quilombolas,V03096,3096,Domicílio,Quilombolas,"Domicílios Particulares Permanentes Ocupados, Utiliza rios, açudes, córregos, lagos e igarapés, Água chega encanada até dentro da casa, apartamento ou habitação, Moradores quilombolas no domicílio"
Dicionário PCT - Quilombolas,V03097,3097,Domicílio,Quilombolas,"Domicílios Particulares Permanentes Ocupados, Utiliza rios, açudes, córregos, lagos e igarapés, Água chega encanada, mas apenas ao terreno, Moradores quilombolas no domicílio"
Dicionário PCT - Quilombolas,V03098,3098,Domicílio,Quilombolas,"Domicílios Particulares Permanentes Ocupados, Utiliza rios, açudes, córregos, lagos e igarapés, Água não chega encanada ao domicílio, Moradores quilombolas no domicílio"
Dicionário PCT - Quilombolas,V03099,3099,Domicílio,Quilombolas,"Domicílios Particulares Permanentes Ocupados, Utiliza outra forma de abastecimento de água, Água chega encanada até dentro da casa, apartamento ou habitação, Moradores quilombolas no domicílio"
Dicionário PCT - Quilombolas,V03100,3100,Domicílio,Quilombolas,"Domicílios Particulares Permanentes Ocupados, Utiliza outra forma de abastecimento de água, Água chega encanada, mas apenas ao terreno, Moradores quilombolas no domicílio"
Dicionário PCT - Quilombolas,V03101,3101,Domicílio,Quilombolas,"Domicílios Particulares Permanentes Ocupados, Utiliza outra forma de abastecimento de água, Água não chega encanada ao domicílio, Moradores quilombolas no domicílio"
Dicionário PCT - Quilombolas,V03102,3102,Domicílio,Quilombolas,"Domicílios Particulares Permanentes Ocupados, Utiliza rede geral de distribuição, Água chega encanada até dentro da casa, apartamento ou habitação, Domicílio com pelo menos um morador quilombola"
Dicionário PCT - Quilombolas,V03103,3103,Domicílio,Quilombolas,"Domicílios Particulares Permanentes Ocupados, Utiliza rede geral de distribuição, Água chega encanada, mas apenas ao terreno, Domicílio com pelo menos um morador quilombola"
Dicionário PCT - Quilombolas,V03104,3104,Domicílio,Quilombolas,"Domicílios Particulares Permanentes Ocupados, Utiliza rede geral de distribuição, Água não chega encanada ao domicílio, Domicílio com pelo menos um morador quilombola"
Dicionário PCT - Quilombolas,V03105,3105,Domicílio,Quilombolas,"Domicílios Particulares Permanentes Ocupados, Utiliza poço profundo ou artesiano, Água chega encanada até dentro da casa, apartamento ou habitação, Domicílio com pelo menos um morador quilombola"
Dicionário PCT - Quilombolas,V03106,3106,Domicílio,Quilombolas,"Domicílios Particulares Permanentes Ocupados, Utiliza poço profundo ou artesiano, Água chega encanada, mas apenas ao terreno, Domicílio com pelo menos um morador quilombola"
Dicionário PCT - Quilombolas,V03107,3107,Domicílio,Quilombolas,"Domicílios Particulares Permanentes Ocupados, Utiliza poço profundo ou artesiano, Água não chega encanada ao domicílio, Domicílio com pelo menos um morador quilombola"
Dicionário PCT - Quilombolas,V03108,3108,Domicílio,Quilombolas,"Domicílios Particulares Permanentes Ocupados, Utiliza poço raso, freático ou cacimba, Água chega encanada até dentro da casa, apartamento ou habitação, Domicílio com pelo menos um morador quilombola"
Dicionário PCT - Quilombolas,V03109,3109,Domicílio,Quilombolas,"Domicílios Particulares Permanentes Ocupados, Utiliza poço raso, freático ou cacimba, Água chega encanada, mas apenas ao terreno, Domicílio com pelo menos um morador quilombola"
Dicionário PCT - Quilombolas,V03110,3110,Domicílio,Quilombolas,"Domicílios Particulares Permanentes Ocupados, Utiliza poço raso, freático ou cacimba, Água não chega encanada ao domicílio, Domicílio com pelo menos um morador quilombola"
Dicionário PCT - Quilombolas,V03111,3111,Domicílio,Quilombolas,"Domicílios Particulares Permanentes Ocupados, Utiliza fonte, nascente ou mina, Água chega encanada até dentro da casa, apartamento ou habitação, Domicílio com pelo menos um morador quilombola"
Dicionário PCT - Quilombolas,V03112,3112,Domicílio,Quilombolas,"Domicílios Particulares Permanentes Ocupados, Utiliza fonte, nascente ou mina, Água chega encanada, mas apenas ao terreno, Domicílio com pelo menos um morador quilombola"
Dicionário PCT - Quilombolas,V03113,3113,Domicílio,Quilombolas,"Domicílios Particulares Permanentes Ocupados, Utiliza fonte, nascente ou mina, Água não chega encanada ao domicílio, Domicílio com pelo menos um morador quilombola"
Dicionário PCT - Quilombolas,V03114,3114,Domicílio,Quilombolas,"Domicílios Particulares Permanentes Ocupados, Utiliza carro-pipa, Água chega encanada até dentro da casa, apartamento ou habitação, Domicílio com pelo menos um morador quilombola"
Dicionário PCT - Quilombolas,V03115,3115,Domicílio,Quilombolas,"Domicílios Particulares Permanentes Ocupados, Utiliza carro-pipa, Água chega encanada, mas apenas ao terreno, Domicílio com pelo menos um morador quilombola"
Dicionário PCT - Quilombolas,V03116,3116,Domicílio,Quilombolas,"Domicílios Particulares Permanentes Ocupados, Utiliza carro-pipa, Água não chega encanada ao domicílio, Domicílio com pelo menos um morador quilombola"
Dicionário PCT - Quilombolas,V03117,3117,Domicílio,Quilombolas,"Domicílios Particulares Permanentes Ocupados, Utiliza água da chuva armazenada, Água chega encanada até dentro da casa, apartamento ou habitação, Domicílio com pelo menos um morador quilombola"
Dicionário PCT - Quilombolas,V03118,3118,Domicílio,Quilombolas,"Domicílios Particulares Permanentes Ocupados, Utiliza água da chuva armazenada, Água chega encanada, mas apenas ao terreno, Domicílio com pelo menos um morador quilombola"
Dicionário PCT - Quilombolas,V03119,3119,Domicílio,Quilombolas,"Domicílios Particulares Permanentes Ocupados, Utiliza água da chuva armazenada, Água não chega encanada ao domicílio, Domicílio com pelo menos um morador quilombola"
Dicionário PCT - Quilombolas,V03120,3120,Domicílio,Quilombolas,"Domicílios Particulares Permanentes Ocupados, Utiliza rios, açudes, córregos, lagos e igarapés, Água chega encanada até dentro da casa, apartamento ou habitação, Domicílio com pelo menos um morador quilombola"
Dicionário PCT - Quilombolas,V03121,3121,Domicílio,Quilombolas,"Domicílios Particulares Permanentes Ocupados, Utiliza rios, açudes, córregos, lagos e igarapés, Água chega encanada, mas apenas ao terreno, Domicílio com pelo menos um morador quilombola"
Dicionário PCT - Quilombolas,V03122,3122,Domicílio,Quilombolas,"Domicílios Particulares Permanentes Ocupados, Utiliza rios, açudes, córregos, lagos e igarapés, Água não chega encanada ao domicílio, Domicílio com pelo menos um morador quilombola"
Dicionário PCT - Quilombolas,V03123,3123,Domicílio,Quilombolas,"Domicílios Particulares Permanentes Ocupados, Utiliza outra forma de abastecimento de água, Água chega encanada até dentro da casa, apartamento ou habitação, Domicílio com pelo menos um morador quilombola"
Dicionário PCT - Quilombolas,V03124,3124,Domicílio,Quilombolas,"Domicílios Particulares Permanentes Ocupados, Utiliza outra forma de abastecimento de água, Água chega encanada, mas apenas ao terreno, Domicílio com pelo menos um morador quilombola"
Dicionário PCT - Quilombolas,V03125,3125,Domicílio,Quilombolas,"Domicílios Particulares Permanentes Ocupados, Utiliza outra forma de abastecimento de água, Água não chega encanada ao domicílio, Domicílio com pelo menos um morador quilombola"
Dicionário PCT - Quilombolas,V03126,3126,Domicílio,Quilombolas,"Domicílios Particulares Permanentes Ocupados, Domicílio possui ligação à rede geral de distribuição de água, mas utiliza principalmente outra forma, Moradores quilombolas no domicílio"
Dicionário PCT - Quilombolas,V03127,3127,Domicílio,Quilombolas,"Domicílios Particulares Permanentes Ocupados, Domicílio não possui ligação à rede geral de distribuição de água, Moradores quilombolas no domicílio"
Dicionário PCT - Quilombolas,V03128,3128,Domicílio,Quilombolas,"Domicílios Particulares Permanentes Ocupados, Domicílio possui ligação à rede geral de distribuição de água, mas utiliza principalmente outra forma, Domicílio com pelo menos um morador quilombola"
Dicionário PCT - Quilombolas,V03129,3129,Domicílio,Quilombolas,"Domicílios Particulares Permanentes Ocupados, Domicílio não possui ligação à rede geral de distribuição de água, Domicílio com pelo menos um morador quilombola"
Dicionário PCT - Quilombolas,V03130,3130,Domicílio,Quilombolas,"Domicílios Particulares Permanentes Ocupados, Domicílio possui ligação à rede geral de distribuição de água, mas utiliza principalmente outra forma, Água chega encanada até dentro da casa, apartamento ou habitação, Moradores quilombolas no domicílio"
Dicionário PCT - Quilombolas,V03131,3131,Domicílio,Quilombolas,"Domicílios Particulares Permanentes Ocupados, Domicílio possui ligação à rede geral de distribuição de água, mas utiliza principalmente outra forma, Água chega encanada, mas apenas ao terreno, Moradores quilombolas no domicílio"
Dicionário PCT - Quilombolas,V03132,3132,Domicílio,Quilombolas,"Domicílios Particulares Permanentes Ocupados, Domicílio possui ligação à rede geral de distribuição de água, mas utiliza principalmente outra forma, Água não chega encanada ao domicílio, Moradores quilombolas no domicílio"
Dicionário PCT - Quilombolas,V03133,3133,Domicílio,Quilombolas,"Domicílios Particulares Permanentes Ocupados, Domicílio não possui ligação à rede geral de distribuição de água, Água chega encanada até dentro da casa, apartamento ou habitação, Moradores quilombolas no domicílio"
Dicionário PCT - Quilombolas,V03134,3134,Domicílio,Quilombolas,"Domicílios Particulares Permanentes Ocupados, Domicílio não possui ligação à rede geral de distribuição de água, Água chega encanada, mas apenas ao terreno, Moradores quilombolas no domicílio"
Dicionário PCT - Quilombolas,V03135,3135,Domicílio,Quilombolas,"Domicílios Particulares Permanentes Ocupados, Domicílio não possui ligação à rede geral de distribuição de água, Água não chega encanada ao domicílio, Moradores quilombolas no domicílio"
Dicionário PCT - Quilombolas,V03136,3136,Domicílio,Quilombolas,"Domicílios Particulares Permanentes Ocupados, Domicílio possui ligação à rede geral de distribuição de água, mas utiliza principalmente outra forma, Água chega encanada até dentro da casa, apartamento ou habitação, Domicílio com pelo menos um morador quilombola"
Dicionário PCT - Quilombolas,V03137,3137,Domicílio,Quilombolas,"Domicílios Particulares Permanentes Ocupados, Domicílio possui ligação à rede geral de distribuição de água, mas utiliza principalmente outra forma, Água chega encanada, mas apenas ao terreno, Domicílio com pelo menos um morador quilombola"
Dicionário PCT - Quilombolas,V03138,3138,Domicílio,Quilombolas,"Domicílios Particulares Permanentes Ocupados, Domicílio possui ligação à rede geral de distribuição de água, mas utiliza principalmente outra forma, Água não chega encanada ao domicílio, Domicílio com pelo menos um morador quilombola"
Dicionário PCT - Quilombolas,V03139,3139,Domicílio,Quilombolas,"Domicílios Particulares Permanentes Ocupados, Domicílio não possui ligação à rede geral de distribuição de água, Água chega encanada até dentro da casa, apartamento ou habitação, Domicílio com pelo menos um morador quilombola"
Dicionário PCT - Quilombolas,V03140,3140,Domicílio,Quilombolas,"Domicílios Particulares Permanentes Ocupados, Domicílio não possui ligação à rede geral de distribuição de água, Água chega encanada, mas apenas ao terreno, Domicílio com pelo menos um morador quilombola"
Dicionário PCT - Quilombolas,V03141,3141,Domicílio,Quilombolas,"Domicílios Particulares Permanentes Ocupados, Domicílio não possui ligação à rede geral de distribuição de água, Água não chega encanada ao domicílio, Domicílio com pelo menos um morador quilombola"
Dicionário PCT - Quilombolas,V03142,3142,Domicílio,Quilombolas,"Domicílios Particulares Permanentes Ocupados, Com banheiro de uso exclusivo com chuveiro e vaso sanitário, Moradores quilombolas no domicílio"
Dicionário PCT - Quilombolas,V03143,3143,Domicílio,Quilombolas,"Domicílios Particulares Permanentes Ocupados, Sem banheiro de uso exclusivo com chuveiro e vaso sanitário, Moradores quilombolas no domicílio"
Dicionário PCT - Quilombolas,V03144,3144,Domicílio,Quilombolas,"Domicílios Particulares Permanentes Ocupados, Com banheiro de uso exclusivo com chuveiro e vaso sanitário, Domicílio com pelo menos um morador quilombola"
Dicionário PCT - Quilombolas,V03145,3145,Domicílio,Quilombolas,"Domicílios Particulares Permanentes Ocupados, Sem banheiro de uso exclusivo com chuveiro e vaso sanitário, Domicílio com pelo menos um morador quilombola"
Dicionário PCT - Quilombolas,V03146,3146,Domicílio,Quilombolas,"Domicílios Particulares Permanentes Ocupados, Utiliza banheiro de uso comum a mais de um domicílio, com chuveiro e vaso sanitário, inclusive os localizados no terreno, Moradores quilombolas no domicílio"
Dicionário PCT - Quilombolas,V03147,3147,Domicílio,Quilombolas,"Domicílios Particulares Permanentes Ocupados, Não utiliza banheiro de uso comum a mais de um domicílio, com chuveiro e vaso sanitário, inclusive os localizados no terreno, Moradores quilombolas no domicílio"
Dicionário PCT - Quilombolas,V03148,3148,Domicílio,Quilombolas,"Domicílios Particulares Permanentes Ocupados, Utiliza banheiro de uso comum a mais de um domicílio, com chuveiro e vaso sanitário, inclusive os localizados no terreno, Domicílio com pelo menos um morador quilombola"
Dicionário PCT - Quilombolas,V03149,3149,Domicílio,Quilombolas,"Domicílios Particulares Permanentes Ocupados, Não utiliza banheiro de uso comum a mais de um domicílio, com chuveiro e vaso sanitário, inclusive os localizados no terreno, Domicílio com pelo menos um morador quilombola"
Dicionário PCT - Quilombolas,V03150,3150,Domicílio,Quilombolas,"Domicílios Particulares Permanentes Ocupados, 1 banheiro de uso exclusivo com chuveiro e vaso sanitário existentes no domicílio, Moradores quilombolas no domicílio"
Dicionário PCT - Quilombolas,V03151,3151,Domicílio,Quilombolas,"Domicílios Particulares Permanentes Ocupados, 2 banheiros de uso exclusivo com chuveiro e vaso sanitário existentes no domicílio, Moradores quilombolas no domicílio"
Dicionário PCT - Quilombolas,V03152,3152,Domicílio,Quilombolas,"Domicílios Particulares Permanentes Ocupados, 3 banheiros de uso exclusivo com chuveiro e vaso sanitário existentes no domicílio, Moradores quilombolas no domicílio"
Dicionário PCT - Quilombolas,V03153,3153,Domicílio,Quilombolas,"Domicílios Particulares Permanentes Ocupados, 4 ou mais banheiros de uso exclusivo com chuveiro e vaso sanitário existentes no domicílio, Moradores quilombolas no domicílio"
Dicionário PCT - Quilombolas,V03154,3154,Domicílio,Quilombolas,"Domicílios Particulares Permanentes Ocupados, 1 banheiro de uso exclusivo com chuveiro e vaso sanitário existentes no domicílio, Domicílio com pelo menos um morador quilombola"
Dicionário PCT - Quilombolas,V03155,3155,Domicílio,Quilombolas,"Domicílios Particulares Permanentes Ocupados, 2 banheiros de uso exclusivo com chuveiro e vaso sanitário existentes no domicílio, Domicílio com pelo menos um morador quilombola"
Dicionário PCT - Quilombolas,V03156,3156,Domicílio,Quilombolas,"Domicílios Particulares Permanentes Ocupados, 3 banheiros de uso exclusivo com chuveiro e vaso sanitário existentes no domicílio, Domicílio com pelo menos um morador quilombola"
Dicionário PCT - Quilombolas,V03157,3157,Domicílio,Quilombolas,"Domicílios Particulares Permanentes Ocupados, 4 ou mais banheiros de uso exclusivo com chuveiro e vaso sanitário existentes no domicílio, Domicílio com pelo menos um morador quilombola"
Dicionário PCT - Quilombolas,V03158,3158,Domicílio,Quilombolas,"Domicílios Particulares Permanentes Ocupados, Utiliza sanitário ou buraco para dejeções, inclusive os localizados no terreno, Moradores quilombolas no domicílio"
Dicionário PCT - Quilombolas,V03159,3159,Domicílio,Quilombolas,"Domicílios Particulares Permanentes Ocupados, Não utiliza sanitário ou buraco para dejeções, inclusive os localizados no terreno, Moradores quilombolas no domicílio"
Dicionário PCT - Quilombolas,V03160,3160,Domicílio,Quilombolas,"Domicílios Particulares Permanentes Ocupados, Utiliza sanitário ou buraco para dejeções, inclusive os localizados no terreno, Domicílio com pelo menos um morador quilombola"
Dicionário PCT - Quilombolas,V03161,3161,Domicílio,Quilombolas,"Domicílios Particulares Permanentes Ocupados, Não utiliza sanitário ou buraco para dejeções, inclusive os localizados no terreno, Domicílio com pelo menos um morador quilombola"
Dicionário PCT - Quilombolas,V03162,3162,Domicílio,Quilombolas,"Domicílios Particulares Permanentes Ocupados, Destinação do esgoto do banheiro ou sanitário ou buraco para dejeções é rede geral ou pluvial, Moradores quilombolas no domicílio"
Dicionário PCT - Quilombolas,V03163,3163,Domicílio,Quilombolas,"Domicílios Particulares Permanentes Ocupados, Destinação do esgoto do banheiro ou sanitário ou buraco para dejeções é fossa séptica ou fossa filtro ligada à rede, Moradores quilombolas no domicílio"
Dicionário PCT - Quilombolas,V03164,3164,Domicílio,Quilombolas,"Domicílios Particulares Permanentes Ocupados, Destinação do esgoto do banheiro ou sanitário ou buraco para dejeções é fossa séptica ou fossa filtro não ligada à rede, Moradores quilombolas no domicílio"
Dicionário PCT - Quilombolas,V03165,3165,Domicílio,Quilombolas,"Domicílios Particulares Permanentes Ocupados, Destinação do esgoto do banheiro ou sanitário ou buraco para dejeções é fossa rudimentar ou buraco, Moradores quilombolas no domicílio"
Dicionário PCT - Quilombolas,V03166,3166,Domicílio,Quilombolas,"Domicílios Particulares Permanentes Ocupados, Destinação do esgoto do banheiro ou sanitário ou buraco para dejeções é vala, Moradores quilombolas no domicílio"
Dicionário PCT - Quilombolas,V03167,3167,Domicílio,Quilombolas,"Domicílios Particulares Permanentes Ocupados, Destinação do esgoto do banheiro ou sanitário ou buraco para dejeções é rio, lago, córrego ou mar, Moradores quilombolas no domicílio"
Dicionário PCT - Quilombolas,V03168,3168,Domicílio,Quilombolas,"Domicílios Particulares Permanentes Ocupados, Destinação do esgoto do banheiro ou sanitário ou buraco para dejeções é outra forma, Moradores quilombolas no domicílio"
Dicionário PCT - Quilombolas,V03169,3169,Domicílio,Quilombolas,"Domicílios Particulares Permanentes Ocupados, Destinação do esgoto inexistente, pois não tinham banheiro nem sanitário, Moradores quilombolas no domicílio"
Dicionário PCT - Quilombolas,V03170,3170,Domicílio,Quilombolas,"Domicílios Particulares Permanentes Ocupados, Destinação do esgoto do banheiro ou sanitário ou buraco para dejeções é rede geral ou pluvial, Domicílio com pelo menos um morador quilombola"
Dicionário PCT - Quilombolas,V03171,3171,Domicílio,Quilombolas,"Domicílios Particulares Permanentes Ocupados, Destinação do esgoto do banheiro ou sanitário ou buraco para dejeções é fossa séptica ou fossa filtro ligada à rede, Domicílio com pelo menos um morador quilombola"
Dicionário PCT - Quilombolas,V03172,3172,Domicílio,Quilombolas,"Domicílios Particulares Permanentes Ocupados, Destinação do esgoto do banheiro ou sanitário ou buraco para dejeções é fossa séptica ou fossa filtro não ligada à rede, Domicílio com pelo menos um morador quilombola"
Dicionário PCT - Quilombolas,V03173,3173,Domicílio,Quilombolas,"Domicílios Particulares Permanentes Ocupados, Destinação do esgoto do banheiro ou sanitário ou buraco para dejeções é fossa rudimentar ou buraco, Domicílio com pelo menos um morador quilombola"
Dicionário PCT - Quilombolas,V03174,3174,Domicílio,Quilombolas,"Domicílios Particulares Permanentes Ocupados, Destinação do esgoto do banheiro ou sanitário ou buraco para dejeções é vala, Domicílio com pelo menos um morador quilombola"
Dicionário PCT - Quilombolas,V03175,3175,Domicílio,Quilombolas,"Domicílios Particulares Permanentes Ocupados, Destinação do esgoto do banheiro ou sanitário ou buraco para dejeções é rio, lago, córrego ou mar, Domicílio com pelo menos um morador quilombola"
Dicionário PCT - Quilombolas,V03176,3176,Domicílio,Quilombolas,"Domicílios Particulares Permanentes Ocupados, Destinação do esgoto do banheiro ou sanitário ou buraco para dejeções é outra forma, Domicílio com pelo menos um morador quilombola"
Dicionário PCT - Quilombolas,V03177,3177,Domicílio,Quilombolas,"Domicílios Particulares Permanentes Ocupados, Destinação do esgoto inexistente, pois não tinham banheiro nem sanitário, Domicílio com pelo menos um morador quilombola"
Dicionário PCT - Quilombolas,V03178,3178,Domicílio,Quilombolas,"Domicílios Particulares Permanentes Ocupados, Lixo coletado no domicílio por serviço de limpeza, Moradores quilombolas no domicílio"
Dicionário PCT - Quilombolas,V03179,3179,Domicílio,Quilombolas,"Domicílios Particulares Permanentes Ocupados, Lixo depositado em caçamba de serviço de limpeza, Moradores quilombolas no domicílio"
Dicionário PCT - Quilombolas,V03180,3180,Domicílio,Quilombolas,"Domicílios Particulares Permanentes Ocupados, Lixo queimado na propriedade, Moradores quilombolas no domicílio"
Dicionário PCT - Quilombolas,V03181,3181,Domicílio,Quilombolas,"Domicílios Particulares Permanentes Ocupados, Lixo enterrado na propriedade, Moradores quilombolas no domicílio"
Dicionário PCT - Quilombolas,V03182,3182,Domicílio,Quilombolas,"Domicílios Particulares Permanentes Ocupados, Lixo jogado em terreno baldio, encosta ou área pública, Moradores quilombolas no domicílio"
Dicionário PCT - Quilombolas,V03183,3183,Domicílio,Quilombolas,"Domicílios Particulares Permanentes Ocupados, Outro destino do lixo, Moradores quilombolas no domicílio"
Dicionário PCT - Quilombolas,V03184,3184,Domicílio,Quilombolas,"Domicílios Particulares Permanentes Ocupados, Lixo coletado no domicílio por serviço de limpeza, Domicílio com pelo menos um morador quilombola"
Dicionário PCT - Quilombolas,V03185,3185,Domicílio,Quilombolas,"Domicílios Particulares Permanentes Ocupados, Lixo depositado em caçamba de serviço de limpeza, Domicílio com pelo menos um morador quilombola"
Dicionário PCT - Quilombolas,V03186,3186,Domicílio,Quilombolas,"Domicílios Particulares Permanentes Ocupados, Lixo queimado na propriedade, Domicílio com pelo menos um morador quilombola"
Dicionário PCT - Quilombolas,V03187,3187,Domicílio,Quilombolas,"Domicílios Particulares Permanentes Ocupados, Lixo enterrado na propriedade, Domicílio com pelo menos um morador quilombola"
Dicionário PCT - Quilombolas,V03188,3188,Domicílio,Quilombolas,"Domicílios Particulares Permanentes Ocupados, Lixo jogado em terreno baldio, encosta ou área pública, Domicílio com pelo menos um morador quilombola"
Dicionário PCT - Quilombolas,V03189,3189,Domicílio,Quilombolas,"Domicílios Particulares Permanentes Ocupados, Outro destino do lixo, Domicílio com pelo menos um morador quilombola"
Dicionário PCT - Quilombolas,V03190,3190,Domicílio,Quilombolas,"Domicílios Particulares Permanentes Ocupados, Lixo coletado, Moradores quilombolas no domicílio"
Dicionário PCT - Quilombolas,V03191,3191,Domicílio,Quilombolas,"Domicílios Particulares Permanentes Ocupados, Lixo não coletado, Moradores quilombolas no domicílio"
Dicionário PCT - Quilombolas,V03192,3192,Domicílio,Quilombolas,"Domicílios Particulares Permanentes Ocupados, Lixo coletado, Domicílio com pelo menos um morador quilombola"
Dicionário PCT - Quilombolas,V03193,3193,Domicílio,Quilombolas,"Domicílios Particulares Permanentes Ocupados, Lixo não coletado, Domicílio com pelo menos um morador quilombola"
Dicionário PCT - Quilombolas,V03194,3194,Domicílio,Quilombolas,"Domicílios Particulares Permanentes Ocupados, Domicílio com pelo menos um morador quilombola, Existe pessoa falecida, no período de janeiro de 2019 a julho de 2022, que morava no domicílio"
Dicionário PCT - Quilombolas,V03195,3195,Domicílio,Quilombolas,"Domicílios Particulares Permanentes Ocupados, Domicílio com pelo menos um morador quilombola, Não existe pessoa falecida, no período de janeiro de 2019 a julho de 2022, que morava no domicílio"
Dicionário PCT - Quilombolas,V03196,3196,Pessoas,Quilombolas,Pessoa quilombola
Dicionário PCT - Quilombolas,V03197,3197,Pessoas,Quilombolas,"Sexo masculino, Pessoa quilombola"
Dicionário PCT - Quilombolas,V03198,3198,Pessoas,Quilombolas,"Sexo feminino, Pessoa quilombola"
Dicionário PCT - Quilombolas,V03199,3199,Pessoas,Quilombolas,"0 a 29 anos, Pessoa quilombola"
Dicionário PCT - Quilombolas,V03200,3200,Pessoas,Quilombolas,"30 a 59 anos, Pessoa quilombola"
Dicionário PCT - Quilombolas,V03201,3201,Pessoas,Quilombolas,"60 anos ou mais, Pessoa quilombola"
Dicionário PCT - Quilombolas,V03202,3202,Pessoas,Quilombolas,"0 a 14 anos, Pessoa quilombola"
Dicionário PCT - Quilombolas,V03203,3203,Pessoas,Quilombolas,"15 a 29 anos, Pessoa quilombola"
Dicionário PCT - Quilombolas,V03204,3204,Pessoas,Quilombolas,"30 a 59 anos, Pessoa quilombola"
Dicionário PCT - Quilombolas,V03205,3205,Pessoas,Quilombolas,"60 anos ou mais, Pessoa quilombola"
Dicionário PCT - Quilombolas,V03206,3206,Pessoas,Quilombolas,"0 a 14 anos, Pessoa quilombola"
Dicionário PCT - Quilombolas,V03207,3207,Pessoas,Quilombolas,"15 a 29 anos, Pessoa quilombola"
Dicionário PCT - Quilombolas,V03208,3208,Pessoas,Quilombolas,"30 a 49 anos, Pessoa quilombola"
Dicionário PCT - Quilombolas,V03209,3209,Pessoas,Quilombolas,"50 anos ou mais, Pessoa quilombola"
Dicionário PCT - Quilombolas,V03210,3210,Pessoas,Quilombolas,"Sexo masculino, 0 a 29 anos, Pessoa quilombola"
Dicionário PCT - Quilombolas,V03211,3211,Pessoas,Quilombolas,"Sexo masculino, 30 a 59 anos, Pessoa quilombola"
Dicionário PCT - Quilombolas,V03212,3212,Pessoas,Quilombolas,"Sexo masculino, 60 anos ou mais, Pessoa quilombola"
Dicionário PCT - Quilombolas,V03213,3213,Pessoas,Quilombolas,"Sexo feminino, 0 a 29 anos, Pessoa quilombola"
Dicionário PCT - Quilombolas,V03214,3214,Pessoas,Quilombolas,"Sexo feminino, 30 a 59 anos, Pessoa quilombola"
Dicionário PCT - Quilombolas,V03215,3215,Pessoas,Quilombolas,"Sexo feminino, 60 anos ou mais, Pessoa quilombola"
Dicionário PCT - Quilombolas,V03216,3216,Pessoas,Quilombolas,"Sexo masculino, 0 a 14 anos, Pessoa quilombola"
Dicionário PCT - Quilombolas,V03217,3217,Pessoas,Quilombolas,"Sexo masculino, 15 a 29 anos, Pessoa quilombola"
Dicionário PCT - Quilombolas,V03218,3218,Pessoas,Quilombolas,"Sexo masculino, 30 a 59 anos, Pessoa quilombola"
Dicionário PCT - Quilombolas,V03219,3219,Pessoas,Quilombolas,"Sexo masculino, 60 anos ou mais, Pessoa quilombola"
Dicionário PCT - Quilombolas,V03220,3220,Pessoas,Quilombolas,"Sexo feminino, 0 a 14 anos, Pessoa quilombola"
Dicionário PCT - Quilombolas,V03221,3221,Pessoas,Quilombolas,"Sexo feminino, 15 a 29 anos, Pessoa quilombola"
Dicionário PCT - Quilombolas,V03222,3222,Pessoas,Quilombolas,"Sexo feminino, 30 a 59 anos, Pessoa quilombola"
Dicionário PCT - Quilombolas,V03223,3223,Pessoas,Quilombolas,"Sexo feminino, 60 anos ou mais, Pessoa quilombola"
Dicionário PCT - Quilombolas,V03224,3224,Pessoas,Quilombolas,"Sexo masculino, 0 a 14 anos, Pessoa quilombola"
Dicionário PCT - Quilombolas,V03225,3225,Pessoas,Quilombolas,"Sexo masculino, 15 a 29 anos, Pessoa quilombola"
Dicionário PCT - Quilombolas,V03226,3226,Pessoas,Quilombolas,"Sexo masculino, 30 a 49 anos, Pessoa quilombola"
Dicionário PCT - Quilombolas,V03227,3227,Pessoas,Quilombolas,"Sexo masculino, 50 anos ou mais, Pessoa quilombola"
Dicionário PCT - Quilombolas,V03228,3228,Pessoas,Quilombolas,"Sexo feminino, 0 a 14 anos, Pessoa quilombola"
Dicionário PCT - Quilombolas,V03229,3229,Pessoas,Quilombolas,"Sexo feminino, 15 a 29 anos, Pessoa quilombola"
Dicionário PCT - Quilombolas,V03230,3230,Pessoas,Quilombolas,"Sexo feminino, 30 a 49 anos, Pessoa quilombola"
Dicionário PCT - Quilombolas,V03231,3231,Pessoas,Quilombolas,"Sexo feminino, 50 anos ou mais, Pessoa quilombola"
Dicionário PCT - Quilombolas,V03232,3232,Pessoas,Quilombolas,"15 a 19 anos, Pessoa quilombola"
Dicionário PCT - Quilombolas,V03233,3233,Pessoas,Quilombolas,"20 a 24 anos, Pessoa quilombola"
Dicionário PCT - Quilombolas,V03234,3234,Pessoas,Quilombolas,"25 a 29 anos, Pessoa quilombola"
Dicionário PCT - Quilombolas,V03235,3235,Pessoas,Quilombolas,"30 a 34 anos, Pessoa quilombola"
Dicionário PCT - Quilombolas,V03236,3236,Pessoas,Quilombolas,"35 a 39 anos, Pessoa quilombola"
Dicionário PCT - Quilombolas,V03237,3237,Pessoas,Quilombolas,"40 a 44 anos, Pessoa quilombola"
Dicionário PCT - Quilombolas,V03238,3238,Pessoas,Quilombolas,"45 a 49 anos, Pessoa quilombola"
Dicionário PCT - Quilombolas,V03239,3239,Pessoas,Quilombolas,"50 a 54 anos, Pessoa quilombola"
Dicionário PCT - Quilombolas,V03240,3240,Pessoas,Quilombolas,"55 a 59 anos, Pessoa quilombola"
Dicionário PCT - Quilombolas,V03241,3241,Pessoas,Quilombolas,"60 a 64 anos, Pessoa quilombola"
Dicionário PCT - Quilombolas,V03242,3242,Pessoas,Quilombolas,"65 a 69 anos, Pessoa quilombola"
Dicionário PCT - Quilombolas,V03243,3243,Pessoas,Quilombolas,"70 a 79 anos, Pessoa quilombola"
Dicionário PCT - Quilombolas,V03244,3244,Pessoas,Quilombolas,"80 anos ou mais, Pessoa quilombola"
Dicionário PCT - Quilombolas,V03245,3245,Pessoas,Quilombolas,"Sexo masculino, 15 a 19 anos, Pessoa quilombola"
Dicionário PCT - Quilombolas,V03246,3246,Pessoas,Quilombolas,"Sexo masculino, 20 a 24 anos, Pessoa quilombola"
Dicionário PCT - Quilombolas,V03247,3247,Pessoas,Quilombolas,"Sexo masculino, 25 a 29 anos, Pessoa quilombola"
Dicionário PCT - Quilombolas,V03248,3248,Pessoas,Quilombolas,"Sexo masculino, 30 a 34 anos, Pessoa quilombola"
Dicionário PCT - Quilombolas,V03249,3249,Pessoas,Quilombolas,"Sexo masculino, 35 a 39 anos, Pessoa quilombola"
Dicionário PCT - Quilombolas,V03250,3250,Pessoas,Quilombolas,"Sexo masculino, 40 a 44 anos, Pessoa quilombola"
Dicionário PCT - Quilombolas,V03251,3251,Pessoas,Quilombolas,"Sexo masculino, 45 a 49 anos, Pessoa quilombola"
Dicionário PCT - Quilombolas,V03252,3252,Pessoas,Quilombolas,"Sexo masculino, 50 a 54 anos, Pessoa quilombola"
Dicionário PCT - Quilombolas,V03253,3253,Pessoas,Quilombolas,"Sexo masculino, 55 a 59 anos, Pessoa quilombola"
Dicionário PCT - Quilombolas,V03254,3254,Pessoas,Quilombolas,"Sexo masculino, 60 a 64 anos, Pessoa quilombola"
Dicionário PCT - Quilombolas,V03255,3255,Pessoas,Quilombolas,"Sexo masculino, 65 a 69 anos, Pessoa quilombola"
Dicionário PCT - Quilombolas,V03256,3256,Pessoas,Quilombolas,"Sexo masculino, 70 a 79 anos, Pessoa quilombola"
Dicionário PCT - Quilombolas,V03257,3257,Pessoas,Quilombolas,"Sexo masculino, 80 anos ou mais, Pessoa quilombola"
Dicionário PCT - Quilombolas,V03258,3258,Pessoas,Quilombolas,"Sexo feminino, 15 a 19 anos, Pessoa quilombola"
Dicionário PCT - Quilombolas,V03259,3259,Pessoas,Quilombolas,"Sexo feminino, 20 a 24 anos, Pessoa quilombola"
Dicionário PCT - Quilombolas,V03260,3260,Pessoas,Quilombolas,"Sexo feminino, 25 a 29 anos, Pessoa quilombola"
Dicionário PCT - Quilombolas,V03261,3261,Pessoas,Quilombolas,"Sexo feminino, 30 a 34 anos, Pessoa quilombola"
Dicionário PCT - Quilombolas,V03262,3262,Pessoas,Quilombolas,"Sexo feminino, 35 a 39 anos, Pessoa quilombola"
Dicionário PCT - Quilombolas,V03263,3263,Pessoas,Quilombolas,"Sexo feminino, 40 a 44 anos, Pessoa quilombola"
Dicionário PCT - Quilombolas,V03264,3264,Pessoas,Quilombolas,"Sexo feminino, 45 a 49 anos, Pessoa quilombola"
Dicionário PCT - Quilombolas,V03265,3265,Pessoas,Quilombolas,"Sexo feminino, 50 a 54 anos, Pessoa quilombola"
Dicionário PCT - Quilombolas,V03266,3266,Pessoas,Quilombolas,"Sexo feminino, 55 a 59 anos, Pessoa quilombola"
Dicionário PCT - Quilombolas,V03267,3267,Pessoas,Quilombolas,"Sexo feminino, 60 a 64 anos, Pessoa quilombola"
Dicionário PCT - Quilombolas,V03268,3268,Pessoas,Quilombolas,"Sexo feminino, 65 a 69 anos, Pessoa quilombola"
Dicionário PCT - Quilombolas,V03269,3269,Pessoas,Quilombolas,"Sexo feminino, 70 a 79 anos, Pessoa quilombola"
Dicionário PCT - Quilombolas,V03270,3270,Pessoas,Quilombolas,"Sexo feminino, 80 anos ou mais, Pessoa quilombola"
Dicionário PCT - Quilombolas,V03271,3271,Pessoas,Quilombolas,"0 anos, Pessoa quilombola"
Dicionário PCT - Quilombolas,V03272,3272,Pessoas,Quilombolas,"1 ano, Pessoa quilombola"
Dicionário PCT - Quilombolas,V03273,3273,Pessoas,Quilombolas,"2 anos, Pessoa quilombola"
Dicionário PCT - Quilombolas,V03274,3274,Pessoas,Quilombolas,"3 anos, Pessoa quilombola"
Dicionário PCT - Quilombolas,V03275,3275,Pessoas,Quilombolas,"4 anos, Pessoa quilombola"
Dicionário PCT - Quilombolas,V03276,3276,Pessoas,Quilombolas,"5 anos, Pessoa quilombola"
Dicionário PCT - Quilombolas,V03277,3277,Pessoas,Quilombolas,"6 anos, Pessoa quilombola"
Dicionário PCT - Quilombolas,V03278,3278,Pessoas,Quilombolas,"7 anos, Pessoa quilombola"
Dicionário PCT - Quilombolas,V03279,3279,Pessoas,Quilombolas,"8 anos, Pessoa quilombola"
Dicionário PCT - Quilombolas,V03280,3280,Pessoas,Quilombolas,"9 anos, Pessoa quilombola"
Dicionário PCT - Quilombolas,V03281,3281,Pessoas,Quilombolas,"10 anos, Pessoa quilombola"
Dicionário PCT - Quilombolas,V03282,3282,Pessoas,Quilombolas,"11 anos, Pessoa quilombola"
Dicionário PCT - Quilombolas,V03283,3283,Pessoas,Quilombolas,"12 anos, Pessoa quilombola"
Dicionário PCT - Quilombolas,V03284,3284,Pessoas,Quilombolas,"13 anos, Pessoa quilombola"
Dicionário PCT - Quilombolas,V03285,3285,Pessoas,Quilombolas,"14 anos, Pessoa quilombola"
Dicionário PCT - Quilombolas,V03286,3286,Pessoas,Quilombolas,"15 anos, Pessoa quilombola"
Dicionário PCT - Quilombolas,V03287,3287,Pessoas,Quilombolas,"16 anos, Pessoa quilombola"
Dicionário PCT - Quilombolas,V03288,3288,Pessoas,Quilombolas,"17 anos, Pessoa quilombola"
Dicionário PCT - Quilombolas,V03289,3289,Pessoas,Quilombolas,"18 anos, Pessoa quilombola"
Dicionário PCT - Quilombolas,V03290,3290,Pessoas,Quilombolas,"19 anos, Pessoa quilombola"
Dicionário PCT - Quilombolas,V03291,3291,Pessoas,Quilombolas,"20 anos, Pessoa quilombola"
Dicionário PCT - Quilombolas,V03292,3292,Pessoas,Quilombolas,"21 anos, Pessoa quilombola"
Dicionário PCT - Quilombolas,V03293,3293,Pessoas,Quilombolas,"22 anos, Pessoa quilombola"
Dicionário PCT - Quilombolas,V03294,3294,Pessoas,Quilombolas,"23 anos, Pessoa quilombola"
Dicionário PCT - Quilombolas,V03295,3295,Pessoas,Quilombolas,"24 anos, Pessoa quilombola"
Dicionário PCT - Quilombolas,V03296,3296,Pessoas,Quilombolas,"25 anos, Pessoa quilombola"
Dicionário PCT - Quilombolas,V03297,3297,Pessoas,Quilombolas,"26 anos, Pessoa quilombola"
Dicionário PCT - Quilombolas,V03298,3298,Pessoas,Quilombolas,"27 anos, Pessoa quilombola"
Dicionário PCT - Quilombolas,V03299,3299,Pessoas,Quilombolas,"28 anos, Pessoa quilombola"
Dicionário PCT - Quilombolas,V03300,3300,Pessoas,Quilombolas,"29 anos, Pessoa quilombola"
Dicionário PCT - Quilombolas,V03301,3301,Pessoas,Quilombolas,"30 anos, Pessoa quilombola"
Dicionário PCT - Quilombolas,V03302,3302,Pessoas,Quilombolas,"31 anos, Pessoa quilombola"
Dicionário PCT - Quilombolas,V03303,3303,Pessoas,Quilombolas,"32 anos, Pessoa quilombola"
Dicionário PCT - Quilombolas,V03304,3304,Pessoas,Quilombolas,"33 anos, Pessoa quilombola"
Dicionário PCT - Quilombolas,V03305,3305,Pessoas,Quilombolas,"34 anos, Pessoa quilombola"
Dicionário PCT - Quilombolas,V03306,3306,Pessoas,Quilombolas,"35 anos, Pessoa quilombola"
Dicionário PCT - Quilombolas,V03307,3307,Pessoas,Quilombolas,"36 anos, Pessoa quilombola"
Dicionário PCT - Quilombolas,V03308,3308,Pessoas,Quilombolas,"37 anos, Pessoa quilombola"
Dicionário PCT - Quilombolas,V03309,3309,Pessoas,Quilombolas,"38 anos, Pessoa quilombola"
Dicionário PCT - Quilombolas,V03310,3310,Pessoas,Quilombolas,"39 anos, Pessoa quilombola"
Dicionário PCT - Quilombolas,V03311,3311,Pessoas,Quilombolas,"40 anos, Pessoa quilombola"
Dicionário PCT - Quilombolas,V03312,3312,Pessoas,Quilombolas,"41 anos, Pessoa quilombola"
Dicionário PCT - Quilombolas,V03313,3313,Pessoas,Quilombolas,"42 anos, Pessoa quilombola"
Dicionário PCT - Quilombolas,V03314,3314,Pessoas,Quilombolas,"43 anos, Pessoa quilombola"
Dicionário PCT - Quilombolas,V03315,3315,Pessoas,Quilombolas,"44 anos, Pessoa quilombola"
Dicionário PCT - Quilombolas,V03316,3316,Pessoas,Quilombolas,"45 anos, Pessoa quilombola"
Dicionário PCT - Quilombolas,V03317,3317,Pessoas,Quilombolas,"46 anos, Pessoa quilombola"
Dicionário PCT - Quilombolas,V03318,3318,Pessoas,Quilombolas,"47 anos, Pessoa quilombola"
Dicionário PCT - Quilombolas,V03319,3319,Pessoas,Quilombolas,"48 anos, Pessoa quilombola"
Dicionário PCT - Quilombolas,V03320,3320,Pessoas,Quilombolas,"49 anos, Pessoa quilombola"
Dicionário PCT - Quilombolas,V03321,3321,Pessoas,Quilombolas,"50 anos, Pessoa quilombola"
Dicionário PCT - Quilombolas,V03322,3322,Pessoas,Quilombolas,"51 anos, Pessoa quilombola"
Dicionário PCT - Quilombolas,V03323,3323,Pessoas,Quilombolas,"52 anos, Pessoa quilombola"
Dicionário PCT - Quilombolas,V03324,3324,Pessoas,Quilombolas,"53 anos, Pessoa quilombola"
Dicionário PCT - Quilombolas,V03325,3325,Pessoas,Quilombolas,"54 anos, Pessoa quilombola"
Dicionário PCT - Quilombolas,V03326,3326,Pessoas,Quilombolas,"55 anos, Pessoa quilombola"
Dicionário PCT - Quilombolas,V03327,3327,Pessoas,Quilombolas,"56 anos, Pessoa quilombola"
Dicionário PCT - Quilombolas,V03328,3328,Pessoas,Quilombolas,"57 anos, Pessoa quilombola"
Dicionário PCT - Quilombolas,V03329,3329,Pessoas,Quilombolas,"58 anos, Pessoa quilombola"
Dicionário PCT - Quilombolas,V03330,3330,Pessoas,Quilombolas,"59 anos, Pessoa quilombola"
Dicionário PCT - Quilombolas,V03331,3331,Pessoas,Quilombolas,"60 anos, Pessoa quilombola"
Dicionário PCT - Quilombolas,V03332,3332,Pessoas,Quilombolas,"61 anos, Pessoa quilombola"
Dicionário PCT - Quilombolas,V03333,3333,Pessoas,Quilombolas,"62 anos, Pessoa quilombola"
Dicionário PCT - Quilombolas,V03334,3334,Pessoas,Quilombolas,"63 anos, Pessoa quilombola"
Dicionário PCT - Quilombolas,V03335,3335,Pessoas,Quilombolas,"64 anos, Pessoa quilombola"
Dicionário PCT - Quilombolas,V03336,3336,Pessoas,Quilombolas,"65 anos, Pessoa quilombola"
Dicionário PCT - Quilombolas,V03337,3337,Pessoas,Quilombolas,"66 anos, Pessoa quilombola"
Dicionário PCT - Quilombolas,V03338,3338,Pessoas,Quilombolas,"67 anos, Pessoa quilombola"
Dicionário PCT - Quilombolas,V03339,3339,Pessoas,Quilombolas,"68 anos, Pessoa quilombola"
Dicionário PCT - Quilombolas,V03340,3340,Pessoas,Quilombolas,"69 anos, Pessoa quilombola"
Dicionário PCT - Quilombolas,V03341,3341,Pessoas,Quilombolas,"70 anos, Pessoa quilombola"
Dicionário PCT - Quilombolas,V03342,3342,Pessoas,Quilombolas,"71 anos, Pessoa quilombola"
Dicionário PCT - Quilombolas,V03343,3343,Pessoas,Quilombolas,"72 anos, Pessoa quilombola"
Dicionário PCT - Quilombolas,V03344,3344,Pessoas,Quilombolas,"73 anos, Pessoa quilombola"
Dicionário PCT - Quilombolas,V03345,3345,Pessoas,Quilombolas,"74 anos, Pessoa quilombola"
Dicionário PCT - Quilombolas,V03346,3346,Pessoas,Quilombolas,"75 anos, Pessoa quilombola"
Dicionário PCT - Quilombolas,V03347,3347,Pessoas,Quilombolas,"76 anos, Pessoa quilombola"
Dicionário PCT - Quilombolas,V03348,3348,Pessoas,Quilombolas,"77 anos, Pessoa quilombola"
Dicionário PCT - Quilombolas,V03349,3349,Pessoas,Quilombolas,"78 anos, Pessoa quilombola"
Dicionário PCT - Quilombolas,V03350,3350,Pessoas,Quilombolas,"79 anos, Pessoa quilombola"
Dicionário PCT - Quilombolas,V03351,3351,Pessoas,Quilombolas,"80 anos, Pessoa quilombola"
Dicionário PCT - Quilombolas,V03352,3352,Pessoas,Quilombolas,"81 anos, Pessoa quilombola"
Dicionário PCT - Quilombolas,V03353,3353,Pessoas,Quilombolas,"82 anos, Pessoa quilombola"
Dicionário PCT - Quilombolas,V03354,3354,Pessoas,Quilombolas,"83 anos, Pessoa quilombola"
Dicionário PCT - Quilombolas,V03355,3355,Pessoas,Quilombolas,"84 anos, Pessoa quilombola"
Dicionário PCT - Quilombolas,V03356,3356,Pessoas,Quilombolas,"85 anos, Pessoa quilombola"
Dicionário PCT - Quilombolas,V03357,3357,Pessoas,Quilombolas,"86 anos, Pessoa quilombola"
Dicionário PCT - Quilombolas,V03358,3358,Pessoas,Quilombolas,"87 anos, Pessoa quilombola"
Dicionário PCT - Quilombolas,V03359,3359,Pessoas,Quilombolas,"88 anos, Pessoa quilombola"
Dicionário PCT - Quilombolas,V03360,3360,Pessoas,Quilombolas,"89 anos, Pessoa quilombola"
Dicionário PCT - Quilombolas,V03361,3361,Pessoas,Quilombolas,"90 anos, Pessoa quilombola"
Dicionário PCT - Quilombolas,V03362,3362,Pessoas,Quilombolas,"91 anos, Pessoa quilombola"
Dicionário PCT - Quilombolas,V03363,3363,Pessoas,Quilombolas,"92 anos, Pessoa quilombola"
Dicionário PCT - Quilombolas,V03364,3364,Pessoas,Quilombolas,"93 anos, Pessoa quilombola"
Dicionário PCT - Quilombolas,V03365,3365,Pessoas,Quilombolas,"94 anos, Pessoa quilombola"
Dicionário PCT - Quilombolas,V03366,3366,Pessoas,Quilombolas,"95 anos, Pessoa quilombola"
Dicionário PCT - Quilombolas,V03367,3367,Pessoas,Quilombolas,"96 anos, Pessoa quilombola"
Dicionário PCT - Quilombolas,V03368,3368,Pessoas,Quilombolas,"97 anos, Pessoa quilombola"
Dicionário PCT - Quilombolas,V03369,3369,Pessoas,Quilombolas,"98 anos, Pessoa quilombola"
Dicionário PCT - Quilombolas,V03370,3370,Pessoas,Quilombolas,"99 anos, Pessoa quilombola"
Dicionário PCT - Quilombolas,V03371,3371,Pessoas,Quilombolas,"100 anos ou mais, Pessoa quilombola"
Dicionário PCT - Quilombolas,V03372,3372,Pessoas,Quilombolas,"Sexo masculino, 0 anos, Pessoa quilombola"
Dicionário PCT - Quilombolas,V03373,3373,Pessoas,Quilombolas,"Sexo masculino, 1 ano, Pessoa quilombola"
Dicionário PCT - Quilombolas,V03374,3374,Pessoas,Quilombolas,"Sexo masculino, 2 anos, Pessoa quilombola"
Dicionário PCT - Quilombolas,V03375,3375,Pessoas,Quilombolas,"Sexo masculino, 3 anos, Pessoa quilombola"
Dicionário PCT - Quilombolas,V03376,3376,Pessoas,Quilombolas,"Sexo masculino, 4 anos, Pessoa quilombola"
Dicionário PCT - Quilombolas,V03377,3377,Pessoas,Quilombolas,"Sexo masculino, 5 anos, Pessoa quilombola"
Dicionário PCT - Quilombolas,V03378,3378,Pessoas,Quilombolas,"Sexo masculino, 6 anos, Pessoa quilombola"
Dicionário PCT - Quilombolas,V03379,3379,Pessoas,Quilombolas,"Sexo masculino, 7 anos, Pessoa quilombola"
Dicionário PCT - Quilombolas,V03380,3380,Pessoas,Quilombolas,"Sexo masculino, 8 anos, Pessoa quilombola"
Dicionário PCT - Quilombolas,V03381,3381,Pessoas,Quilombolas,"Sexo masculino, 9 anos, Pessoa quilombola"
Dicionário PCT - Quilombolas,V03382,3382,Pessoas,Quilombolas,"Sexo masculino, 10 anos, Pessoa quilombola"
Dicionário PCT - Quilombolas,V03383,3383,Pessoas,Quilombolas,"Sexo masculino, 11 anos, Pessoa quilombola"
Dicionário PCT - Quilombolas,V03384,3384,Pessoas,Quilombolas,"Sexo masculino, 12 anos, Pessoa quilombola"
Dicionário PCT - Quilombolas,V03385,3385,Pessoas,Quilombolas,"Sexo masculino, 13 anos, Pessoa quilombola"
Dicionário PCT - Quilombolas,V03386,3386,Pessoas,Quilombolas,"Sexo masculino, 14 anos, Pessoa quilombola"
Dicionário PCT - Quilombolas,V03387,3387,Pessoas,Quilombolas,"Sexo masculino, 15 anos, Pessoa quilombola"
Dicionário PCT - Quilombolas,V03388,3388,Pessoas,Quilombolas,"Sexo masculino, 16 anos, Pessoa quilombola"
Dicionário PCT - Quilombolas,V03389,3389,Pessoas,Quilombolas,"Sexo masculino, 17 anos, Pessoa quilombola"
Dicionário PCT - Quilombolas,V03390,3390,Pessoas,Quilombolas,"Sexo masculino, 18 anos, Pessoa quilombola"
Dicionário PCT - Quilombolas,V03391,3391,Pessoas,Quilombolas,"Sexo masculino, 19 anos, Pessoa quilombola"
Dicionário PCT - Quilombolas,V03392,3392,Pessoas,Quilombolas,"Sexo masculino, 20 anos, Pessoa quilombola"
Dicionário PCT - Quilombolas,V03393,3393,Pessoas,Quilombolas,"Sexo masculino, 21 anos, Pessoa quilombola"
Dicionário PCT - Quilombolas,V03394,3394,Pessoas,Quilombolas,"Sexo masculino, 22 anos, Pessoa quilombola"
Dicionário PCT - Quilombolas,V03395,3395,Pessoas,Quilombolas,"Sexo masculino, 23 anos, Pessoa quilombola"
Dicionário PCT - Quilombolas,V03396,3396,Pessoas,Quilombolas,"Sexo masculino, 24 anos, Pessoa quilombola"
Dicionário PCT - Quilombolas,V03397,3397,Pessoas,Quilombolas,"Sexo masculino, 25 anos, Pessoa quilombola"
Dicionário PCT - Quilombolas,V03398,3398,Pessoas,Quilombolas,"Sexo masculino, 26 anos, Pessoa quilombola"
Dicionário PCT - Quilombolas,V03399,3399,Pessoas,Quilombolas,"Sexo masculino, 27 anos, Pessoa quilombola"
Dicionário PCT - Quilombolas,V03400,3400,Pessoas,Quilombolas,"Sexo masculino, 28 anos, Pessoa quilombola"
Dicionário PCT - Quilombolas,V03401,3401,Pessoas,Quilombolas,"Sexo masculino, 29 anos, Pessoa quilombola"
Dicionário PCT - Quilombolas,V03402,3402,Pessoas,Quilombolas,"Sexo masculino, 30 anos, Pessoa quilombola"
Dicionário PCT - Quilombolas,V03403,3403,Pessoas,Quilombolas,"Sexo masculino, 31 anos, Pessoa quilombola"
Dicionário PCT - Quilombolas,V03404,3404,Pessoas,Quilombolas,"Sexo masculino, 32 anos, Pessoa quilombola"
Dicionário PCT - Quilombolas,V03405,3405,Pessoas,Quilombolas,"Sexo masculino, 33 anos, Pessoa quilombola"
Dicionário PCT - Quilombolas,V03406,3406,Pessoas,Quilombolas,"Sexo masculino, 34 anos, Pessoa quilombola"
Dicionário PCT - Quilombolas,V03407,3407,Pessoas,Quilombolas,"Sexo masculino, 35 anos, Pessoa quilombola"
Dicionário PCT - Quilombolas,V03408,3408,Pessoas,Quilombolas,"Sexo masculino, 36 anos, Pessoa quilombola"
Dicionário PCT - Quilombolas,V03409,3409,Pessoas,Quilombolas,"Sexo masculino, 37 anos, Pessoa quilombola"
Dicionário PCT - Quilombolas,V03410,3410,Pessoas,Quilombolas,"Sexo masculino, 38 anos, Pessoa quilombola"
Dicionário PCT - Quilombolas,V03411,3411,Pessoas,Quilombolas,"Sexo masculino, 39 anos, Pessoa quilombola"
Dicionário PCT - Quilombolas,V03412,3412,Pessoas,Quilombolas,"Sexo masculino, 40 anos, Pessoa quilombola"
Dicionário PCT - Quilombolas,V03413,3413,Pessoas,Quilombolas,"Sexo masculino, 41 anos, Pessoa quilombola"
Dicionário PCT - Quilombolas,V03414,3414,Pessoas,Quilombolas,"Sexo masculino, 42 anos, Pessoa quilombola"
Dicionário PCT - Quilombolas,V03415,3415,Pessoas,Quilombolas,"Sexo masculino, 43 anos, Pessoa quilombola"
Dicionário PCT - Quilombolas,V03416,3416,Pessoas,Quilombolas,"Sexo masculino, 44 anos, Pessoa quilombola"
Dicionário PCT - Quilombolas,V03417,3417,Pessoas,Quilombolas,"Sexo masculino, 45 anos, Pessoa quilombola"
Dicionário PCT - Quilombolas,V03418,3418,Pessoas,Quilombolas,"Sexo masculino, 46 anos, Pessoa quilombola"
Dicionário PCT - Quilombolas,V03419,3419,Pessoas,Quilombolas,"Sexo masculino, 47 anos, Pessoa quilombola"
Dicionário PCT - Quilombolas,V03420,3420,Pessoas,Quilombolas,"Sexo masculino, 48 anos, Pessoa quilombola"
Dicionário PCT - Quilombolas,V03421,3421,Pessoas,Quilombolas,"Sexo masculino, 49 anos, Pessoa quilombola"
Dicionário PCT - Quilombolas,V03422,3422,Pessoas,Quilombolas,"Sexo masculino, 50 anos, Pessoa quilombola"
Dicionário PCT - Quilombolas,V03423,3423,Pessoas,Quilombolas,"Sexo masculino, 51 anos, Pessoa quilombola"
Dicionário PCT - Quilombolas,V03424,3424,Pessoas,Quilombolas,"Sexo masculino, 52 anos, Pessoa quilombola"
Dicionário PCT - Quilombolas,V03425,3425,Pessoas,Quilombolas,"Sexo masculino, 53 anos, Pessoa quilombola"
Dicionário PCT - Quilombolas,V03426,3426,Pessoas,Quilombolas,"Sexo masculino, 54 anos, Pessoa quilombola"
Dicionário PCT - Quilombolas,V03427,3427,Pessoas,Quilombolas,"Sexo masculino, 55 anos, Pessoa quilombola"
Dicionário PCT - Quilombolas,V03428,3428,Pessoas,Quilombolas,"Sexo masculino, 56 anos, Pessoa quilombola"
Dicionário PCT - Quilombolas,V03429,3429,Pessoas,Quilombolas,"Sexo masculino, 57 anos, Pessoa quilombola"
Dicionário PCT - Quilombolas,V03430,3430,Pessoas,Quilombolas,"Sexo masculino, 58 anos, Pessoa quilombola"
Dicionário PCT - Quilombolas,V03431,3431,Pessoas,Quilombolas,"Sexo masculino, 59 anos, Pessoa quilombola"
Dicionário PCT - Quilombolas,V03432,3432,Pessoas,Quilombolas,"Sexo masculino, 60 anos, Pessoa quilombola"
Dicionário PCT - Quilombolas,V03433,3433,Pessoas,Quilombolas,"Sexo masculino, 61 anos, Pessoa quilombola"
Dicionário PCT - Quilombolas,V03434,3434,Pessoas,Quilombolas,"Sexo masculino, 62 anos, Pessoa quilombola"
Dicionário PCT - Quilombolas,V03435,3435,Pessoas,Quilombolas,"Sexo masculino, 63 anos, Pessoa quilombola"
Dicionário PCT - Quilombolas,V03436,3436,Pessoas,Quilombolas,"Sexo masculino, 64 anos, Pessoa quilombola"
Dicionário PCT - Quilombolas,V03437,3437,Pessoas,Quilombolas,"Sexo masculino, 65 anos, Pessoa quilombola"
Dicionário PCT - Quilombolas,V03438,3438,Pessoas,Quilombolas,"Sexo masculino, 66 anos, Pessoa quilombola"
Dicionário PCT - Quilombolas,V03439,3439,Pessoas,Quilombolas,"Sexo masculino, 67 anos, Pessoa quilombola"
Dicionário PCT - Quilombolas,V03440,3440,Pessoas,Quilombolas,"Sexo masculino, 68 anos, Pessoa quilombola"
Dicionário PCT - Quilombolas,V03441,3441,Pessoas,Quilombolas,"Sexo masculino, 69 anos, Pessoa quilombola"
Dicionário PCT - Quilombolas,V03442,3442,Pessoas,Quilombolas,"Sexo masculino, 70 anos, Pessoa quilombola"
Dicionário PCT - Quilombolas,V03443,3443,Pessoas,Quilombolas,"Sexo masculino, 71 anos, Pessoa quilombola"
Dicionário PCT - Quilombolas,V03444,3444,Pessoas,Quilombolas,"Sexo masculino, 72 anos, Pessoa quilombola"
Dicionário PCT - Quilombolas,V03445,3445,Pessoas,Quilombolas,"Sexo masculino, 73 anos, Pessoa quilombola"
Dicionário PCT - Quilombolas,V03446,3446,Pessoas,Quilombolas,"Sexo masculino, 74 anos, Pessoa quilombola"
Dicionário PCT - Quilombolas,V03447,3447,Pessoas,Quilombolas,"Sexo masculino, 75 anos, Pessoa quilombola"
Dicionário PCT - Quilombolas,V03448,3448,Pessoas,Quilombolas,"Sexo masculino, 76 anos, Pessoa quilombola"
Dicionário PCT - Quilombolas,V03449,3449,Pessoas,Quilombolas,"Sexo masculino, 77 anos, Pessoa quilombola"
Dicionário PCT - Quilombolas,V03450,3450,Pessoas,Quilombolas,"Sexo masculino, 78 anos, Pessoa quilombola"
Dicionário PCT - Quilombolas,V03451,3451,Pessoas,Quilombolas,"Sexo masculino, 79 anos, Pessoa quilombola"
Dicionário PCT - Quilombolas,V03452,3452,Pessoas,Quilombolas,"Sexo masculino, 80 anos, Pessoa quilombola"
Dicionário PCT - Quilombolas,V03453,3453,Pessoas,Quilombolas,"Sexo masculino, 81 anos, Pessoa quilombola"
Dicionário PCT - Quilombolas,V03454,3454,Pessoas,Quilombolas,"Sexo masculino, 82 anos, Pessoa quilombola"
Dicionário PCT - Quilombolas,V03455,3455,Pessoas,Quilombolas,"Sexo masculino, 83 anos, Pessoa quilombola"
Dicionário PCT - Quilombolas,V03456,3456,Pessoas,Quilombolas,"Sexo masculino, 84 anos, Pessoa quilombola"
Dicionário PCT - Quilombolas,V03457,3457,Pessoas,Quilombolas,"Sexo masculino, 85 anos, Pessoa quilombola"
Dicionário PCT - Quilombolas,V03458,3458,Pessoas,Quilombolas,"Sexo masculino, 86 anos, Pessoa quilombola"
Dicionário PCT - Quilombolas,V03459,3459,Pessoas,Quilombolas,"Sexo masculino, 87 anos, Pessoa quilombola"
Dicionário PCT - Quilombolas,V03460,3460,Pessoas,Quilombolas,"Sexo masculino, 88 anos, Pessoa quilombola"
Dicionário PCT - Quilombolas,V03461,3461,Pessoas,Quilombolas,"Sexo masculino, 89 anos, Pessoa quilombola"
Dicionário PCT - Quilombolas,V03462,3462,Pessoas,Quilombolas,"Sexo masculino, 90 anos, Pessoa quilombola"
Dicionário PCT - Quilombolas,V03463,3463,Pessoas,Quilombolas,"Sexo masculino, 91 anos, Pessoa quilombola"
Dicionário PCT - Quilombolas,V03464,3464,Pessoas,Quilombolas,"Sexo masculino, 92 anos, Pessoa quilombola"
Dicionário PCT - Quilombolas,V03465,3465,Pessoas,Quilombolas,"Sexo masculino, 93 anos, Pessoa quilombola"
Dicionário PCT - Quilombolas,V03466,3466,Pessoas,Quilombolas,"Sexo masculino, 94 anos, Pessoa quilombola"
Dicionário PCT - Quilombolas,V03467,3467,Pessoas,Quilombolas,"Sexo masculino, 95 anos, Pessoa quilombola"
Dicionário PCT - Quilombolas,V03468,3468,Pessoas,Quilombolas,"Sexo masculino, 96 anos, Pessoa quilombola"
Dicionário PCT - Quilombolas,V03469,3469,Pessoas,Quilombolas,"Sexo masculino, 97 anos, Pessoa quilombola"
Dicionário PCT - Quilombolas,V03470,3470,Pessoas,Quilombolas,"Sexo masculino, 98 anos, Pessoa quilombola"
Dicionário PCT - Quilombolas,V03471,3471,Pessoas,Quilombolas,"Sexo masculino, 99 anos, Pessoa quilombola"
Dicionário PCT - Quilombolas,V03472,3472,Pessoas,Quilombolas,"Sexo masculino, 100 anos ou mais, Pessoa quilombola"
Dicionário PCT - Quilombolas,V03473,3473,Pessoas,Quilombolas,"Sexo feminino, 0 anos, Pessoa quilombola"
Dicionário PCT - Quilombolas,V03474,3474,Pessoas,Quilombolas,"Sexo feminino, 1 ano, Pessoa quilombola"
Dicionário PCT - Quilombolas,V03475,3475,Pessoas,Quilombolas,"Sexo feminino, 2 anos, Pessoa quilombola"
Dicionário PCT - Quilombolas,V03476,3476,Pessoas,Quilombolas,"Sexo feminino, 3 anos, Pessoa quilombola"
Dicionário PCT - Quilombolas,V03477,3477,Pessoas,Quilombolas,"Sexo feminino, 4 anos, Pessoa quilombola"
Dicionário PCT - Quilombolas,V03478,3478,Pessoas,Quilombolas,"Sexo feminino, 5 anos, Pessoa quilombola"
Dicionário PCT - Quilombolas,V03479,3479,Pessoas,Quilombolas,"Sexo feminino, 6 anos, Pessoa quilombola"
Dicionário PCT - Quilombolas,V03480,3480,Pessoas,Quilombolas,"Sexo feminino, 7 anos, Pessoa quilombola"
Dicionário PCT - Quilombolas,V03481,3481,Pessoas,Quilombolas,"Sexo feminino, 8 anos, Pessoa quilombola"
Dicionário PCT - Quilombolas,V03482,3482,Pessoas,Quilombolas,"Sexo feminino, 9 anos, Pessoa quilombola"
Dicionário PCT - Quilombolas,V03483,3483,Pessoas,Quilombolas,"Sexo feminino, 10 anos, Pessoa quilombola"
Dicionário PCT - Quilombolas,V03484,3484,Pessoas,Quilombolas,"Sexo feminino, 11 anos, Pessoa quilombola"
Dicionário PCT - Quilombolas,V03485,3485,Pessoas,Quilombolas,"Sexo feminino, 12 anos, Pessoa quilombola"
Dicionário PCT - Quilombolas,V03486,3486,Pessoas,Quilombolas,"Sexo feminino, 13 anos, Pessoa quilombola"
Dicionário PCT - Quilombolas,V03487,3487,Pessoas,Quilombolas,"Sexo feminino, 14 anos, Pessoa quilombola"
Dicionário PCT - Quilombolas,V03488,3488,Pessoas,Quilombolas,"Sexo feminino, 15 anos, Pessoa quilombola"
Dicionário PCT - Quilombolas,V03489,3489,Pessoas,Quilombolas,"Sexo feminino, 16 anos, Pessoa quilombola"
Dicionário PCT - Quilombolas,V03490,3490,Pessoas,Quilombolas,"Sexo feminino, 17 anos, Pessoa quilombola"
Dicionário PCT - Quilombolas,V03491,3491,Pessoas,Quilombolas,"Sexo feminino, 18 anos, Pessoa quilombola"
Dicionário PCT - Quilombolas,V03492,3492,Pessoas,Quilombolas,"Sexo feminino, 19 anos, Pessoa quilombola"
Dicionário PCT - Quilombolas,V03493,3493,Pessoas,Quilombolas,"Sexo feminino, 20 anos, Pessoa quilombola"
Dicionário PCT - Quilombolas,V03494,3494,Pessoas,Quilombolas,"Sexo feminino, 21 anos, Pessoa quilombola"
Dicionário PCT - Quilombolas,V03495,3495,Pessoas,Quilombolas,"Sexo feminino, 22 anos, Pessoa quilombola"
Dicionário PCT - Quilombolas,V03496,3496,Pessoas,Quilombolas,"Sexo feminino, 23 anos, Pessoa quilombola"
Dicionário PCT - Quilombolas,V03497,3497,Pessoas,Quilombolas,"Sexo feminino, 24 anos, Pessoa quilombola"
Dicionário PCT - Quilombolas,V03498,3498,Pessoas,Quilombolas,"Sexo feminino, 25 anos, Pessoa quilombola"
Dicionário PCT - Quilombolas,V03499,3499,Pessoas,Quilombolas,"Sexo feminino, 26 anos, Pessoa quilombola"
Dicionário PCT - Quilombolas,V03500,3500,Pessoas,Quilombolas,"Sexo feminino, 27 anos, Pessoa quilombola"
Dicionário PCT - Quilombolas,V03501,3501,Pessoas,Quilombolas,"Sexo feminino, 28 anos, Pessoa quilombola"
Dicionário PCT - Quilombolas,V03502,3502,Pessoas,Quilombolas,"Sexo feminino, 29 anos, Pessoa quilombola"
Dicionário PCT - Quilombolas,V03503,3503,Pessoas,Quilombolas,"Sexo feminino, 30 anos, Pessoa quilombola"
Dicionário PCT - Quilombolas,V03504,3504,Pessoas,Quilombolas,"Sexo feminino, 31 anos, Pessoa quilombola"
Dicionário PCT - Quilombolas,V03505,3505,Pessoas,Quilombolas,"Sexo feminino, 32 anos, Pessoa quilombola"
Dicionário PCT - Quilombolas,V03506,3506,Pessoas,Quilombolas,"Sexo feminino, 33 anos, Pessoa quilombola"
Dicionário PCT - Quilombolas,V03507,3507,Pessoas,Quilombolas,"Sexo feminino, 34 anos, Pessoa quilombola"
Dicionário PCT - Quilombolas,V03508,3508,Pessoas,Quilombolas,"Sexo feminino, 35 anos, Pessoa quilombola"
Dicionário PCT - Quilombolas,V03509,3509,Pessoas,Quilombolas,"Sexo feminino, 36 anos, Pessoa quilombola"
Dicionário PCT - Quilombolas,V03510,3510,Pessoas,Quilombolas,"Sexo feminino, 37 anos, Pessoa quilombola"
Dicionário PCT - Quilombolas,V03511,3511,Pessoas,Quilombolas,"Sexo feminino, 38 anos, Pessoa quilombola"
Dicionário PCT - Quilombolas,V03512,3512,Pessoas,Quilombolas,"Sexo feminino, 39 anos, Pessoa quilombola"
Dicionário PCT - Quilombolas,V03513,3513,Pessoas,Quilombolas,"Sexo feminino, 40 anos, Pessoa quilombola"
Dicionário PCT - Quilombolas,V03514,3514,Pessoas,Quilombolas,"Sexo feminino, 41 anos, Pessoa quilombola"
Dicionário PCT - Quilombolas,V03515,3515,Pessoas,Quilombolas,"Sexo feminino, 42 anos, Pessoa quilombola"
Dicionário PCT - Quilombolas,V03516,3516,Pessoas,Quilombolas,"Sexo feminino, 43 anos, Pessoa quilombola"
Dicionário PCT - Quilombolas,V03517,3517,Pessoas,Quilombolas,"Sexo feminino, 44 anos, Pessoa quilombola"
Dicionário PCT - Quilombolas,V03518,3518,Pessoas,Quilombolas,"Sexo feminino, 45 anos, Pessoa quilombola"
Dicionário PCT - Quilombolas,V03519,3519,Pessoas,Quilombolas,"Sexo feminino, 46 anos, Pessoa quilombola"
Dicionário PCT - Quilombolas,V03520,3520,Pessoas,Quilombolas,"Sexo feminino, 47 anos, Pessoa quilombola"
Dicionário PCT - Quilombolas,V03521,3521,Pessoas,Quilombolas,"Sexo feminino, 48 anos, Pessoa quilombola"
Dicionário PCT - Quilombolas,V03522,3522,Pessoas,Quilombolas,"Sexo feminino, 49 anos, Pessoa quilombola"
Dicionário PCT - Quilombolas,V03523,3523,Pessoas,Quilombolas,"Sexo feminino, 50 anos, Pessoa quilombola"
Dicionário PCT - Quilombolas,V03524,3524,Pessoas,Quilombolas,"Sexo feminino, 51 anos, Pessoa quilombola"
Dicionário PCT - Quilombolas,V03525,3525,Pessoas,Quilombolas,"Sexo feminino, 52 anos, Pessoa quilombola"
Dicionário PCT - Quilombolas,V03526,3526,Pessoas,Quilombolas,"Sexo feminino, 53 anos, Pessoa quilombola"
Dicionário PCT - Quilombolas,V03527,3527,Pessoas,Quilombolas,"Sexo feminino, 54 anos, Pessoa quilombola"
Dicionário PCT - Quilombolas,V03528,3528,Pessoas,Quilombolas,"Sexo feminino, 55 anos, Pessoa quilombola"
Dicionário PCT - Quilombolas,V03529,3529,Pessoas,Quilombolas,"Sexo feminino, 56 anos, Pessoa quilombola"
Dicionário PCT - Quilombolas,V03530,3530,Pessoas,Quilombolas,"Sexo feminino, 57 anos, Pessoa quilombola"
Dicionário PCT - Quilombolas,V03531,3531,Pessoas,Quilombolas,"Sexo feminino, 58 anos, Pessoa quilombola"
Dicionário PCT - Quilombolas,V03532,3532,Pessoas,Quilombolas,"Sexo feminino, 59 anos, Pessoa quilombola"
Dicionário PCT - Quilombolas,V03533,3533,Pessoas,Quilombolas,"Sexo feminino, 60 anos, Pessoa quilombola"
Dicionário PCT - Quilombolas,V03534,3534,Pessoas,Quilombolas,"Sexo feminino, 61 anos, Pessoa quilombola"
Dicionário PCT - Quilombolas,V03535,3535,Pessoas,Quilombolas,"Sexo feminino, 62 anos, Pessoa quilombola"
Dicionário PCT - Quilombolas,V03536,3536,Pessoas,Quilombolas,"Sexo feminino, 63 anos, Pessoa quilombola"
Dicionário PCT - Quilombolas,V03537,3537,Pessoas,Quilombolas,"Sexo feminino, 64 anos, Pessoa quilombola"
Dicionário PCT - Quilombolas,V03538,3538,Pessoas,Quilombolas,"Sexo feminino, 65 anos, Pessoa quilombola"
Dicionário PCT - Quilombolas,V03539,3539,Pessoas,Quilombolas,"Sexo feminino, 66 anos, Pessoa quilombola"
Dicionário PCT - Quilombolas,V03540,3540,Pessoas,Quilombolas,"Sexo feminino, 67 anos, Pessoa quilombola"
Dicionário PCT - Quilombolas,V03541,3541,Pessoas,Quilombolas,"Sexo feminino, 68 anos, Pessoa quilombola"
Dicionário PCT - Quilombolas,V03542,3542,Pessoas,Quilombolas,"Sexo feminino, 69 anos, Pessoa quilombola"
Dicionário PCT - Quilombolas,V03543,3543,Pessoas,Quilombolas,"Sexo feminino, 70 anos, Pessoa quilombola"
Dicionário PCT - Quilombolas,V03544,3544,Pessoas,Quilombolas,"Sexo feminino, 71 anos, Pessoa quilombola"
Dicionário PCT - Quilombolas,V03545,3545,Pessoas,Quilombolas,"Sexo feminino, 72 anos, Pessoa quilombola"
Dicionário PCT - Quilombolas,V03546,3546,Pessoas,Quilombolas,"Sexo feminino, 73 anos, Pessoa quilombola"
Dicionário PCT - Quilombolas,V03547,3547,Pessoas,Quilombolas,"Sexo feminino, 74 anos, Pessoa quilombola"
Dicionário PCT - Quilombolas,V03548,3548,Pessoas,Quilombolas,"Sexo feminino, 75 anos, Pessoa quilombola"
Dicionário PCT - Quilombolas,V03549,3549,Pessoas,Quilombolas,"Sexo feminino, 76 anos, Pessoa quilombola"
Dicionário PCT - Quilombolas,V03550,3550,Pessoas,Quilombolas,"Sexo feminino, 77 anos, Pessoa quilombola"
Dicionário PCT - Quilombolas,V03551,3551,Pessoas,Quilombolas,"Sexo feminino, 78 anos, Pessoa quilombola"
Dicionário PCT - Quilombolas,V03552,3552,Pessoas,Quilombolas,"Sexo feminino, 79 anos, Pessoa quilombola"
Dicionário PCT - Quilombolas,V03553,3553,Pessoas,Quilombolas,"Sexo feminino, 80 anos, Pessoa quilombola"
Dicionário PCT - Quilombolas,V03554,3554,Pessoas,Quilombolas,"Sexo feminino, 81 anos, Pessoa quilombola"
Dicionário PCT - Quilombolas,V03555,3555,Pessoas,Quilombolas,"Sexo feminino, 82 anos, Pessoa quilombola"
Dicionário PCT - Quilombolas,V03556,3556,Pessoas,Quilombolas,"Sexo feminino, 83 anos, Pessoa quilombola"
Dicionário PCT - Quilombolas,V03557,3557,Pessoas,Quilombolas,"Sexo feminino, 84 anos, Pessoa quilombola"
Dicionário PCT - Quilombolas,V03558,3558,Pessoas,Quilombolas,"Sexo feminino, 85 anos, Pessoa quilombola"
Dicionário PCT - Quilombolas,V03559,3559,Pessoas,Quilombolas,"Sexo feminino, 86 anos, Pessoa quilombola"
Dicionário PCT - Quilombolas,V03560,3560,Pessoas,Quilombolas,"Sexo feminino, 87 anos, Pessoa quilombola"
Dicionário PCT - Quilombolas,V03561,3561,Pessoas,Quilombolas,"Sexo feminino, 88 anos, Pessoa quilombola"
Dicionário PCT - Quilombolas,V03562,3562,Pessoas,Quilombolas,"Sexo feminino, 89 anos, Pessoa quilombola"
Dicionário PCT - Quilombolas,V03563,3563,Pessoas,Quilombolas,"Sexo feminino, 90 anos, Pessoa quilombola"
Dicionário PCT - Quilombolas,V03564,3564,Pessoas,Quilombolas,"Sexo feminino, 91 anos, Pessoa quilombola"
Dicionário PCT - Quilombolas,V03565,3565,Pessoas,Quilombolas,"Sexo feminino, 92 anos, Pessoa quilombola"
Dicionário PCT - Quilombolas,V03566,3566,Pessoas,Quilombolas,"Sexo feminino, 93 anos, Pessoa quilombola"
Dicionário PCT - Quilombolas,V03567,3567,Pessoas,Quilombolas,"Sexo feminino, 94 anos, Pessoa quilombola"
Dicionário PCT - Quilombolas,V03568,3568,Pessoas,Quilombolas,"Sexo feminino, 95 anos, Pessoa quilombola"
Dicionário PCT - Quilombolas,V03569,3569,Pessoas,Quilombolas,"Sexo feminino, 96 anos, Pessoa quilombola"
Dicionário PCT - Quilombolas,V03570,3570,Pessoas,Quilombolas,"Sexo feminino, 97 anos, Pessoa quilombola"
Dicionário PCT - Quilombolas,V03571,3571,Pessoas,Quilombolas,"Sexo feminino, 98 anos, Pessoa quilombola"
Dicionário PCT - Quilombolas,V03572,3572,Pessoas,Quilombolas,"Sexo feminino, 99 anos, Pessoa quilombola"
Dicionário PCT - Quilombolas,V03573,3573,Pessoas,Quilombolas,"Sexo feminino, 100 anos ou mais, Pessoa quilombola"
Dicionário PCT - Quilombolas,V03574,3574,Pessoas,Quilombolas,"0 a 4 anos, Pessoa quilombola"
Dicionário PCT - Quilombolas,V03575,3575,Pessoas,Quilombolas,"5 a 9 anos, Pessoa quilombola"
Dicionário PCT - Quilombolas,V03576,3576,Pessoas,Quilombolas,"10 a 14 anos, Pessoa quilombola"
Dicionário PCT - Quilombolas,V03577,3577,Pessoas,Quilombolas,"15 a 19 anos, Pessoa quilombola"
Dicionário PCT - Quilombolas,V03578,3578,Pessoas,Quilombolas,"20 a 24 anos, Pessoa quilombola"
Dicionário PCT - Quilombolas,V03579,3579,Pessoas,Quilombolas,"25 a 29 anos, Pessoa quilombola"
Dicionário PCT - Quilombolas,V03580,3580,Pessoas,Quilombolas,"30 a 39 anos, Pessoa quilombola"
Dicionário PCT - Quilombolas,V03581,3581,Pessoas,Quilombolas,"40 a 49 anos, Pessoa quilombola"
Dicionário PCT - Quilombolas,V03582,3582,Pessoas,Quilombolas,"50 a 59 anos, Pessoa quilombola"
Dicionário PCT - Quilombolas,V03583,3583,Pessoas,Quilombolas,"60 a 69 anos, Pessoa quilombola"
Dicionário PCT - Quilombolas,V03584,3584,Pessoas,Quilombolas,"70 anos ou mais, Pessoa quilombola"
Dicionário PCT - Quilombolas,V03585,3585,Pessoas,Quilombolas,"Sexo masculino, 0 a 4 anos, Pessoa quilombola"
Dicionário PCT - Quilombolas,V03586,3586,Pessoas,Quilombolas,"Sexo masculino, 5 a 9 anos, Pessoa quilombola"
Dicionário PCT - Quilombolas,V03587,3587,Pessoas,Quilombolas,"Sexo masculino, 10 a 14 anos, Pessoa quilombola"
Dicionário PCT - Quilombolas,V03588,3588,Pessoas,Quilombolas,"Sexo masculino, 15 a 19 anos, Pessoa quilombola"
Dicionário PCT - Quilombolas,V03589,3589,Pessoas,Quilombolas,"Sexo masculino, 20 a 24 anos, Pessoa quilombola"
Dicionário PCT - Quilombolas,V03590,3590,Pessoas,Quilombolas,"Sexo masculino, 25 a 29 anos, Pessoa quilombola"
Dicionário PCT - Quilombolas,V03591,3591,Pessoas,Quilombolas,"Sexo masculino, 30 a 39 anos, Pessoa quilombola"
Dicionário PCT - Quilombolas,V03592,3592,Pessoas,Quilombolas,"Sexo masculino, 40 a 49 anos, Pessoa quilombola"
Dicionário PCT - Quilombolas,V03593,3593,Pessoas,Quilombolas,"Sexo masculino, 50 a 59 anos, Pessoa quilombola"
Dicionário PCT - Quilombolas,V03594,3594,Pessoas,Quilombolas,"Sexo masculino, 60 a 69 anos, Pessoa quilombola"
Dicionário PCT - Quilombolas,V03595,3595,Pessoas,Quilombolas,"Sexo masculino, 70 anos ou mais, Pessoa quilombola"
Dicionário PCT - Quilombolas,V03596,3596,Pessoas,Quilombolas,"Sexo feminino, 0 a 4 anos, Pessoa quilombola"
Dicionário PCT - Quilombolas,V03597,3597,Pessoas,Quilombolas,"Sexo feminino, 5 a 9 anos, Pessoa quilombola"
Dicionário PCT - Quilombolas,V03598,3598,Pessoas,Quilombolas,"Sexo feminino, 10 a 14 anos, Pessoa quilombola"
Dicionário PCT - Quilombolas,V03599,3599,Pessoas,Quilombolas,"Sexo feminino, 15 a 19 anos, Pessoa quilombola"
Dicionário PCT - Quilombolas,V03600,3600,Pessoas,Quilombolas,"Sexo feminino, 20 a 24 anos, Pessoa quilombola"
Dicionário PCT - Quilombolas,V03601,3601,Pessoas,Quilombolas,"Sexo feminino, 25 a 29 anos, Pessoa quilombola"
Dicionário PCT - Quilombolas,V03602,3602,Pessoas,Quilombolas,"Sexo feminino, 30 a 39 anos, Pessoa quilombola"
Dicionário PCT - Quilombolas,V03603,3603,Pessoas,Quilombolas,"Sexo feminino, 40 a 49 anos, Pessoa quilombola"
Dicionário PCT - Quilombolas,V03604,3604,Pessoas,Quilombolas,"Sexo feminino, 50 a 59 anos, Pessoa quilombola"
Dicionário PCT - Quilombolas,V03605,3605,Pessoas,Quilombolas,"Sexo feminino, 60 a 69 anos, Pessoa quilombola"
Dicionário PCT - Quilombolas,V03606,3606,Pessoas,Quilombolas,"Sexo feminino, 70 anos ou mais, Pessoa quilombola"
Dicionário PCT - Quilombolas,V03607,3607,Pessoas,Quilombolas,"15 anos ou mais, Pessoa quilombola"
Dicionário PCT - Quilombolas,V03608,3608,Pessoas,Quilombolas,"Sexo masculino, 15 anos ou mais, Pessoa quilombola"
Dicionário PCT - Quilombolas,V03609,3609,Pessoas,Quilombolas,"Sexo feminino, 15 anos ou mais, Pessoa quilombola"
Dicionário PCT - Quilombolas,V03610,3610,Pessoas,Quilombolas,"Pessoa responsável pelo domicílio, Pessoa quilombola"
Dicionário PCT - Quilombolas,V03611,3611,Pessoas,Quilombolas,"Pessoa responsável pelo domicílio, Sexo do morador responsável é masculino, Pessoa quilombola"
Dicionário PCT - Quilombolas,V03612,3612,Pessoas,Quilombolas,"Pessoa responsável pelo domicílio, Sexo do morador responsável é feminino, Pessoa quilombola"
Dicionário PCT - Quilombolas,V03613,3613,Pessoas,Quilombolas,"Pessoa responsável pelo domicílio, 15 anos ou mais, Pessoa quilombola"
Dicionário PCT - Quilombolas,V03614,3614,Pessoas,Quilombolas,"Pessoa responsável pelo domicílio, Sexo do morador responsável é masculino, 15 anos ou mais, Pessoa quilombola"
Dicionário PCT - Quilombolas,V03615,3615,Pessoas,Quilombolas,"Pessoa responsável pelo domicílio, Sexo do morador responsável é feminino, 15 anos ou mais, Pessoa quilombola"
Dicionário PCT - Quilombolas,V03616,3616,Pessoas,Quilombolas,"Pessoa responsável pelo domicílio, 12 a 14 anos, Pessoa quilombola"
Dicionário PCT - Quilombolas,V03617,3617,Pessoas,Quilombolas,"Pessoa responsável pelo domicílio, 15 a 29 anos, Pessoa quilombola"
Dicionário PCT - Quilombolas,V03618,3618,Pessoas,Quilombolas,"Pessoa responsável pelo domicílio, 30 a 59 anos, Pessoa quilombola"
Dicionário PCT - Quilombolas,V03619,3619,Pessoas,Quilombolas,"Pessoa responsável pelo domicílio, 60 anos ou mais, Pessoa quilombola"
Dicionário PCT - Quilombolas,V03620,3620,Pessoas,Quilombolas,"Pessoa responsável pelo domicílio, Sexo masculino, 12 a 14 anos, Pessoa quilombola"
Dicionário PCT - Quilombolas,V03621,3621,Pessoas,Quilombolas,"Pessoa responsável pelo domicílio, Sexo masculino, 15 a 29 anos, Pessoa quilombola"
Dicionário PCT - Quilombolas,V03622,3622,Pessoas,Quilombolas,"Pessoa responsável pelo domicílio, Sexo masculino, 30 a 59 anos, Pessoa quilombola"
Dicionário PCT - Quilombolas,V03623,3623,Pessoas,Quilombolas,"Pessoa responsável pelo domicílio, Sexo masculino, 60 anos ou mais, Pessoa quilombola"
Dicionário PCT - Quilombolas,V03624,3624,Pessoas,Quilombolas,"Pessoa responsável pelo domicílio, Sexo feminino, 12 a 14 anos, Pessoa quilombola"
Dicionário PCT - Quilombolas,V03625,3625,Pessoas,Quilombolas,"Pessoa responsável pelo domicílio, Sexo feminino, 15 a 29 anos, Pessoa quilombola"
Dicionário PCT - Quilombolas,V03626,3626,Pessoas,Quilombolas,"Pessoa responsável pelo domicílio, Sexo feminino, 30 a 59 anos, Pessoa quilombola"
Dicionário PCT - Quilombolas,V03627,3627,Pessoas,Quilombolas,"Pessoa responsável pelo domicílio, Sexo feminino, 60 anos ou mais, Pessoa quilombola"
Dicionário PCT - Quilombolas,V03628,3628,Pessoas,Quilombolas,"Pessoa responsável pelo domicílio, 12 a 17 anos, Pessoa quilombola"
Dicionário PCT - Quilombolas,V03629,3629,Pessoas,Quilombolas,"Pessoa responsável pelo domicílio, 18 a 24 anos, Pessoa quilombola"
Dicionário PCT - Quilombolas,V03630,3630,Pessoas,Quilombolas,"Pessoa responsável pelo domicílio, 25 a 39 anos, Pessoa quilombola"
Dicionário PCT - Quilombolas,V03631,3631,Pessoas,Quilombolas,"Pessoa responsável pelo domicílio, 40 a 59 anos, Pessoa quilombola"
Dicionário PCT - Quilombolas,V03632,3632,Pessoas,Quilombolas,"Pessoa responsável pelo domicílio, 60 anos ou mais, Pessoa quilombola"
Dicionário PCT - Quilombolas,V03633,3633,Pessoas,Quilombolas,"Pessoa responsável pelo domicílio, Sexo masculino, 12 a 17 anos, Pessoa quilombola"
Dicionário PCT - Quilombolas,V03634,3634,Pessoas,Quilombolas,"Pessoa responsável pelo domicílio, Sexo masculino, 18 a 24 anos, Pessoa quilombola"
Dicionário PCT - Quilombolas,V03635,3635,Pessoas,Quilombolas,"Pessoa responsável pelo domicílio, Sexo masculino, 25 a 39 anos, Pessoa quilombola"
Dicionário PCT - Quilombolas,V03636,3636,Pessoas,Quilombolas,"Pessoa responsável pelo domicílio, Sexo masculino, 40 a 59 anos, Pessoa quilombola"
Dicionário PCT - Quilombolas,V03637,3637,Pessoas,Quilombolas,"Pessoa responsável pelo domicílio, Sexo masculino, 60 anos ou mais, Pessoa quilombola"
Dicionário PCT - Quilombolas,V03638,3638,Pessoas,Quilombolas,"Pessoa responsável pelo domicílio, Sexo feminino, 12 a 17 anos, Pessoa quilombola"
Dicionário PCT - Quilombolas,V03639,3639,Pessoas,Quilombolas,"Pessoa responsável pelo domicílio, Sexo feminino, 18 a 24 anos, Pessoa quilombola"
Dicionário PCT - Quilombolas,V03640,3640,Pessoas,Quilombolas,"Pessoa responsável pelo domicílio, Sexo feminino, 25 a 39 anos, Pessoa quilombola"
Dicionário PCT - Quilombolas,V03641,3641,Pessoas,Quilombolas,"Pessoa responsável pelo domicílio, Sexo feminino, 40 a 59 anos, Pessoa quilombola"
Dicionário PCT - Quilombolas,V03642,3642,Pessoas,Quilombolas,"Pessoa responsável pelo domicílio, Sexo feminino, 60 anos ou mais, Pessoa quilombola"
Dicionário PCT - Quilombolas,V03643,3643,Pessoas,Quilombolas,"Pessoas alfabetizadas, 15 anos ou mais, Pessoa quilombola"
Dicionário PCT - Quilombolas,V03644,3644,Pessoas,Quilombolas,"Pessoas alfabetizadas, Sexo masculino, 15 anos ou mais, Pessoa quilombola"
Dicionário PCT - Quilombolas,V03645,3645,Pessoas,Quilombolas,"Pessoas alfabetizadas, Sexo feminino, 15 anos ou mais, Pessoa quilombola"
Dicionário PCT - Quilombolas,V03646,3646,Pessoas,Quilombolas,"Pessoas alfabetizadas, 15 a 19 anos, Pessoa quilombola"
Dicionário PCT - Quilombolas,V03647,3647,Pessoas,Quilombolas,"Pessoas alfabetizadas, 20 a 24 anos, Pessoa quilombola"
Dicionário PCT - Quilombolas,V03648,3648,Pessoas,Quilombolas,"Pessoas alfabetizadas, 25 a 29 anos, Pessoa quilombola"
Dicionário PCT - Quilombolas,V03649,3649,Pessoas,Quilombolas,"Pessoas alfabetizadas, 30 a 34 anos, Pessoa quilombola"
Dicionário PCT - Quilombolas,V03650,3650,Pessoas,Quilombolas,"Pessoas alfabetizadas, 35 a 39 anos, Pessoa quilombola"
Dicionário PCT - Quilombolas,V03651,3651,Pessoas,Quilombolas,"Pessoas alfabetizadas, 40 a 44 anos, Pessoa quilombola"
Dicionário PCT - Quilombolas,V03652,3652,Pessoas,Quilombolas,"Pessoas alfabetizadas, 45 a 49 anos, Pessoa quilombola"
Dicionário PCT - Quilombolas,V03653,3653,Pessoas,Quilombolas,"Pessoas alfabetizadas, 50 a 54 anos, Pessoa quilombola"
Dicionário PCT - Quilombolas,V03654,3654,Pessoas,Quilombolas,"Pessoas alfabetizadas, 55 a 59 anos, Pessoa quilombola"
Dicionário PCT - Quilombolas,V03655,3655,Pessoas,Quilombolas,"Pessoas alfabetizadas, 60 a 64 anos, Pessoa quilombola"
Dicionário PCT - Quilombolas,V03656,3656,Pessoas,Quilombolas,"Pessoas alfabetizadas, 65 a 69 anos, Pessoa quilombola"
Dicionário PCT - Quilombolas,V03657,3657,Pessoas,Quilombolas,"Pessoas alfabetizadas, 70 a 79 anos, Pessoa quilombola"
Dicionário PCT - Quilombolas,V03658,3658,Pessoas,Quilombolas,"Pessoas alfabetizadas, 80 anos ou mais, Pessoa quilombola"
Dicionário PCT - Quilombolas,V03659,3659,Pessoas,Quilombolas,"Pessoas alfabetizadas, Sexo masculino, 15 a 19 anos, Pessoa quilombola"
Dicionário PCT - Quilombolas,V03660,3660,Pessoas,Quilombolas,"Pessoas alfabetizadas, Sexo masculino, 20 a 24 anos, Pessoa quilombola"
Dicionário PCT - Quilombolas,V03661,3661,Pessoas,Quilombolas,"Pessoas alfabetizadas, Sexo masculino, 25 a 29 anos, Pessoa quilombola"
Dicionário PCT - Quilombolas,V03662,3662,Pessoas,Quilombolas,"Pessoas alfabetizadas, Sexo masculino, 30 a 34 anos, Pessoa quilombola"
Dicionário PCT - Quilombolas,V03663,3663,Pessoas,Quilombolas,"Pessoas alfabetizadas, Sexo masculino, 35 a 39 anos, Pessoa quilombola"
Dicionário PCT - Quilombolas,V03664,3664,Pessoas,Quilombolas,"Pessoas alfabetizadas, Sexo masculino, 40 a 44 anos, Pessoa quilombola"
Dicionário PCT - Quilombolas,V03665,3665,Pessoas,Quilombolas,"Pessoas alfabetizadas, Sexo masculino, 45 a 49 anos, Pessoa quilombola"
Dicionário PCT - Quilombolas,V03666,3666,Pessoas,Quilombolas,"Pessoas alfabetizadas, Sexo masculino, 50 a 54 anos, Pessoa quilombola"
Dicionário PCT - Quilombolas,V03667,3667,Pessoas,Quilombolas,"Pessoas alfabetizadas, Sexo masculino, 55 a 59 anos, Pessoa quilombola"
Dicionário PCT - Quilombolas,V03668,3668,Pessoas,Quilombolas,"Pessoas alfabetizadas, Sexo masculino, 60 a 64 anos, Pessoa quilombola"
Dicionário PCT - Quilombolas,V03669,3669,Pessoas,Quilombolas,"Pessoas alfabetizadas, Sexo masculino, 65 a 69 anos, Pessoa quilombola"
Dicionário PCT - Quilombolas,V03670,3670,Pessoas,Quilombolas,"Pessoas alfabetizadas, Sexo masculino, 70 a 79 anos, Pessoa quilombola"
Dicionário PCT - Quilombolas,V03671,3671,Pessoas,Quilombolas,"Pessoas alfabetizadas, Sexo masculino, 80 anos ou mais, Pessoa quilombola"
Dicionário PCT - Quilombolas,V03672,3672,Pessoas,Quilombolas,"Pessoas alfabetizadas, Sexo feminino, 15 a 19 anos, Pessoa quilombola"
Dicionário PCT - Quilombolas,V03673,3673,Pessoas,Quilombolas,"Pessoas alfabetizadas, Sexo feminino, 20 a 24 anos, Pessoa quilombola"
Dicionário PCT - Quilombolas,V03674,3674,Pessoas,Quilombolas,"Pessoas alfabetizadas, Sexo feminino, 25 a 29 anos, Pessoa quilombola"
Dicionário PCT - Quilombolas,V03675,3675,Pessoas,Quilombolas,"Pessoas alfabetizadas, Sexo feminino, 30 a 34 anos, Pessoa quilombola"
Dicionário PCT - Quilombolas,V03676,3676,Pessoas,Quilombolas,"Pessoas alfabetizadas, Sexo feminino, 35 a 39 anos, Pessoa quilombola"
Dicionário PCT - Quilombolas,V03677,3677,Pessoas,Quilombolas,"Pessoas alfabetizadas, Sexo feminino, 40 a 44 anos, Pessoa quilombola"
Dicionário PCT - Quilombolas,V03678,3678,Pessoas,Quilombolas,"Pessoas alfabetizadas, Sexo feminino, 45 a 49 anos, Pessoa quilombola"
Dicionário PCT - Quilombolas,V03679,3679,Pessoas,Quilombolas,"Pessoas alfabetizadas, Sexo feminino, 50 a 54 anos, Pessoa quilombola"
Dicionário PCT - Quilombolas,V03680,3680,Pessoas,Quilombolas,"Pessoas alfabetizadas, Sexo feminino, 55 a 59 anos, Pessoa quilombola"
Dicionário PCT - Quilombolas,V03681,3681,Pessoas,Quilombolas,"Pessoas alfabetizadas, Sexo feminino, 60 a 64 anos, Pessoa quilombola"
Dicionário PCT - Quilombolas,V03682,3682,Pessoas,Quilombolas,"Pessoas alfabetizadas, Sexo feminino, 65 a 69 anos, Pessoa quilombola"
Dicionário PCT - Quilombolas,V03683,3683,Pessoas,Quilombolas,"Pessoas alfabetizadas, Sexo feminino, 70 a 79 anos, Pessoa quilombola"
Dicionário PCT - Quilombolas,V03684,3684,Pessoas,Quilombolas,"Pessoas alfabetizadas, Sexo feminino, 80 anos ou mais, Pessoa quilombola"
Dicionário PCT - Quilombolas,V03685,3685,Pessoas,Quilombolas,"Pessoas alfabetizadas, 15 a 29 anos, Pessoa quilombola"
Dicionário PCT - Quilombolas,V03686,3686,Pessoas,Quilombolas,"Pessoas alfabetizadas, 30 a 59 anos, Pessoa quilombola"
Dicionário PCT - Quilombolas,V03687,3687,Pessoas,Quilombolas,"Pessoas alfabetizadas, 60 anos ou mais, Pessoa quilombola"
Dicionário PCT - Quilombolas,V03688,3688,Pessoas,Quilombolas,"Pessoas alfabetizadas, Sexo masculino, 15 a 29 anos, Pessoa quilombola"
Dicionário PCT - Quilombolas,V03689,3689,Pessoas,Quilombolas,"Pessoas alfabetizadas, Sexo masculino, 30 a 59 anos, Pessoa quilombola"
Dicionário PCT - Quilombolas,V03690,3690,Pessoas,Quilombolas,"Pessoas alfabetizadas, Sexo masculino, 60 anos ou mais, Pessoa quilombola"
Dicionário PCT - Quilombolas,V03691,3691,Pessoas,Quilombolas,"Pessoas alfabetizadas, Sexo feminino, 15 a 29 anos, Pessoa quilombola"
Dicionário PCT - Quilombolas,V03692,3692,Pessoas,Quilombolas,"Pessoas alfabetizadas, Sexo feminino, 30 a 59 anos, Pessoa quilombola"
Dicionário PCT - Quilombolas,V03693,3693,Pessoas,Quilombolas,"Pessoas alfabetizadas, Sexo feminino, 60 anos ou mais, Pessoa quilombola"
Dicionário PCT - Quilombolas,V03694,3694,Pessoas,Quilombolas,"Pessoa responsável pelo domicílio, Pessoas alfabetizadas, 15 anos ou mais, Pessoa quilombola"
Dicionário PCT - Quilombolas,V03695,3695,Pessoas,Quilombolas,"Pessoa responsável pelo domicílio, Pessoas alfabetizadas, Sexo do morador responsável é masculino, 15 anos ou mais, Pessoa quilombola"
Dicionário PCT - Quilombolas,V03696,3696,Pessoas,Quilombolas,"Pessoa responsável pelo domicílio, Pessoas alfabetizadas, Sexo do morador responsável é feminino, 15 anos ou mais, Pessoa quilombola"
Dicionário PCT - Quilombolas,V03697,3697,Pessoas,Quilombolas,"Pessoa responsável pelo domicílio, Pessoas alfabetizadas, 15 a 29 anos, 15 anos ou mais, Pessoa quilombola"
Dicionário PCT - Quilombolas,V03698,3698,Pessoas,Quilombolas,"Pessoa responsável pelo domicílio, Pessoas alfabetizadas, 30 a 59 anos, 15 anos ou mais, Pessoa quilombola"
Dicionário PCT - Quilombolas,V03699,3699,Pessoas,Quilombolas,"Pessoa responsável pelo domicílio, Pessoas alfabetizadas, 60 anos ou mais, 15 anos ou mais, Pessoa quilombola"
Dicionário PCT - Quilombolas,V03700,3700,Pessoas,Quilombolas,"Pessoa responsável pelo domicílio, Pessoas alfabetizadas, Sexo masculino, 15 a 29 anos, Pessoa quilombola"
Dicionário PCT - Quilombolas,V03701,3701,Pessoas,Quilombolas,"Pessoa responsável pelo domicílio, Pessoas alfabetizadas, Sexo masculino, 30 a 59 anos, Pessoa quilombola"
Dicionário PCT - Quilombolas,V03702,3702,Pessoas,Quilombolas,"Pessoa responsável pelo domicílio, Pessoas alfabetizadas, Sexo masculino, 60 anos ou mais, Pessoa quilombola"
Dicionário PCT - Quilombolas,V03703,3703,Pessoas,Quilombolas,"Pessoa responsável pelo domicílio, Pessoas alfabetizadas, Sexo feminino, 15 a 29 anos, Pessoa quilombola"
Dicionário PCT - Quilombolas,V03704,3704,Pessoas,Quilombolas,"Pessoa responsável pelo domicílio, Pessoas alfabetizadas, Sexo feminino, 30 a 59 anos, Pessoa quilombola"
Dicionário PCT - Quilombolas,V03705,3705,Pessoas,Quilombolas,"Pessoa responsável pelo domicílio, Pessoas alfabetizadas, Sexo feminino, 60 anos ou mais, Pessoa quilombola"
Dicionário PCT - Quilombolas,V03706,3706,Pessoas,Quilombolas,"0 a 5 anos, Pessoa quilombola, Morador tem registro de nascimento"
Dicionário PCT - Quilombolas,V03707,3707,Pessoas,Quilombolas,"0 a 5 anos, Pessoa quilombola, Morador não tem registro de nascimento"
Dicionário PCT - Quilombolas,V03708,3708,Pessoas,Quilombolas,"0 a 5 anos, Pessoa quilombola, Morador não sabe se tem registro de nascimento"
Dicionário PCT - Quilombolas,V03709,3709,Pessoas,Quilombolas,"Sexo masculino, 0 a 5 anos, Pessoa quilombola, Morador tem registro de nascimento"
Dicionário PCT - Quilombolas,V03710,3710,Pessoas,Quilombolas,"Sexo masculino, 0 a 5 anos, Pessoa quilombola, Morador não tem registro de nascimento"
Dicionário PCT - Quilombolas,V03711,3711,Pessoas,Quilombolas,"Sexo masculino, 0 a 5 anos, Pessoa quilombola, Morador não sabe se tem registro de nascimento"
Dicionário PCT - Quilombolas,V03712,3712,Pessoas,Quilombolas,"Sexo feminino, 0 a 5 anos, Pessoa quilombola, Morador tem registro de nascimento"
Dicionário PCT - Quilombolas,V03713,3713,Pessoas,Quilombolas,"Sexo feminino, 0 a 5 anos, Pessoa quilombola, Morador não tem registro de nascimento"
Dicionário PCT - Quilombolas,V03714,3714,Pessoas,Quilombolas,"Sexo feminino, 0 a 5 anos, Pessoa quilombola, Morador não sabe se tem registro de nascimento"
Dicionário PCT - Quilombolas,V03715,3715,Pessoas,Quilombolas,"Menos de 1 ano, Pessoa quilombola, Morador tem registro de nascimento"
Dicionário PCT - Quilombolas,V03716,3716,Pessoas,Quilombolas,"Menos de 1 ano, Pessoa quilombola, Morador não tem registro de nascimento"
Dicionário PCT - Quilombolas,V03717,3717,Pessoas,Quilombolas,"Menos de 1 ano, Pessoa quilombola, Morador não sabe se tem registro de nascimento"
Dicionário PCT - Quilombolas,V03718,3718,Pessoas,Quilombolas,"1 ano, Pessoa quilombola, Morador tem registro de nascimento"
Dicionário PCT - Quilombolas,V03719,3719,Pessoas,Quilombolas,"1 ano, Pessoa quilombola, Morador não tem registro de nascimento"
Dicionário PCT - Quilombolas,V03720,3720,Pessoas,Quilombolas,"1 ano, Pessoa quilombola, Morador não sabe se tem registro de nascimento"
Dicionário PCT - Quilombolas,V03721,3721,Pessoas,Quilombolas,"2 anos, Pessoa quilombola, Morador tem registro de nascimento"
Dicionário PCT - Quilombolas,V03722,3722,Pessoas,Quilombolas,"2 anos, Pessoa quilombola, Morador não tem registro de nascimento"
Dicionário PCT - Quilombolas,V03723,3723,Pessoas,Quilombolas,"2 anos, Pessoa quilombola, Morador não sabe se tem registro de nascimento"
Dicionário PCT - Quilombolas,V03724,3724,Pessoas,Quilombolas,"3 anos, Pessoa quilombola, Morador tem registro de nascimento"
Dicionário PCT - Quilombolas,V03725,3725,Pessoas,Quilombolas,"3 anos, Pessoa quilombola, Morador não tem registro de nascimento"
Dicionário PCT - Quilombolas,V03726,3726,Pessoas,Quilombolas,"3 anos, Pessoa quilombola, Morador não sabe se tem registro de nascimento"
Dicionário PCT - Quilombolas,V03727,3727,Pessoas,Quilombolas,"4 anos, Pessoa quilombola, Morador tem registro de nascimento"
Dicionário PCT - Quilombolas,V03728,3728,Pessoas,Quilombolas,"4 anos, Pessoa quilombola, Morador não tem registro de nascimento"
Dicionário PCT - Quilombolas,V03729,3729,Pessoas,Quilombolas,"4 anos, Pessoa quilombola, Morador não sabe se tem registro de nascimento"
Dicionário PCT - Quilombolas,V03730,3730,Pessoas,Quilombolas,"5 anos, Pessoa quilombola, Morador tem registro de nascimento"
Dicionário PCT - Quilombolas,V03731,3731,Pessoas,Quilombolas,"5 anos, Pessoa quilombola, Morador não tem registro de nascimento"
Dicionário PCT - Quilombolas,V03732,3732,Pessoas,Quilombolas,"5 anos, Pessoa quilombola, Morador não sabe se tem registro de nascimento"
Dicionário PCT - Quilombolas,V03733,3733,Pessoas,Quilombolas,"Sexo masculino, Menos de 1 ano, Pessoa quilombola, Morador tem registro de nascimento"
Dicionário PCT - Quilombolas,V03734,3734,Pessoas,Quilombolas,"Sexo masculino, Menos de 1 ano, Pessoa quilombola, Morador não tem registro de nascimento"
Dicionário PCT - Quilombolas,V03735,3735,Pessoas,Quilombolas,"Sexo masculino, Menos de 1 ano, Pessoa quilombola, Morador não sabe se tem registro de nascimento"
Dicionário PCT - Quilombolas,V03736,3736,Pessoas,Quilombolas,"Sexo masculino, 1 ano, Pessoa quilombola, Morador tem registro de nascimento"
Dicionário PCT - Quilombolas,V03737,3737,Pessoas,Quilombolas,"Sexo masculino, 1 ano, Pessoa quilombola, Morador não tem registro de nascimento"
Dicionário PCT - Quilombolas,V03738,3738,Pessoas,Quilombolas,"Sexo masculino, 1 ano, Pessoa quilombola, Morador não sabe se tem registro de nascimento"
Dicionário PCT - Quilombolas,V03739,3739,Pessoas,Quilombolas,"Sexo masculino, 2 anos, Pessoa quilombola, Morador tem registro de nascimento"
Dicionário PCT - Quilombolas,V03740,3740,Pessoas,Quilombolas,"Sexo masculino, 2 anos, Pessoa quilombola, Morador não tem registro de nascimento"
Dicionário PCT - Quilombolas,V03741,3741,Pessoas,Quilombolas,"Sexo masculino, 2 anos, Pessoa quilombola, Morador não sabe se tem registro de nascimento"
Dicionário PCT - Quilombolas,V03742,3742,Pessoas,Quilombolas,"Sexo masculino, 3 anos, Pessoa quilombola, Morador tem registro de nascimento"
Dicionário PCT - Quilombolas,V03743,3743,Pessoas,Quilombolas,"Sexo masculino, 3 anos, Pessoa quilombola, Morador não tem registro de nascimento"
Dicionário PCT - Quilombolas,V03744,3744,Pessoas,Quilombolas,"Sexo masculino, 3 anos, Pessoa quilombola, Morador não sabe se tem registro de nascimento"
Dicionário PCT - Quilombolas,V03745,3745,Pessoas,Quilombolas,"Sexo masculino, 4 anos, Pessoa quilombola, Morador tem registro de nascimento"
Dicionário PCT - Quilombolas,V03746,3746,Pessoas,Quilombolas,"Sexo masculino, 4 anos, Pessoa quilombola, Morador não tem registro de nascimento"
Dicionário PCT - Quilombolas,V03747,3747,Pessoas,Quilombolas,"Sexo masculino, 4 anos, Pessoa quilombola, Morador não sabe se tem registro de nascimento"
Dicionário PCT - Quilombolas,V03748,3748,Pessoas,Quilombolas,"Sexo masculino, 5 anos, Pessoa quilombola, Morador tem registro de nascimento"
Dicionário PCT - Quilombolas,V03749,3749,Pessoas,Quilombolas,"Sexo masculino, 5 anos, Pessoa quilombola, Morador não tem registro de nascimento"
Dicionário PCT - Quilombolas,V03750,3750,Pessoas,Quilombolas,"Sexo masculino, 5 anos, Pessoa quilombola, Morador não sabe se tem registro de nascimento"
Dicionário PCT - Quilombolas,V03751,3751,Pessoas,Quilombolas,"Sexo feminino, Menos de 1 ano, Pessoa quilombola, Morador tem registro de nascimento"
Dicionário PCT - Quilombolas,V03752,3752,Pessoas,Quilombolas,"Sexo feminino, Menos de 1 ano, Pessoa quilombola, Morador não tem registro de nascimento"
Dicionário PCT - Quilombolas,V03753,3753,Pessoas,Quilombolas,"Sexo feminino, Menos de 1 ano, Pessoa quilombola, Morador não sabe se tem registro de nascimento"
Dicionário PCT - Quilombolas,V03754,3754,Pessoas,Quilombolas,"Sexo feminino, 1 ano, Pessoa quilombola, Morador tem registro de nascimento"
Dicionário PCT - Quilombolas,V03755,3755,Pessoas,Quilombolas,"Sexo feminino, 1 ano, Pessoa quilombola, Morador não tem registro de nascimento"
Dicionário PCT - Quilombolas,V03756,3756,Pessoas,Quilombolas,"Sexo feminino, 1 ano, Pessoa quilombola, Morador não sabe se tem registro de nascimento"
Dicionário PCT - Quilombolas,V03757,3757,Pessoas,Quilombolas,"Sexo feminino, 2 anos, Pessoa quilombola, Morador tem registro de nascimento"
Dicionário PCT - Quilombolas,V03758,3758,Pessoas,Quilombolas,"Sexo feminino, 2 anos, Pessoa quilombola, Morador não tem registro de nascimento"
Dicionário PCT - Quilombolas,V03759,3759,Pessoas,Quilombolas,"Sexo feminino, 2 anos, Pessoa quilombola, Morador não sabe se tem registro de nascimento"
Dicionário PCT - Quilombolas,V03760,3760,Pessoas,Quilombolas,"Sexo feminino, 3 anos, Pessoa quilombola, Morador tem registro de nascimento"
Dicionário PCT - Quilombolas,V03761,3761,Pessoas,Quilombolas,"Sexo feminino, 3 anos, Pessoa quilombola, Morador não tem registro de nascimento"
Dicionário PCT - Quilombolas,V03762,3762,Pessoas,Quilombolas,"Sexo feminino, 3 anos, Pessoa quilombola, Morador não sabe se tem registro de nascimento"
Dicionário PCT - Quilombolas,V03763,3763,Pessoas,Quilombolas,"Sexo feminino, 4 anos, Pessoa quilombola, Morador tem registro de nascimento"
Dicionário PCT - Quilombolas,V03764,3764,Pessoas,Quilombolas,"Sexo feminino, 4 anos, Pessoa quilombola, Morador não tem registro de nascimento"
Dicionário PCT - Quilombolas,V03765,3765,Pessoas,Quilombolas,"Sexo feminino, 4 anos, Pessoa quilombola, Morador não sabe se tem registro de nascimento"
Dicionário PCT - Quilombolas,V03766,3766,Pessoas,Quilombolas,"Sexo feminino, 5 anos, Pessoa quilombola, Morador tem registro de nascimento"
Dicionário PCT - Quilombolas,V03767,3767,Pessoas,Quilombolas,"Sexo feminino, 5 anos, Pessoa quilombola, Morador não tem registro de nascimento"
Dicionário PCT - Quilombolas,V03768,3768,Pessoas,Quilombolas,"Sexo feminino, 5 anos, Pessoa quilombola, Morador não sabe se tem registro de nascimento"
Dicionário PCT - Quilombolas,V03769,3769,Pessoas,Quilombolas,"Domicílio com pelo menos um morador quilombola, Existe pessoa falecida, no período de janeiro de 2019 a julho de 2022, que morava no domicílio"
Dicionário PCT - Quilombolas,V03770,3770,Pessoas,Quilombolas,"Domicílio com pelo menos um morador quilombola, Não existe pessoa falecida, no período de janeiro de 2019 a julho de 2022, que morava no domicílio"
Dicionário PCT - Quilombolas,V03771,3771,Pessoas,Quilombolas,"Domicílio com pelo menos um morador quilombola, Mês e ano de falecimento entre janeiro de 2019 a dezembro de 2019, Idade ao falecer é 0 a 4 anos"
Dicionário PCT - Quilombolas,V03772,3772,Pessoas,Quilombolas,"Domicílio com pelo menos um morador quilombola, Mês e ano de falecimento entre janeiro de 2019 a dezembro de 2019, Idade ao falecer é 5 a 9 anos"
Dicionário PCT - Quilombolas,V03773,3773,Pessoas,Quilombolas,"Domicílio com pelo menos um morador quilombola, Mês e ano de falecimento entre janeiro de 2019 a dezembro de 2019, Idade ao falecer é 10 a 14 anos"
Dicionário PCT - Quilombolas,V03774,3774,Pessoas,Quilombolas,"Domicílio com pelo menos um morador quilombola, Mês e ano de falecimento entre janeiro de 2019 a dezembro de 2019, Idade ao falecer é 15 a 19 anos"
Dicionário PCT - Quilombolas,V03775,3775,Pessoas,Quilombolas,"Domicílio com pelo menos um morador quilombola, Mês e ano de falecimento entre janeiro de 2019 a dezembro de 2019, Idade ao falecer é 20 a 24 anos"
Dicionário PCT - Quilombolas,V03776,3776,Pessoas,Quilombolas,"Domicílio com pelo menos um morador quilombola, Mês e ano de falecimento entre janeiro de 2019 a dezembro de 2019, Idade ao falecer é 25 a 29 anos"
Dicionário PCT - Quilombolas,V03777,3777,Pessoas,Quilombolas,"Domicílio com pelo menos um morador quilombola, Mês e ano de falecimento entre janeiro de 2019 a dezembro de 2019, Idade ao falecer é 30 a 39 anos"
Dicionário PCT - Quilombolas,V03778,3778,Pessoas,Quilombolas,"Domicílio com pelo menos um morador quilombola, Mês e ano de falecimento entre janeiro de 2019 a dezembro de 2019, Idade ao falecer é 40 a 49 anos"
Dicionário PCT - Quilombolas,V03779,3779,Pessoas,Quilombolas,"Domicílio com pelo menos um morador quilombola, Mês e ano de falecimento entre janeiro de 2019 a dezembro de 2019, Idade ao falecer é 50 a 59 anos"
Dicionário PCT - Quilombolas,V03780,3780,Pessoas,Quilombolas,"Domicílio com pelo menos um morador quilombola, Mês e ano de falecimento entre janeiro de 2019 a dezembro de 2019, Idade ao falecer é 60 a 69 anos"
Dicionário PCT - Quilombolas,V03781,3781,Pessoas,Quilombolas,"Domicílio com pelo menos um morador quilombola, Mês e ano de falecimento entre janeiro de 2019 a dezembro de 2019, Idade ao falecer é 70 anos ou mais"
Dicionário PCT - Quilombolas,V03782,3782,Pessoas,Quilombolas,"Domicílio com pelo menos um morador quilombola, Mês e ano de falecimento entre janeiro de 2020 a dezembro de 2020, Idade ao falecer é 0 a 4 anos"
Dicionário PCT - Quilombolas,V03783,3783,Pessoas,Quilombolas,"Domicílio com pelo menos um morador quilombola, Mês e ano de falecimento entre janeiro de 2020 a dezembro de 2020, Idade ao falecer é 5 a 9 anos"
Dicionário PCT - Quilombolas,V03784,3784,Pessoas,Quilombolas,"Domicílio com pelo menos um morador quilombola, Mês e ano de falecimento entre janeiro de 2020 a dezembro de 2020, Idade ao falecer é 10 a 14 anos"
Dicionário PCT - Quilombolas,V03785,3785,Pessoas,Quilombolas,"Domicílio com pelo menos um morador quilombola, Mês e ano de falecimento entre janeiro de 2020 a dezembro de 2020, Idade ao falecer é 15 a 19 anos"
Dicionário PCT - Quilombolas,V03786,3786,Pessoas,Quilombolas,"Domicílio com pelo menos um morador quilombola, Mês e ano de falecimento entre janeiro de 2020 a dezembro de 2020, Idade ao falecer é 20 a 24 anos"
Dicionário PCT - Quilombolas,V03787,3787,Pessoas,Quilombolas,"Domicílio com pelo menos um morador quilombola, Mês e ano de falecimento entre janeiro de 2020 a dezembro de 2020, Idade ao falecer é 25 a 29 anos"
Dicionário PCT - Quilombolas,V03788,3788,Pessoas,Quilombolas,"Domicílio com pelo menos um morador quilombola, Mês e ano de falecimento entre janeiro de 2020 a dezembro de 2020, Idade ao falecer é 30 a 39 anos"
Dicionário PCT - Quilombolas,V03789,3789,Pessoas,Quilombolas,"Domicílio com pelo menos um morador quilombola, Mês e ano de falecimento entre janeiro de 2020 a dezembro de 2020, Idade ao falecer é 40 a 49 anos"
Dicionário PCT - Quilombolas,V03790,3790,Pessoas,Quilombolas,"Domicílio com pelo menos um morador quilombola, Mês e ano de falecimento entre janeiro de 2020 a dezembro de 2020, Idade ao falecer é 50 a 59 anos"
Dicionário PCT - Quilombolas,V03791,3791,Pessoas,Quilombolas,"Domicílio com pelo menos um morador quilombola, Mês e ano de falecimento entre janeiro de 2020 a dezembro de 2020, Idade ao falecer é 60 a 69 anos"
Dicionário PCT - Quilombolas,V03792,3792,Pessoas,Quilombolas,"Domicílio com pelo menos um morador quilombola, Mês e ano de falecimento entre janeiro de 2020 a dezembro de 2020, Idade ao falecer é 70 anos ou mais"
Dicionário PCT - Quilombolas,V03793,3793,Pessoas,Quilombolas,"Domicílio com pelo menos um morador quilombola, Mês e ano de falecimento entre janeiro de 2021 a dezembro de 2021, Idade ao falecer é 0 a 4 anos"
Dicionário PCT - Quilombolas,V03794,3794,Pessoas,Quilombolas,"Domicílio com pelo menos um morador quilombola, Mês e ano de falecimento entre janeiro de 2021 a dezembro de 2021, Idade ao falecer é 5 a 9 anos"
Dicionário PCT - Quilombolas,V03795,3795,Pessoas,Quilombolas,"Domicílio com pelo menos um morador quilombola, Mês e ano de falecimento entre janeiro de 2021 a dezembro de 2021, Idade ao falecer é 10 a 14 anos"
Dicionário PCT - Quilombolas,V03796,3796,Pessoas,Quilombolas,"Domicílio com pelo menos um morador quilombola, Mês e ano de falecimento entre janeiro de 2021 a dezembro de 2021, Idade ao falecer é 15 a 19 anos"
Dicionário PCT - Quilombolas,V03797,3797,Pessoas,Quilombolas,"Domicílio com pelo menos um morador quilombola, Mês e ano de falecimento entre janeiro de 2021 a dezembro de 2021, Idade ao falecer é 20 a 24 anos"
Dicionário PCT - Quilombolas,V03798,3798,Pessoas,Quilombolas,"Domicílio com pelo menos um morador quilombola, Mês e ano de falecimento entre janeiro de 2021 a dezembro de 2021, Idade ao falecer é 25 a 29 anos"
Dicionário PCT - Quilombolas,V03799,3799,Pessoas,Quilombolas,"Domicílio com pelo menos um morador quilombola, Mês e ano de falecimento entre janeiro de 2021 a dezembro de 2021, Idade ao falecer é 30 a 39 anos"
Dicionário PCT - Quilombolas,V03800,3800,Pessoas,Quilombolas,"Domicílio com pelo menos um morador quilombola, Mês e ano de falecimento entre janeiro de 2021 a dezembro de 2021, Idade ao falecer é 40 a 49 anos"
Dicionário PCT - Quilombolas,V03801,3801,Pessoas,Quilombolas,"Domicílio com pelo menos um morador quilombola, Mês e ano de falecimento entre janeiro de 2021 a dezembro de 2021, Idade ao falecer é 50 a 59 anos"
Dicionário PCT - Quilombolas,V03802,3802,Pessoas,Quilombolas,"Domicílio com pelo menos um morador quilombola, Mês e ano de falecimento entre janeiro de 2021 a dezembro de 2021, Idade ao falecer é 60 a 69 anos"
Dicionário PCT - Quilombolas,V03803,3803,Pessoas,Quilombolas,"Domicílio com pelo menos um morador quilombola, Mês e ano de falecimento entre janeiro de 2021 a dezembro de 2021, Idade ao falecer é 70 anos ou mais"
Dicionário PCT - Quilombolas,V03804,3804,Pessoas,Quilombolas,"Domicílio com pelo menos um morador quilombola, Mês e ano de falecimento entre janeiro de 2022 a julho de 2022, Idade ao falecer é 0 a 4 anos"
Dicionário PCT - Quilombolas,V03805,3805,Pessoas,Quilombolas,"Domicílio com pelo menos um morador quilombola, Mês e ano de falecimento entre janeiro de 2022 a julho de 2022, Idade ao falecer é 5 a 9 anos"
Dicionário PCT - Quilombolas,V03806,3806,Pessoas,Quilombolas,"Domicílio com pelo menos um morador quilombola, Mês e ano de falecimento entre janeiro de 2022 a julho de 2022, Idade ao falecer é 10 a 14 anos"
Dicionário PCT - Quilombolas,V03807,3807,Pessoas,Quilombolas,"Domicílio com pelo menos um morador quilombola, Mês e ano de falecimento entre janeiro de 2022 a julho de 2022, Idade ao falecer é 15 a 19 anos"
Dicionário PCT - Quilombolas,V03808,3808,Pessoas,Quilombolas,"Domicílio com pelo menos um morador quilombola, Mês e ano de falecimento entre janeiro de 2022 a julho de 2022, Idade ao falecer é 20 a 24 anos"
Dicionário PCT - Quilombolas,V03809,3809,Pessoas,Quilombolas,"Domicílio com pelo menos um morador quilombola, Mês e ano de falecimento entre janeiro de 2022 a julho de 2022, Idade ao falecer é 25 a 29 anos"
Dicionário PCT - Quilombolas,V03810,3810,Pessoas,Quilombolas,"Domicílio com pelo menos um morador quilombola, Mês e ano de falecimento entre janeiro de 2022 a julho de 2022, Idade ao falecer é 30 a 39 anos"
Dicionário PCT - Quilombolas,V03811,3811,Pessoas,Quilombolas,"Domicílio com pelo menos um morador quilombola, Mês e ano de falecimento entre janeiro de 2022 a julho de 2022, Idade ao falecer é 40 a 49 anos"
Dicionário PCT - Quilombolas,V03812,3812,Pessoas,Quilombolas,"Domicílio com pelo menos um morador quilombola, Mês e ano de falecimento entre janeiro de 2022 a julho de 2022, Idade ao falecer é 50 a 59 anos"
Dicionário PCT - Quilombolas,V03813,3813,Pessoas,Quilombolas,"Domicílio com pelo menos um morador quilombola, Mês e ano de falecimento entre janeiro de 2022 a julho de 2022, Idade ao falecer é 60 a 69 anos"
Dicionário PCT - Quilombolas,V03814,3814,Pessoas,Quilombolas,"Domicílio com pelo menos um morador quilombola, Mês e ano de falecimento entre janeiro de 2022 a julho de 2022, Idade ao falecer é 70 anos ou mais"
Dicionário PCT - Quilombolas,V03815,3815,Pessoas,Quilombolas,"Domicílio com pelo menos um morador quilombola, Mês e ano de falecimento entre janeiro de 2019 a dezembro de 2019, 0 a 14 anos"
Dicionário PCT - Quilombolas,V03816,3816,Pessoas,Quilombolas,"Domicílio com pelo menos um morador quilombola, Mês e ano de falecimento entre janeiro de 2019 a dezembro de 2019, 15 a 29 anos"
Dicionário PCT - Quilombolas,V03817,3817,Pessoas,Quilombolas,"Domicílio com pelo menos um morador quilombola, Mês e ano de falecimento entre janeiro de 2019 a dezembro de 2019, 30 a 59 anos"
Dicionário PCT - Quilombolas,V03818,3818,Pessoas,Quilombolas,"Domicílio com pelo menos um morador quilombola, Mês e ano de falecimento entre janeiro de 2019 a dezembro de 2019, 60 anos ou mais"
Dicionário PCT - Quilombolas,V03819,3819,Pessoas,Quilombolas,"Domicílio com pelo menos um morador quilombola, Mês e ano de falecimento entre janeiro de 2020 a dezembro de 2020, 0 a 14 anos"
Dicionário PCT - Quilombolas,V03820,3820,Pessoas,Quilombolas,"Domicílio com pelo menos um morador quilombola, Mês e ano de falecimento entre janeiro de 2020 a dezembro de 2020, 15 a 29 anos"
Dicionário PCT - Quilombolas,V03821,3821,Pessoas,Quilombolas,"Domicílio com pelo menos um morador quilombola, Mês e ano de falecimento entre janeiro de 2020 a dezembro de 2020, 30 a 59 anos"
Dicionário PCT - Quilombolas,V03822,3822,Pessoas,Quilombolas,"Domicílio com pelo menos um morador quilombola, Mês e ano de falecimento entre janeiro de 2020 a dezembro de 2020, 60 anos ou mais"
Dicionário PCT - Quilombolas,V03823,3823,Pessoas,Quilombolas,"Domicílio com pelo menos um morador quilombola, Mês e ano de falecimento entre janeiro de 2021 a dezembro de 2021, 0 a 14 anos"
Dicionário PCT - Quilombolas,V03824,3824,Pessoas,Quilombolas,"Domicílio com pelo menos um morador quilombola, Mês e ano de falecimento entre janeiro de 2021 a dezembro de 2021, 15 a 29 anos"
Dicionário PCT - Quilombolas,V03825,3825,Pessoas,Quilombolas,"Domicílio com pelo menos um morador quilombola, Mês e ano de falecimento entre janeiro de 2021 a dezembro de 2021, 30 a 59 anos"
Dicionário PCT - Quilombolas,V03826,3826,Pessoas,Quilombolas,"Domicílio com pelo menos um morador quilombola, Mês e ano de falecimento entre janeiro de 2021 a dezembro de 2021, 60 anos ou mais"
Dicionário PCT - Quilombolas,V03827,3827,Pessoas,Quilombolas,"Domicílio com pelo menos um morador quilombola, Mês e ano de falecimento entre janeiro de 2022 a julho de 2022, 0 a 14 anos"
Dicionário PCT - Quilombolas,V03828,3828,Pessoas,Quilombolas,"Domicílio com pelo menos um morador quilombola, Mês e ano de falecimento entre janeiro de 2022 a julho de 2022, 15 a 29 anos"
Dicionário PCT - Quilombolas,V03829,3829,Pessoas,Quilombolas,"Domicílio com pelo menos um morador quilombola, Mês e ano de falecimento entre janeiro de 2022 a julho de 2022, 30 a 59 anos"
Dicionário PCT - Quilombolas,V03830,3830,Pessoas,Quilombolas,"Domicílio com pelo menos um morador quilombola, Mês e ano de falecimento entre janeiro de 2022 a julho de 2022, 60 anos ou mais"
Dicionário PCT - Quilombolas,V03831,3831,Pessoas,Quilombolas,"Domicílio com pelo menos um morador quilombola, Mês e ano de falecimento entre janeiro de 2019 a dezembro de 2019, Sexo da pessoa falecida é masculino, Idade ao falecer é 0 a 4 anos"
Dicionário PCT - Quilombolas,V03832,3832,Pessoas,Quilombolas,"Domicílio com pelo menos um morador quilombola, Mês e ano de falecimento entre janeiro de 2019 a dezembro de 2019, Sexo da pessoa falecida é masculino, Idade ao falecer é 5 a 9 anos"
Dicionário PCT - Quilombolas,V03833,3833,Pessoas,Quilombolas,"Domicílio com pelo menos um morador quilombola, Mês e ano de falecimento entre janeiro de 2019 a dezembro de 2019, Sexo da pessoa falecida é masculino, Idade ao falecer é 10 a 14 anos"
Dicionário PCT - Quilombolas,V03834,3834,Pessoas,Quilombolas,"Domicílio com pelo menos um morador quilombola, Mês e ano de falecimento entre janeiro de 2019 a dezembro de 2019, Sexo da pessoa falecida é masculino, Idade ao falecer é 15 a 19 anos"
Dicionário PCT - Quilombolas,V03835,3835,Pessoas,Quilombolas,"Domicílio com pelo menos um morador quilombola, Mês e ano de falecimento entre janeiro de 2019 a dezembro de 2019, Sexo da pessoa falecida é masculino, Idade ao falecer é 20 a 24 anos"
Dicionário PCT - Quilombolas,V03836,3836,Pessoas,Quilombolas,"Domicílio com pelo menos um morador quilombola, Mês e ano de falecimento entre janeiro de 2019 a dezembro de 2019, Sexo da pessoa falecida é masculino, Idade ao falecer é 25 a 29 anos"
Dicionário PCT - Quilombolas,V03837,3837,Pessoas,Quilombolas,"Domicílio com pelo menos um morador quilombola, Mês e ano de falecimento entre janeiro de 2019 a dezembro de 2019, Sexo da pessoa falecida é masculino, Idade ao falecer é 30 a 39 anos"
Dicionário PCT - Quilombolas,V03838,3838,Pessoas,Quilombolas,"Domicílio com pelo menos um morador quilombola, Mês e ano de falecimento entre janeiro de 2019 a dezembro de 2019, Sexo da pessoa falecida é masculino, Idade ao falecer é 40 a 49 anos"
Dicionário PCT - Quilombolas,V03839,3839,Pessoas,Quilombolas,"Domicílio com pelo menos um morador quilombola, Mês e ano de falecimento entre janeiro de 2019 a dezembro de 2019, Sexo da pessoa falecida é masculino, Idade ao falecer é 50 a 59 anos"
Dicionário PCT - Quilombolas,V03840,3840,Pessoas,Quilombolas,"Domicílio com pelo menos um morador quilombola, Mês e ano de falecimento entre janeiro de 2019 a dezembro de 2019, Sexo da pessoa falecida é masculino, Idade ao falecer é 60 a 69 anos"
Dicionário PCT - Quilombolas,V03841,3841,Pessoas,Quilombolas,"Domicílio com pelo menos um morador quilombola, Mês e ano de falecimento entre janeiro de 2019 a dezembro de 2019, Sexo da pessoa falecida é masculino, Idade ao falecer é 70 anos ou mais"
Dicionário PCT - Quilombolas,V03842,3842,Pessoas,Quilombolas,"Domicílio com pelo menos um morador quilombola, Mês e ano de falecimento entre janeiro de 2019 a dezembro de 2019, Sexo da pessoa falecida é feminino, Idade ao falecer é 0 a 4 anos"
Dicionário PCT - Quilombolas,V03843,3843,Pessoas,Quilombolas,"Domicílio com pelo menos um morador quilombola, Mês e ano de falecimento entre janeiro de 2019 a dezembro de 2019, Sexo da pessoa falecida é feminino, Idade ao falecer é 5 a 9 anos"
Dicionário PCT - Quilombolas,V03844,3844,Pessoas,Quilombolas,"Domicílio com pelo menos um morador quilombola, Mês e ano de falecimento entre janeiro de 2019 a dezembro de 2019, Sexo da pessoa falecida é feminino, Idade ao falecer é 10 a 14 anos"
Dicionário PCT - Quilombolas,V03845,3845,Pessoas,Quilombolas,"Domicílio com pelo menos um morador quilombola, Mês e ano de falecimento entre janeiro de 2019 a dezembro de 2019, Sexo da pessoa falecida é feminino, Idade ao falecer é 15 a 19 anos"
Dicionário PCT - Quilombolas,V03846,3846,Pessoas,Quilombolas,"Domicílio com pelo menos um morador quilombola, Mês e ano de falecimento entre janeiro de 2019 a dezembro de 2019, Sexo da pessoa falecida é feminino, Idade ao falecer é 20 a 24 anos"
Dicionário PCT - Quilombolas,V03847,3847,Pessoas,Quilombolas,"Domicílio com pelo menos um morador quilombola, Mês e ano de falecimento entre janeiro de 2019 a dezembro de 2019, Sexo da pessoa falecida é feminino, Idade ao falecer é 25 a 29 anos"
Dicionário PCT - Quilombolas,V03848,3848,Pessoas,Quilombolas,"Domicílio com pelo menos um morador quilombola, Mês e ano de falecimento entre janeiro de 2019 a dezembro de 2019, Sexo da pessoa falecida é feminino, Idade ao falecer é 30 a 39 anos"
Dicionário PCT - Quilombolas,V03849,3849,Pessoas,Quilombolas,"Domicílio com pelo menos um morador quilombola, Mês e ano de falecimento entre janeiro de 2019 a dezembro de 2019, Sexo da pessoa falecida é feminino, Idade ao falecer é 40 a 49 anos"
Dicionário PCT - Quilombolas,V03850,3850,Pessoas,Quilombolas,"Domicílio com pelo menos um morador quilombola, Mês e ano de falecimento entre janeiro de 2019 a dezembro de 2019, Sexo da pessoa falecida é feminino, Idade ao falecer é 50 a 59 anos"
Dicionário PCT - Quilombolas,V03851,3851,Pessoas,Quilombolas,"Domicílio com pelo menos um morador quilombola, Mês e ano de falecimento entre janeiro de 2019 a dezembro de 2019, Sexo da pessoa falecida é feminino, Idade ao falecer é 60 a 69 anos"
Dicionário PCT - Quilombolas,V03852,3852,Pessoas,Quilombolas,"Domicílio com pelo menos um morador quilombola, Mês e ano de falecimento entre janeiro de 2019 a dezembro de 2019, Sexo da pessoa falecida é feminino, Idade ao falecer é 70 anos ou mais"
Dicionário PCT - Quilombolas,V03853,3853,Pessoas,Quilombolas,"Domicílio com pelo menos um morador quilombola, Mês e ano de falecimento entre janeiro de 2020 a dezembro de 2020, Sexo da pessoa falecida é masculino, Idade ao falecer é 0 a 4 anos"
Dicionário PCT - Quilombolas,V03854,3854,Pessoas,Quilombolas,"Domicílio com pelo menos um morador quilombola, Mês e ano de falecimento entre janeiro de 2020 a dezembro de 2020, Sexo da pessoa falecida é masculino, Idade ao falecer é 5 a 9 anos"
Dicionário PCT - Quilombolas,V03855,3855,Pessoas,Quilombolas,"Domicílio com pelo menos um morador quilombola, Mês e ano de falecimento entre janeiro de 2020 a dezembro de 2020, Sexo da pessoa falecida é masculino, Idade ao falecer é 10 a 14 anos"
Dicionário PCT - Quilombolas,V03856,3856,Pessoas,Quilombolas,"Domicílio com pelo menos um morador quilombola, Mês e ano de falecimento entre janeiro de 2020 a dezembro de 2020, Sexo da pessoa falecida é masculino, Idade ao falecer é 15 a 19 anos"
Dicionário PCT - Quilombolas,V03857,3857,Pessoas,Quilombolas,"Domicílio com pelo menos um morador quilombola, Mês e ano de falecimento entre janeiro de 2020 a dezembro de 2020, Sexo da pessoa falecida é masculino, Idade ao falecer é 20 a 24 anos"
Dicionário PCT - Quilombolas,V03858,3858,Pessoas,Quilombolas,"Domicílio com pelo menos um morador quilombola, Mês e ano de falecimento entre janeiro de 2020 a dezembro de 2020, Sexo da pessoa falecida é masculino, Idade ao falecer é 25 a 29 anos"
Dicionário PCT - Quilombolas,V03859,3859,Pessoas,Quilombolas,"Domicílio com pelo menos um morador quilombola, Mês e ano de falecimento entre janeiro de 2020 a dezembro de 2020, Sexo da pessoa falecida é masculino, Idade ao falecer é 30 a 39 anos"
Dicionário PCT - Quilombolas,V03860,3860,Pessoas,Quilombolas,"Domicílio com pelo menos um morador quilombola, Mês e ano de falecimento entre janeiro de 2020 a dezembro de 2020, Sexo da pessoa falecida é masculino, Idade ao falecer é 40 a 49 anos"
Dicionário PCT - Quilombolas,V03861,3861,Pessoas,Quilombolas,"Domicílio com pelo menos um morador quilombola, Mês e ano de falecimento entre janeiro de 2020 a dezembro de 2020, Sexo da pessoa falecida é masculino, Idade ao falecer é 50 a 59 anos"
Dicionário PCT - Quilombolas,V03862,3862,Pessoas,Quilombolas,"Domicílio com pelo menos um morador quilombola, Mês e ano de falecimento entre janeiro de 2020 a dezembro de 2020, Sexo da pessoa falecida é masculino, Idade ao falecer é 60 a 69 anos"
Dicionário PCT - Quilombolas,V03863,3863,Pessoas,Quilombolas,"Domicílio com pelo menos um morador quilombola, Mês e ano de falecimento entre janeiro de 2020 a dezembro de 2020, Sexo da pessoa falecida é masculino, Idade ao falecer é 70 anos ou mais"
Dicionário PCT - Quilombolas,V03864,3864,Pessoas,Quilombolas,"Domicílio com pelo menos um morador quilombola, Mês e ano de falecimento entre janeiro de 2020 a dezembro de 2020, Sexo da pessoa falecida é feminino, Idade ao falecer é 0 a 4 anos"
Dicionário PCT - Quilombolas,V03865,3865,Pessoas,Quilombolas,"Domicílio com pelo menos um morador quilombola, Mês e ano de falecimento entre janeiro de 2020 a dezembro de 2020, Sexo da pessoa falecida é feminino, Idade ao falecer é 5 a 9 anos"
Dicionário PCT - Quilombolas,V03866,3866,Pessoas,Quilombolas,"Domicílio com pelo menos um morador quilombola, Mês e ano de falecimento entre janeiro de 2020 a dezembro de 2020, Sexo da pessoa falecida é feminino, Idade ao falecer é 10 a 14 anos"
Dicionário PCT - Quilombolas,V03867,3867,Pessoas,Quilombolas,"Domicílio com pelo menos um morador quilombola, Mês e ano de falecimento entre janeiro de 2020 a dezembro de 2020, Sexo da pessoa falecida é feminino, Idade ao falecer é 15 a 19 anos"
Dicionário PCT - Quilombolas,V03868,3868,Pessoas,Quilombolas,"Domicílio com pelo menos um morador quilombola, Mês e ano de falecimento entre janeiro de 2020 a dezembro de 2020, Sexo da pessoa falecida é feminino, Idade ao falecer é 20 a 24 anos"
Dicionário PCT - Quilombolas,V03869,3869,Pessoas,Quilombolas,"Domicílio com pelo menos um morador quilombola, Mês e ano de falecimento entre janeiro de 2020 a dezembro de 2020, Sexo da pessoa falecida é feminino, Idade ao falecer é 25 a 29 anos"
Dicionário PCT - Quilombolas,V03870,3870,Pessoas,Quilombolas,"Domicílio com pelo menos um morador quilombola, Mês e ano de falecimento entre janeiro de 2020 a dezembro de 2020, Sexo da pessoa falecida é feminino, Idade ao falecer é 30 a 39 anos"
Dicionário PCT - Quilombolas,V03871,3871,Pessoas,Quilombolas,"Domicílio com pelo menos um morador quilombola, Mês e ano de falecimento entre janeiro de 2020 a dezembro de 2020, Sexo da pessoa falecida é feminino, Idade ao falecer é 40 a 49 anos"
Dicionário PCT - Quilombolas,V03872,3872,Pessoas,Quilombolas,"Domicílio com pelo menos um morador quilombola, Mês e ano de falecimento entre janeiro de 2020 a dezembro de 2020, Sexo da pessoa falecida é feminino, Idade ao falecer é 50 a 59 anos"
Dicionário PCT - Quilombolas,V03873,3873,Pessoas,Quilombolas,"Domicílio com pelo menos um morador quilombola, Mês e ano de falecimento entre janeiro de 2020 a dezembro de 2020, Sexo da pessoa falecida é feminino, Idade ao falecer é 60 a 69 anos"
Dicionário PCT - Quilombolas,V03874,3874,Pessoas,Quilombolas,"Domicílio com pelo menos um morador quilombola, Mês e ano de falecimento entre janeiro de 2020 a dezembro de 2020, Sexo da pessoa falecida é feminino, Idade ao falecer é 70 anos ou mais"
Dicionário PCT - Quilombolas,V03875,3875,Pessoas,Quilombolas,"Domicílio com pelo menos um morador quilombola, Mês e ano de falecimento entre janeiro de 2021 a dezembro de 2021, Sexo da pessoa falecida é masculino, Idade ao falecer é 0 a 4 anos"
Dicionário PCT - Quilombolas,V03876,3876,Pessoas,Quilombolas,"Domicílio com pelo menos um morador quilombola, Mês e ano de falecimento entre janeiro de 2021 a dezembro de 2021, Sexo da pessoa falecida é masculino, Idade ao falecer é 5 a 9 anos"
Dicionário PCT - Quilombolas,V03877,3877,Pessoas,Quilombolas,"Domicílio com pelo menos um morador quilombola, Mês e ano de falecimento entre janeiro de 2021 a dezembro de 2021, Sexo da pessoa falecida é masculino, Idade ao falecer é 10 a 14 anos"
Dicionário PCT - Quilombolas,V03878,3878,Pessoas,Quilombolas,"Domicílio com pelo menos um morador quilombola, Mês e ano de falecimento entre janeiro de 2021 a dezembro de 2021, Sexo da pessoa falecida é masculino, Idade ao falecer é 15 a 19 anos"
Dicionário PCT - Quilombolas,V03879,3879,Pessoas,Quilombolas,"Domicílio com pelo menos um morador quilombola, Mês e ano de falecimento entre janeiro de 2021 a dezembro de 2021, Sexo da pessoa falecida é masculino, Idade ao falecer é 20 a 24 anos"
Dicionário PCT - Quilombolas,V03880,3880,Pessoas,Quilombolas,"Domicílio com pelo menos um morador quilombola, Mês e ano de falecimento entre janeiro de 2021 a dezembro de 2021, Sexo da pessoa falecida é masculino, Idade ao falecer é 25 a 29 anos"
Dicionário PCT - Quilombolas,V03881,3881,Pessoas,Quilombolas,"Domicílio com pelo menos um morador quilombola, Mês e ano de falecimento entre janeiro de 2021 a dezembro de 2021, Sexo da pessoa falecida é masculino, Idade ao falecer é 30 a 39 anos"
Dicionário PCT - Quilombolas,V03882,3882,Pessoas,Quilombolas,"Domicílio com pelo menos um morador quilombola, Mês e ano de falecimento entre janeiro de 2021 a dezembro de 2021, Sexo da pessoa falecida é masculino, Idade ao falecer é 40 a 49 anos"
Dicionário PCT - Quilombolas,V03883,3883,Pessoas,Quilombolas,"Domicílio com pelo menos um morador quilombola, Mês e ano de falecimento entre janeiro de 2021 a dezembro de 2021, Sexo da pessoa falecida é masculino, Idade ao falecer é 50 a 59 anos"
Dicionário PCT - Quilombolas,V03884,3884,Pessoas,Quilombolas,"Domicílio com pelo menos um morador quilombola, Mês e ano de falecimento entre janeiro de 2021 a dezembro de 2021, Sexo da pessoa falecida é masculino, Idade ao falecer é 60 a 69 anos"
Dicionário PCT - Quilombolas,V03885,3885,Pessoas,Quilombolas,"Domicílio com pelo menos um morador quilombola, Mês e ano de falecimento entre janeiro de 2021 a dezembro de 2021, Sexo da pessoa falecida é masculino, Idade ao falecer é 70 anos ou mais"
Dicionário PCT - Quilombolas,V03886,3886,Pessoas,Quilombolas,"Domicílio com pelo menos um morador quilombola, Mês e ano de falecimento entre janeiro de 2021 a dezembro de 2021, Sexo da pessoa falecida é feminino, Idade ao falecer é 0 a 4 anos"
Dicionário PCT - Quilombolas,V03887,3887,Pessoas,Quilombolas,"Domicílio com pelo menos um morador quilombola, Mês e ano de falecimento entre janeiro de 2021 a dezembro de 2021, Sexo da pessoa falecida é feminino, Idade ao falecer é 5 a 9 anos"
Dicionário PCT - Quilombolas,V03888,3888,Pessoas,Quilombolas,"Domicílio com pelo menos um morador quilombola, Mês e ano de falecimento entre janeiro de 2021 a dezembro de 2021, Sexo da pessoa falecida é feminino, Idade ao falecer é 10 a 14 anos"
Dicionário PCT - Quilombolas,V03889,3889,Pessoas,Quilombolas,"Domicílio com pelo menos um morador quilombola, Mês e ano de falecimento entre janeiro de 2021 a dezembro de 2021, Sexo da pessoa falecida é feminino, Idade ao falecer é 15 a 19 anos"
Dicionário PCT - Quilombolas,V03890,3890,Pessoas,Quilombolas,"Domicílio com pelo menos um morador quilombola, Mês e ano de falecimento entre janeiro de 2021 a dezembro de 2021, Sexo da pessoa falecida é feminino, Idade ao falecer é 20 a 24 anos"
Dicionário PCT - Quilombolas,V03891,3891,Pessoas,Quilombolas,"Domicílio com pelo menos um morador quilombola, Mês e ano de falecimento entre janeiro de 2021 a dezembro de 2021, Sexo da pessoa falecida é feminino, Idade ao falecer é 25 a 29 anos"
Dicionário PCT - Quilombolas,V03892,3892,Pessoas,Quilombolas,"Domicílio com pelo menos um morador quilombola, Mês e ano de falecimento entre janeiro de 2021 a dezembro de 2021, Sexo da pessoa falecida é feminino, Idade ao falecer é 30 a 39 anos"
Dicionário PCT - Quilombolas,V03893,3893,Pessoas,Quilombolas,"Domicílio com pelo menos um morador quilombola, Mês e ano de falecimento entre janeiro de 2021 a dezembro de 2021, Sexo da pessoa falecida é feminino, Idade ao falecer é 40 a 49 anos"
Dicionário PCT - Quilombolas,V03894,3894,Pessoas,Quilombolas,"Domicílio com pelo menos um morador quilombola, Mês e ano de falecimento entre janeiro de 2021 a dezembro de 2021, Sexo da pessoa falecida é feminino, Idade ao falecer é 50 a 59 anos"
Dicionário PCT - Quilombolas,V03895,3895,Pessoas,Quilombolas,"Domicílio com pelo menos um morador quilombola, Mês e ano de falecimento entre janeiro de 2021 a dezembro de 2021, Sexo da pessoa falecida é feminino, Idade ao falecer é 60 a 69 anos"
Dicionário PCT - Quilombolas,V03896,3896,Pessoas,Quilombolas,"Domicílio com pelo menos um morador quilombola, Mês e ano de falecimento entre janeiro de 2021 a dezembro de 2021, Sexo da pessoa falecida é feminino, Idade ao falecer é 70 anos ou mais"
Dicionário PCT - Quilombolas,V03897,3897,Pessoas,Quilombolas,"Domicílio com pelo menos um morador quilombola, Mês e ano de falecimento entre janeiro de 2022 a julho de 2022, Sexo da pessoa falecida é masculino, Idade ao falecer é 0 a 4 anos"
Dicionário PCT - Quilombolas,V03898,3898,Pessoas,Quilombolas,"Domicílio com pelo menos um morador quilombola, Mês e ano de falecimento entre janeiro de 2022 a julho de 2022, Sexo da pessoa falecida é masculino, Idade ao falecer é 5 a 9 anos"
Dicionário PCT - Quilombolas,V03899,3899,Pessoas,Quilombolas,"Domicílio com pelo menos um morador quilombola, Mês e ano de falecimento entre janeiro de 2022 a julho de 2022, Sexo da pessoa falecida é masculino, Idade ao falecer é 10 a 14 anos"
Dicionário PCT - Quilombolas,V03900,3900,Pessoas,Quilombolas,"Domicílio com pelo menos um morador quilombola, Mês e ano de falecimento entre janeiro de 2022 a julho de 2022, Sexo da pessoa falecida é masculino, Idade ao falecer é 15 a 19 anos"
Dicionário PCT - Quilombolas,V03901,3901,Pessoas,Quilombolas,"Domicílio com pelo menos um morador quilombola, Mês e ano de falecimento entre janeiro de 2022 a julho de 2022, Sexo da pessoa falecida é masculino, Idade ao falecer é 20 a 24 anos"
Dicionário PCT - Quilombolas,V03902,3902,Pessoas,Quilombolas,"Domicílio com pelo menos um morador quilombola, Mês e ano de falecimento entre janeiro de 2022 a julho de 2022, Sexo da pessoa falecida é masculino, Idade ao falecer é 25 a 29 anos"
Dicionário PCT - Quilombolas,V03903,3903,Pessoas,Quilombolas,"Domicílio com pelo menos um morador quilombola, Mês e ano de falecimento entre janeiro de 2022 a julho de 2022, Sexo da pessoa falecida é masculino, Idade ao falecer é 30 a 39 anos"
Dicionário PCT - Quilombolas,V03904,3904,Pessoas,Quilombolas,"Domicílio com pelo menos um morador quilombola, Mês e ano de falecimento entre janeiro de 2022 a julho de 2022, Sexo da pessoa falecida é masculino, Idade ao falecer é 40 a 49 anos"
Dicionário PCT - Quilombolas,V03905,3905,Pessoas,Quilombolas,"Domicílio com pelo menos um morador quilombola, Mês e ano de falecimento entre janeiro de 2022 a julho de 2022, Sexo da pessoa falecida é masculino, Idade ao falecer é 50 a 59 anos"
Dicionário PCT - Quilombolas,V03906,3906,Pessoas,Quilombolas,"Domicílio com pelo menos um morador quilombola, Mês e ano de falecimento entre janeiro de 2022 a julho de 2022, Sexo da pessoa falecida é masculino, Idade ao falecer é 60 a 69 anos"
Dicionário PCT - Quilombolas,V03907,3907,Pessoas,Quilombolas,"Domicílio com pelo menos um morador quilombola, Mês e ano de falecimento entre janeiro de 2022 a julho de 2022, Sexo da pessoa falecida é masculino, Idade ao falecer é 70 anos ou mais"
Dicionário PCT - Quilombolas,V03908,3908,Pessoas,Quilombolas,"Domicílio com pelo menos um morador quilombola, Mês e ano de falecimento entre janeiro de 2022 a julho de 2022, Sexo da pessoa falecida é feminino, Idade ao falecer é 0 a 4 anos"
Dicionário PCT - Quilombolas,V03909,3909,Pessoas,Quilombolas,"Domicílio com pelo menos um morador quilombola, Mês e ano de falecimento entre janeiro de 2022 a julho de 2022, Sexo da pessoa falecida é feminino, Idade ao falecer é 5 a 9 anos"
Dicionário PCT - Quilombolas,V03910,3910,Pessoas,Quilombolas,"Domicílio com pelo menos um morador quilombola, Mês e ano de falecimento entre janeiro de 2022 a julho de 2022, Sexo da pessoa falecida é feminino, Idade ao falecer é 10 a 14 anos"
Dicionário PCT - Quilombolas,V03911,3911,Pessoas,Quilombolas,"Domicílio com pelo menos um morador quilombola, Mês e ano de falecimento entre janeiro de 2022 a julho de 2022, Sexo da pessoa falecida é feminino, Idade ao falecer é 15 a 19 anos"
Dicionário PCT - Quilombolas,V03912,3912,Pessoas,Quilombolas,"Domicílio com pelo menos um morador quilombola, Mês e ano de falecimento entre janeiro de 2022 a julho de 2022, Sexo da pessoa falecida é feminino, Idade ao falecer é 20 a 24 anos"
Dicionário PCT - Quilombolas,V03913,3913,Pessoas,Quilombolas,"Domicílio com pelo menos um morador quilombola, Mês e ano de falecimento entre janeiro de 2022 a julho de 2022, Sexo da pessoa falecida é feminino, Idade ao falecer é 25 a 29 anos"
Dicionário PCT - Quilombolas,V03914,3914,Pessoas,Quilombolas,"Domicílio com pelo menos um morador quilombola, Mês e ano de falecimento entre janeiro de 2022 a julho de 2022, Sexo da pessoa falecida é feminino, Idade ao falecer é 30 a 39 anos"
Dicionário PCT - Quilombolas,V03915,3915,Pessoas,Quilombolas,"Domicílio com pelo menos um morador quilombola, Mês e ano de falecimento entre janeiro de 2022 a julho de 2022, Sexo da pessoa falecida é feminino, Idade ao falecer é 40 a 49 anos"
Dicionário PCT - Quilombolas,V03916,3916,Pessoas,Quilombolas,"Domicílio com pelo menos um morador quilombola, Mês e ano de falecimento entre janeiro de 2022 a julho de 2022, Sexo da pessoa falecida é feminino, Idade ao falecer é 50 a 59 anos"
Dicionário PCT - Quilombolas,V03917,3917,Pessoas,Quilombolas,"Domicílio com pelo menos um morador quilombola, Mês e ano de falecimento entre janeiro de 2022 a julho de 2022, Sexo da pessoa falecida é feminino, Idade ao falecer é 60 a 69 anos"
Dicionário PCT - Quilombolas,V03918,3918,Pessoas,Quilombolas,"Domicílio com pelo menos um morador quilombola, Mês e ano de falecimento entre janeiro de 2022 a julho de 2022, Sexo da pessoa falecida é feminino, Idade ao falecer é 70 anos ou mais"
Dicionário PCT - Quilombolas,V03919,3919,Pessoas,Quilombolas,"Domicílio com pelo menos um morador quilombola, Mês e ano de falecimento entre janeiro de 2019 a dezembro de 2019, Sexo da pessoa falecida é masculino, 0 a 14 anos"
Dicionário PCT - Quilombolas,V03920,3920,Pessoas,Quilombolas,"Domicílio com pelo menos um morador quilombola, Mês e ano de falecimento entre janeiro de 2019 a dezembro de 2019, Sexo da pessoa falecida é masculino, 15 a 29 anos"
Dicionário PCT - Quilombolas,V03921,3921,Pessoas,Quilombolas,"Domicílio com pelo menos um morador quilombola, Mês e ano de falecimento entre janeiro de 2019 a dezembro de 2019, Sexo da pessoa falecida é masculino, 30 a 59 anos"
Dicionário PCT - Quilombolas,V03922,3922,Pessoas,Quilombolas,"Domicílio com pelo menos um morador quilombola, Mês e ano de falecimento entre janeiro de 2019 a dezembro de 2019, Sexo da pessoa falecida é masculino, 60 anos ou mais"
Dicionário PCT - Quilombolas,V03923,3923,Pessoas,Quilombolas,"Domicílio com pelo menos um morador quilombola, Mês e ano de falecimento entre janeiro de 2019 a dezembro de 2019, Sexo da pessoa falecida é feminino, 0 a 14 anos"
Dicionário PCT - Quilombolas,V03924,3924,Pessoas,Quilombolas,"Domicílio com pelo menos um morador quilombola, Mês e ano de falecimento entre janeiro de 2019 a dezembro de 2019, Sexo da pessoa falecida é feminino, 15 a 29 anos"
Dicionário PCT - Quilombolas,V03925,3925,Pessoas,Quilombolas,"Domicílio com pelo menos um morador quilombola, Mês e ano de falecimento entre janeiro de 2019 a dezembro de 2019, Sexo da pessoa falecida é feminino, 30 a 59 anos"
Dicionário PCT - Quilombolas,V03926,3926,Pessoas,Quilombolas,"Domicílio com pelo menos um morador quilombola, Mês e ano de falecimento entre janeiro de 2019 a dezembro de 2019, Sexo da pessoa falecida é feminino, 60 anos ou mais"
Dicionário PCT - Quilombolas,V03927,3927,Pessoas,Quilombolas,"Domicílio com pelo menos um morador quilombola, Mês e ano de falecimento entre janeiro de 2020 a dezembro de 2020, Sexo da pessoa falecida é masculino, 0 a 14 anos"
Dicionário PCT - Quilombolas,V03928,3928,Pessoas,Quilombolas,"Domicílio com pelo menos um morador quilombola, Mês e ano de falecimento entre janeiro de 2020 a dezembro de 2020, Sexo da pessoa falecida é masculino, 15 a 29 anos"
Dicionário PCT - Quilombolas,V03929,3929,Pessoas,Quilombolas,"Domicílio com pelo menos um morador quilombola, Mês e ano de falecimento entre janeiro de 2020 a dezembro de 2020, Sexo da pessoa falecida é masculino, 30 a 59 anos"
Dicionário PCT - Quilombolas,V03930,3930,Pessoas,Quilombolas,"Domicílio com pelo menos um morador quilombola, Mês e ano de falecimento entre janeiro de 2020 a dezembro de 2020, Sexo da pessoa falecida é masculino, 60 anos ou mais"
Dicionário PCT - Quilombolas,V03931,3931,Pessoas,Quilombolas,"Domicílio com pelo menos um morador quilombola, Mês e ano de falecimento entre janeiro de 2020 a dezembro de 2020, Sexo da pessoa falecida é feminino, 0 a 14 anos"
Dicionário PCT - Quilombolas,V03932,3932,Pessoas,Quilombolas,"Domicílio com pelo menos um morador quilombola, Mês e ano de falecimento entre janeiro de 2020 a dezembro de 2020, Sexo da pessoa falecida é feminino, 15 a 29 anos"
Dicionário PCT - Quilombolas,V03933,3933,Pessoas,Quilombolas,"Domicílio com pelo menos um morador quilombola, Mês e ano de falecimento entre janeiro de 2020 a dezembro de 2020, Sexo da pessoa falecida é feminino, 30 a 59 anos"
Dicionário PCT - Quilombolas,V03934,3934,Pessoas,Quilombolas,"Domicílio com pelo menos um morador quilombola, Mês e ano de falecimento entre janeiro de 2020 a dezembro de 2020, Sexo da pessoa falecida é feminino, 60 anos ou mais"
Dicionário PCT - Quilombolas,V03935,3935,Pessoas,Quilombolas,"Domicílio com pelo menos um morador quilombola, Mês e ano de falecimento entre janeiro de 2021 a dezembro de 2021, Sexo da pessoa falecida é masculino, 0 a 14 anos"
Dicionário PCT - Quilombolas,V03936,3936,Pessoas,Quilombolas,"Domicílio com pelo menos um morador quilombola, Mês e ano de falecimento entre janeiro de 2021 a dezembro de 2021, Sexo da pessoa falecida é masculino, 15 a 29 anos"
Dicionário PCT - Quilombolas,V03937,3937,Pessoas,Quilombolas,"Domicílio com pelo menos um morador quilombola, Mês e ano de falecimento entre janeiro de 2021 a dezembro de 2021, Sexo da pessoa falecida é masculino, 30 a 59 anos"
Dicionário PCT - Quilombolas,V03938,3938,Pessoas,Quilombolas,"Domicílio com pelo menos um morador quilombola, Mês e ano de falecimento entre janeiro de 2021 a dezembro de 2021, Sexo da pessoa falecida é masculino, 60 anos ou mais"
Dicionário PCT - Quilombolas,V03939,3939,Pessoas,Quilombolas,"Domicílio com pelo menos um morador quilombola, Mês e ano de falecimento entre janeiro de 2021 a dezembro de 2021, Sexo da pessoa falecida é feminino, 0 a 14 anos"
Dicionário PCT - Quilombolas,V03940,3940,Pessoas,Quilombolas,"Domicílio com pelo menos um morador quilombola, Mês e ano de falecimento entre janeiro de 2021 a dezembro de 2021, Sexo da pessoa falecida é feminino, 15 a 29 anos"
Dicionário PCT - Quilombolas,V03941,3941,Pessoas,Quilombolas,"Domicílio com pelo menos um morador quilombola, Mês e ano de falecimento entre janeiro de 2021 a dezembro de 2021, Sexo da pessoa falecida é feminino, 30 a 59 anos"
Dicionário PCT - Quilombolas,V03942,3942,Pessoas,Quilombolas,"Domicílio com pelo menos um morador quilombola, Mês e ano de falecimento entre janeiro de 2021 a dezembro de 2021, Sexo da pessoa falecida é feminino, 60 anos ou mais"
Dicionário PCT - Quilombolas,V03943,3943,Pessoas,Quilombolas,"Domicílio com pelo menos um morador quilombola, Mês e ano de falecimento entre janeiro de 2022 a julho de 2022, Sexo da pessoa falecida é masculino, 0 a 14 anos"
Dicionário PCT - Quilombolas,V03944,3944,Pessoas,Quilombolas,"Domicílio com pelo menos um morador quilombola, Mês e ano de falecimento entre janeiro de 2022 a julho de 2022, Sexo da pessoa falecida é masculino, 15 a 29 anos"
Dicionário PCT - Quilombolas,V03945,3945,Pessoas,Quilombolas,"Domicílio com pelo menos um morador quilombola, Mês e ano de falecimento entre janeiro de 2022 a julho de 2022, Sexo da pessoa falecida é masculino, 30 a 59 anos"
Dicionário PCT - Quilombolas,V03946,3946,Pessoas,Quilombolas,"Domicílio com pelo menos um morador quilombola, Mês e ano de falecimento entre janeiro de 2022 a julho de 2022, Sexo da pessoa falecida é masculino, 60 anos ou mais"
Dicionário PCT - Quilombolas,V03947,3947,Pessoas,Quilombolas,"Domicílio com pelo menos um morador quilombola, Mês e ano de falecimento entre janeiro de 2022 a julho de 2022, Sexo da pessoa falecida é feminino, 0 a 14 anos"
Dicionário PCT - Quilombolas,V03948,3948,Pessoas,Quilombolas,"Domicílio com pelo menos um morador quilombola, Mês e ano de falecimento entre janeiro de 2022 a julho de 2022, Sexo da pessoa falecida é feminino, 15 a 29 anos"
Dicionário PCT - Quilombolas,V03949,3949,Pessoas,Quilombolas,"Domicílio com pelo menos um morador quilombola, Mês e ano de falecimento entre janeiro de 2022 a julho de 2022, Sexo da pessoa falecida é feminino, 30 a 59 anos"
Dicionário PCT - Quilombolas,V03950,3950,Pessoas,Quilombolas,"Domicílio com pelo menos um morador quilombola, Mês e ano de falecimento entre janeiro de 2022 a julho de 2022, Sexo da pessoa falecida é feminino, 60 anos ou mais"
