{"type": "FeatureCollection", "features": [{"type": "Feature", "properties": {"cd_dist": "310900605", "nm_dist": "Brumadinho", "area_km2": 268.4192621, "populacao": 22887, "domicilios": 12595, "alvo": false}, "geometry": {"type": "Polygon", "coordinates": [[[-44.20905, -20.12273], [-44.20938, -20.1224], [-44.20958, -20.12181], [-44.20949, -20.12099], [-44.20936, -20.12019], [-44.20932, -20.11922], [-44.20922, -20.11886], [-44.20917, -20.11862], [-44.20909, -20.11839], [-44.20884, -20.11806], [-44.2085, -20.11781], [-44.20788, -20.11739], [-44.20748, -20.11714], [-44.20732, -20.11675], [-44.20734, -20.11635], [-44.20711, -20.11536], [-44.20697, -20.11444], [-44.20706, -20.11324], [-44.20715, -20.11273], [-44.20727, -20.11228], [-44.20754, -20.11198], [-44.20779, -20.11167], [-44.20804, -20.11135], [-44.20827, -20.11113], [-44.20869, -20.1108], [-44.20893, -20.11055], [-44.20906, -20.11035], [-44.20926, -20.11008], [-44.20954, -20.10969], [-44.20969, -20.10948], [-44.20975, -20.10928], [-44.20975, -20.10881], [-44.20975, -20.10853], [-44.20973, -20.10827], [-44.20966, -20.10795], [-44.20938, -20.1076], [-44.20924, -20.10726], [-44.20924, -20.10704], [-44.20933, -20.10667], [-44.20918, -20.10609], [-44.20926, -20.10557], [-44.20933, -20.10513], [-44.20935, -20.10468], [-44.20921, -20.10374], [-44.20919, -20.10334], [-44.20923, -20.10284], [-44.20932, -20.10259], [-44.2094, -20.10238], [-44.20952, -20.10212], [-44.2096, -20.10188], [-44.20973, -20.10167], [-44.20988, -20.10134], [-44.21003, -20.10108], [-44.2101, -20.10086], [-44.21015, -20.10061], [-44.21008, -20.10056], [-44.20984, -20.10039], [-44.20969, -20.10028], [-44.20968, -20.10028], [-44.2096, -20.10022], [-44.20949, -20.10013], [-44.20929, -20.1], [-44.20905, -20.09991], [-44.20883, -20.09982], [-44.2086, -20.09972], [-44.20834, -20.09961], [-44.20809, -20.09956], [-44.20784, -20.0995], [-44.20755, -20.09939], [-44.20726, -20.0993], [-44.20699, -20.09918], [-44.20669, -20.09909], [-44.20639, -20.09898], [-44.20613, -20.09891], [-44.20586, -20.09884], [-44.20563, -20.0988], [-44.20537, -20.09876], [-44.20508, -20.09871], [-44.20482, -20.09867], [-44.20436, -20.09862], [-44.20413, -20.09859], [-44.20388, -20.09856], [-44.20365, -20.09854], [-44.20337, -20.09849], [-44.2031, -20.09844], [-44.20285, -20.0984], [-44.20254, -20.09838], [-44.20229, -20.09834], [-44.20204, -20.09834], [-44.20178, -20.09832], [-44.2009, -20.09831], [-44.2006, -20.09832], [-44.19803, -20.0983], [-44.19777, -20.09827], [-44.19746, -20.09826], [-44.19717, -20.09823], [-44.1969, -20.09822], [-44.19657, -20.09818], [-44.1963, -20.09812], [-44.19604, -20.09809], [-44.19581, -20.09805], [-44.19556, -20.098], [-44.1953, -20.09794], [-44.19507, -20.09783], [-44.19485, -20.09775], [-44.19463, -20.09761], [-44.19442, -20.09749], [-44.19427, -20.09733], [-44.19408, -20.09718], [-44.19385, -20.09704], [-44.19362, -20.097], [-44.19335, -20.09705], [-44.19311, -20.097], [-44.19288, -20.09703], [-44.19263, -20.09715], [-44.19242, -20.09725], [-44.1922, -20.09733], [-44.19197, -20.09739], [-44.19176, -20.0975], [-44.19153, -20.0976], [-44.19129, -20.09768], [-44.191, -20.09773], [-44.19071, -20.09783], [-44.19047, -20.09793], [-44.19019, -20.09801], [-44.18996, -20.0981], [-44.18947, -20.09828], [-44.18918, -20.09837], [-44.18885, -20.09845], [-44.18859, -20.09847], [-44.18825, -20.0985], [-44.188, -20.09853], [-44.18775, -20.09856], [-44.18751, -20.09859], [-44.18723, -20.09862], [-44.18696, -20.09866], [-44.18643, -20.09865], [-44.18618, -20.09861], [-44.18595, -20.09859], [-44.18569, -20.09859], [-44.18545, -20.09857], [-44.18519, -20.09855], [-44.18492, -20.09853], [-44.18468, -20.0985], [-44.18445, -20.09848], [-44.1842, -20.09844], [-44.18368, -20.09844], [-44.18343, -20.09843], [-44.1832, -20.09841], [-44.18296, -20.09839], [-44.1827, -20.09836], [-44.18241, -20.09833], [-44.18218, -20.09831], [-44.18162, -20.09824], [-44.18135, -20.09824], [-44.18076, -20.09821], [-44.18048, -20.09818], [-44.1802, -20.09812], [-44.17989, -20.09807], [-44.17965, -20.09803], [-44.17936, -20.098], [-44.17904, -20.09794], [-44.17878, -20.09788], [-44.17853, -20.09784], [-44.17808, -20.0978], [-44.17776, -20.09777], [-44.17732, -20.09774], [-44.17676, -20.09774], [-44.1765, -20.09775], [-44.17623, -20.09775], [-44.176, -20.09778], [-44.17567, -20.0978], [-44.17541, -20.09783], [-44.17513, -20.09786], [-44.17483, -20.09787], [-44.17397, -20.09787], [-44.17371, -20.09785], [-44.17342, -20.09784], [-44.17313, -20.09784], [-44.17287, -20.09781], [-44.17257, -20.09776], [-44.17226, -20.09771], [-44.17201, -20.09763], [-44.17171, -20.09751], [-44.17149, -20.09738], [-44.17128, -20.09727], [-44.17099, -20.09718], [-44.17071, -20.09705], [-44.17045, -20.09695], [-44.17038, -20.09694], [-44.17019, -20.09689], [-44.16996, -20.0968], [-44.16972, -20.09672], [-44.16946, -20.09666], [-44.16919, -20.09665], [-44.16897, -20.09673], [-44.16869, -20.09668], [-44.16842, -20.09664], [-44.16806, -20.09659], [-44.16781, -20.09657], [-44.16749, -20.09651], [-44.1672, -20.09645], [-44.16682, -20.09639], [-44.16657, -20.09635], [-44.16632, -20.09631], [-44.16603, -20.09627], [-44.1658, -20.09624], [-44.16552, -20.09622], [-44.16528, -20.0962], [-44.16502, -20.09617], [-44.16475, -20.09617], [-44.16448, -20.09611], [-44.16425, -20.09601], [-44.16402, -20.09606], [-44.16376, -20.09609], [-44.16353, -20.09615], [-44.16326, -20.09621], [-44.16299, -20.09632], [-44.16272, -20.09635], [-44.16244, -20.09632], [-44.16212, -20.09632], [-44.16188, -20.09637], [-44.16169, -20.09655], [-44.16146, -20.09659], [-44.16123, -20.09665], [-44.16098, -20.09672], [-44.1608, -20.09687], [-44.16062, -20.09703], [-44.16046, -20.09719], [-44.16029, -20.09734], [-44.16008, -20.09744], [-44.15983, -20.09755], [-44.15962, -20.09767], [-44.1594, -20.09777], [-44.15913, -20.09791], [-44.15891, -20.09802], [-44.15871, -20.09814], [-44.15846, -20.09828], [-44.15823, -20.0984], [-44.15802, -20.0985], [-44.15779, -20.09861], [-44.15756, -20.09871], [-44.15726, -20.09884], [-44.15707, -20.09899], [-44.15683, -20.09923], [-44.1566, -20.09931], [-44.15627, -20.09943], [-44.15598, -20.09952], [-44.15564, -20.09965], [-44.15536, -20.09973], [-44.15498, -20.09985], [-44.15471, -20.09988], [-44.15446, -20.09985], [-44.15423, -20.09991], [-44.15393, -20.09999], [-44.1537, -20.1], [-44.15344, -20.1], [-44.15291, -20.09995], [-44.15265, -20.09992], [-44.15238, -20.09987], [-44.15214, -20.09981], [-44.15188, -20.09975], [-44.15162, -20.09972], [-44.15133, -20.09971], [-44.15103, -20.0997], [-44.15017, -20.09969], [-44.14994, -20.09972], [-44.14966, -20.09979], [-44.14945, -20.09989], [-44.14914, -20.09989], [-44.14871, -20.09997], [-44.14841, -20.09999], [-44.14813, -20.10003], [-44.14759, -20.1001], [-44.14735, -20.10016], [-44.14709, -20.10008], [-44.14688, -20.10019], [-44.14664, -20.10034], [-44.14644, -20.10048], [-44.14624, -20.10066], [-44.14589, -20.10099], [-44.14569, -20.10115], [-44.14552, -20.1013], [-44.14521, -20.10145], [-44.14501, -20.10159], [-44.1448, -20.10174], [-44.14462, -20.10194], [-44.14439, -20.10196], [-44.14422, -20.10181], [-44.14385, -20.10183], [-44.14359, -20.10184], [-44.14144, -20.10182], [-44.14118, -20.10181], [-44.14094, -20.1018], [-44.14019, -20.10179], [-44.13978, -20.10173], [-44.13954, -20.10168], [-44.13921, -20.1017], [-44.13898, -20.10171], [-44.13862, -20.10175], [-44.13833, -20.10176], [-44.13806, -20.10182], [-44.13778, -20.10191], [-44.13748, -20.10204], [-44.13728, -20.10214], [-44.13705, -20.10223], [-44.1368, -20.10226], [-44.1365, -20.10231], [-44.13621, -20.10234], [-44.13598, -20.10235], [-44.13542, -20.10235], [-44.13514, -20.10233], [-44.13486, -20.10226], [-44.13474, -20.10225], [-44.13462, -20.10224], [-44.13432, -20.10222], [-44.13404, -20.1022], [-44.13372, -20.10219], [-44.13343, -20.10218], [-44.13312, -20.10219], [-44.13279, -20.1022], [-44.13162, -20.10219], [-44.13125, -20.10217], [-44.13096, -20.10214], [-44.13073, -20.1021], [-44.13018, -20.10199], [-44.1299, -20.10187], [-44.12968, -20.10175], [-44.12947, -20.10161], [-44.12923, -20.10142], [-44.12906, -20.10123], [-44.12887, -20.10096], [-44.1287, -20.10073], [-44.12853, -20.10049], [-44.1283, -20.10023], [-44.12815, -20.10005], [-44.12797, -20.09985], [-44.1278, -20.09963], [-44.12763, -20.09934], [-44.12754, -20.09912], [-44.12742, -20.09884], [-44.12724, -20.0987], [-44.127, -20.09858], [-44.12677, -20.09851], [-44.12649, -20.09849], [-44.12621, -20.0985], [-44.12594, -20.09852], [-44.12562, -20.09855], [-44.12539, -20.09856], [-44.12518, -20.0987], [-44.12499, -20.09884], [-44.12475, -20.09895], [-44.12444, -20.09892], [-44.12429, -20.09892], [-44.12389, -20.09892], [-44.12363, -20.09886], [-44.12331, -20.09882], [-44.12304, -20.09882], [-44.12275, -20.09879], [-44.12252, -20.09877], [-44.12226, -20.09874], [-44.122, -20.09864], [-44.12174, -20.09857], [-44.1215, -20.09853], [-44.12126, -20.09851], [-44.12096, -20.09846], [-44.12068, -20.09842], [-44.12038, -20.09835], [-44.12007, -20.09827], [-44.11974, -20.09824], [-44.11804, -20.09823], [-44.1178, -20.09825], [-44.1175, -20.09838], [-44.11721, -20.09845], [-44.11695, -20.09848], [-44.11667, -20.09849], [-44.11635, -20.09849], [-44.11602, -20.09847], [-44.11572, -20.09847], [-44.11541, -20.09846], [-44.11516, -20.09848], [-44.11492, -20.0985], [-44.11467, -20.09851], [-44.11442, -20.09854], [-44.11408, -20.09854], [-44.11373, -20.09848], [-44.11346, -20.09841], [-44.11317, -20.09831], [-44.11286, -20.09821], [-44.11262, -20.0981], [-44.1123, -20.09795], [-44.11201, -20.09791], [-44.11171, -20.09791], [-44.11141, -20.09792], [-44.11116, -20.09793], [-44.11083, -20.09796], [-44.11058, -20.09805], [-44.11034, -20.0982], [-44.11004, -20.09829], [-44.10949, -20.09829], [-44.10924, -20.09827], [-44.10899, -20.09822], [-44.10796, -20.09821], [-44.10763, -20.09824], [-44.10739, -20.09831], [-44.10713, -20.09834], [-44.10689, -20.09836], [-44.10664, -20.09837], [-44.10636, -20.09839], [-44.10633, -20.09839], [-44.10623, -20.09839], [-44.10587, -20.09839], [-44.10563, -20.09835], [-44.10537, -20.09825], [-44.10515, -20.09812], [-44.10497, -20.09798], [-44.10473, -20.09778], [-44.10439, -20.09743], [-44.10416, -20.09722], [-44.10393, -20.09699], [-44.10369, -20.09677], [-44.10348, -20.09662], [-44.10321, -20.09645], [-44.10302, -20.09621], [-44.10282, -20.09607], [-44.10256, -20.09598], [-44.10232, -20.09592], [-44.10208, -20.09587], [-44.1018, -20.09581], [-44.10157, -20.09576], [-44.10127, -20.09574], [-44.10102, -20.09574], [-44.10076, -20.09576], [-44.10037, -20.09565], [-44.10003, -20.09557], [-44.09977, -20.09554], [-44.09949, -20.09547], [-44.0992, -20.09542], [-44.09886, -20.09536], [-44.0986, -20.0953], [-44.09827, -20.09522], [-44.09801, -20.09519], [-44.09775, -20.09518], [-44.09647, -20.09517], [-44.0962, -20.09515], [-44.09579, -20.09512], [-44.09546, -20.09512], [-44.09518, -20.09509], [-44.09495, -20.09508], [-44.09471, -20.09507], [-44.09445, -20.09505], [-44.09419, -20.09505], [-44.09389, -20.09504], [-44.09345, -20.09504], [-44.09308, -20.09502], [-44.0926, -20.09495], [-44.0923, -20.09489], [-44.09196, -20.09478], [-44.09166, -20.0947], [-44.09133, -20.09459], [-44.09104, -20.09446], [-44.09074, -20.09423], [-44.09045, -20.09416], [-44.09018, -20.09404], [-44.08976, -20.0939], [-44.08944, -20.09379], [-44.08912, -20.0937], [-44.08883, -20.09362], [-44.08854, -20.09356], [-44.08823, -20.09351], [-44.08798, -20.0934], [-44.08773, -20.09325], [-44.0875, -20.09312], [-44.0873, -20.09302], [-44.08708, -20.09288], [-44.0868, -20.09263], [-44.08659, -20.09244], [-44.08638, -20.0922], [-44.08619, -20.09206], [-44.0859, -20.09192], [-44.08566, -20.09176], [-44.08546, -20.09154], [-44.08506, -20.09115], [-44.08487, -20.09092], [-44.08462, -20.09069], [-44.08437, -20.09043], [-44.08419, -20.09029], [-44.08396, -20.09007], [-44.08372, -20.08988], [-44.08349, -20.08964], [-44.08329, -20.08945], [-44.08309, -20.08926], [-44.08283, -20.08897], [-44.08263, -20.08874], [-44.08243, -20.08859], [-44.08223, -20.08847], [-44.08197, -20.08827], [-44.08173, -20.08814], [-44.08147, -20.08797], [-44.08122, -20.08795], [-44.0809, -20.08795], [-44.08046, -20.08779], [-44.08019, -20.08766], [-44.07988, -20.08755], [-44.07957, -20.0874], [-44.0792, -20.08719], [-44.07895, -20.087], [-44.07875, -20.08684], [-44.07854, -20.08672], [-44.07821, -20.08662], [-44.07793, -20.08653], [-44.07759, -20.08639], [-44.07732, -20.08632], [-44.07702, -20.08624], [-44.07677, -20.08617], [-44.07646, -20.08612], [-44.07615, -20.08606], [-44.07582, -20.08598], [-44.07551, -20.08593], [-44.07516, -20.08589], [-44.07474, -20.08579], [-44.0743, -20.0857], [-44.07399, -20.08562], [-44.07375, -20.08552], [-44.07344, -20.08547], [-44.07315, -20.08537], [-44.07293, -20.08525], [-44.07263, -20.08511], [-44.07232, -20.08496], [-44.07189, -20.08475], [-44.07153, -20.08471], [-44.07128, -20.0847], [-44.07098, -20.08456], [-44.07069, -20.08445], [-44.07029, -20.08427], [-44.07007, -20.08418], [-44.06966, -20.08405], [-44.06936, -20.08394], [-44.06905, -20.08385], [-44.06877, -20.08379], [-44.06851, -20.08374], [-44.06823, -20.08362], [-44.06787, -20.08341], [-44.06758, -20.0832], [-44.06738, -20.08304], [-44.0671, -20.08277], [-44.06691, -20.08255], [-44.0667, -20.08237], [-44.06637, -20.08229], [-44.06608, -20.08202], [-44.06591, -20.08183], [-44.06574, -20.08167], [-44.06545, -20.08135], [-44.0653, -20.08119], [-44.0651, -20.08098], [-44.06493, -20.08078], [-44.06475, -20.08061], [-44.06426, -20.08001], [-44.06415, -20.07984], [-44.06396, -20.07966], [-44.06375, -20.07944], [-44.06359, -20.07927], [-44.06333, -20.07905], [-44.06312, -20.07888], [-44.06291, -20.07875], [-44.06267, -20.07863], [-44.06243, -20.07854], [-44.06219, -20.07841], [-44.06192, -20.07827], [-44.06168, -20.07813], [-44.0614, -20.07793], [-44.06117, -20.07778], [-44.0609, -20.07761], [-44.06072, -20.07744], [-44.06052, -20.07717], [-44.06033, -20.07688], [-44.06019, -20.0767], [-44.06001, -20.07647], [-44.05974, -20.07603], [-44.05957, -20.07589], [-44.05938, -20.07572], [-44.05912, -20.07554], [-44.05892, -20.07541], [-44.05871, -20.07519], [-44.05853, -20.07502], [-44.05825, -20.07479], [-44.05806, -20.07463], [-44.05778, -20.07445], [-44.05747, -20.07429], [-44.05723, -20.07416], [-44.05695, -20.07412], [-44.05672, -20.07409], [-44.05635, -20.07403], [-44.05611, -20.07397], [-44.05574, -20.07385], [-44.05545, -20.07374], [-44.05517, -20.07359], [-44.05496, -20.07349], [-44.05472, -20.07328], [-44.05458, -20.0731], [-44.05448, -20.07289], [-44.05429, -20.07251], [-44.05414, -20.07234], [-44.05394, -20.07207], [-44.05368, -20.07185], [-44.05346, -20.07173], [-44.05312, -20.07159], [-44.05287, -20.0715], [-44.05261, -20.07135], [-44.05242, -20.07117], [-44.05224, -20.07101], [-44.05193, -20.07082], [-44.05162, -20.07059], [-44.05136, -20.07042], [-44.05113, -20.07028], [-44.05089, -20.07016], [-44.05052, -20.07001], [-44.05025, -20.06987], [-44.04999, -20.06976], [-44.04971, -20.06957], [-44.0494, -20.06932], [-44.04919, -20.06918], [-44.04892, -20.06895], [-44.04866, -20.06877], [-44.04838, -20.06862], [-44.04827, -20.06854], [-44.04815, -20.06846], [-44.04793, -20.06836], [-44.04769, -20.06822], [-44.04751, -20.06806], [-44.04732, -20.06788], [-44.04716, -20.0677], [-44.04699, -20.06754], [-44.04681, -20.06734], [-44.04665, -20.06718], [-44.04644, -20.06701], [-44.04629, -20.06684], [-44.04601, -20.06676], [-44.04571, -20.06668], [-44.04548, -20.06661], [-44.04518, -20.06652], [-44.04495, -20.06642], [-44.04474, -20.06627], [-44.04464, -20.06606], [-44.04436, -20.06577], [-44.04417, -20.06557], [-44.04361, -20.06499], [-44.04332, -20.06471], [-44.04312, -20.06449], [-44.04281, -20.06422], [-44.04255, -20.06405], [-44.04227, -20.06395], [-44.04197, -20.06386], [-44.04177, -20.06373], [-44.04154, -20.06353], [-44.0413, -20.06333], [-44.04106, -20.06323], [-44.04088, -20.06309], [-44.04066, -20.06294], [-44.04029, -20.06276], [-44.04001, -20.06265], [-44.03973, -20.06256], [-44.03941, -20.06242], [-44.03909, -20.06232], [-44.03868, -20.06216], [-44.03839, -20.06208], [-44.03808, -20.06206], [-44.03769, -20.06206], [-44.03734, -20.0621], [-44.03708, -20.06212], [-44.03648, -20.06212], [-44.0362, -20.06213], [-44.0357, -20.06213], [-44.03541, -20.06209], [-44.03516, -20.06203], [-44.03486, -20.06184], [-44.03465, -20.06169], [-44.03442, -20.06156], [-44.03416, -20.0614], [-44.03393, -20.06123], [-44.03373, -20.06111], [-44.03328, -20.061], [-44.0328, -20.06095], [-44.03253, -20.06092], [-44.03229, -20.06089], [-44.03205, -20.06085], [-44.03181, -20.06078], [-44.03158, -20.06072], [-44.03134, -20.06065], [-44.03111, -20.06058], [-44.03082, -20.06053], [-44.03042, -20.06048], [-44.03018, -20.06047], [-44.02973, -20.06045], [-44.02944, -20.06042], [-44.02885, -20.06041], [-44.02847, -20.0604], [-44.02801, -20.06037], [-44.02776, -20.06037], [-44.02741, -20.06032], [-44.02712, -20.06024], [-44.02685, -20.06013], [-44.02645, -20.05999], [-44.02613, -20.0599], [-44.02589, -20.0598], [-44.02557, -20.05971], [-44.02523, -20.0596], [-44.02491, -20.05948], [-44.02463, -20.05934], [-44.02424, -20.05912], [-44.02394, -20.05893], [-44.02366, -20.05862], [-44.02341, -20.05835], [-44.02324, -20.05814], [-44.02309, -20.05795], [-44.02288, -20.05769], [-44.02267, -20.05747], [-44.02245, -20.05725], [-44.02225, -20.05702], [-44.02183, -20.05662], [-44.02168, -20.05646], [-44.02146, -20.05623], [-44.02129, -20.05606], [-44.02111, -20.0559], [-44.02095, -20.05572], [-44.02079, -20.05553], [-44.02065, -20.05529], [-44.02035, -20.05494], [-44.01972, -20.05472], [-44.01862, -20.05433], [-44.01865, -20.05449], [-44.01856, -20.05458], [-44.01852, -20.05462], [-44.01804, -20.05479], [-44.01799, -20.05481], [-44.01781, -20.05495], [-44.01772, -20.05502], [-44.01563, -20.05664], [-44.01483, -20.05739], [-44.01479, -20.05744], [-44.0147, -20.05753], [-44.01459, -20.05766], [-44.01438, -20.05822], [-44.01431, -20.05842], [-44.01424, -20.05865], [-44.01415, -20.05892], [-44.01366, -20.05947], [-44.01353, -20.05955], [-44.01339, -20.05964], [-44.01328, -20.0597], [-44.01266, -20.05952], [-44.01189, -20.05931], [-44.01147, -20.05931], [-44.01108, -20.05926], [-44.01101, -20.05925], [-44.01, -20.05913], [-44.00973, -20.05913], [-44.00889, -20.05892], [-44.00866, -20.05887], [-44.00823, -20.05877], [-44.00803, -20.05865], [-44.00702, -20.05811], [-44.00697, -20.05808], [-44.0067, -20.05801], [-44.00636, -20.05793], [-44.00576, -20.05778], [-44.0056, -20.05775], [-44.00548, -20.05775], [-44.005, -20.05777], [-44.00471, -20.05775], [-44.00402, -20.05769], [-44.00376, -20.05767], [-44.00333, -20.05772], [-44.00286, -20.05697], [-44.00286, -20.05697], [-44.00261, -20.05691], [-44.00245, -20.05689], [-44.00238, -20.05688], [-44.0021, -20.05685], [-44.0018, -20.0568], [-44.00152, -20.05679], [-44.00135, -20.05672], [-44.00113, -20.05666], [-44.00107, -20.0567], [-44.00097, -20.05678], [-44.00088, -20.05685], [-44.00076, -20.05707], [-44.00055, -20.05719], [-44.00027, -20.05726], [-44.00009, -20.05741], [-43.99994, -20.0575], [-43.99983, -20.05792], [-43.998, -20.05835], [-43.99657, -20.06093], [-43.99626, -20.06207], [-43.99637, -20.06273], [-43.99633, -20.06351], [-43.996, -20.06409], [-43.99519, -20.06523], [-43.99497, -20.06608], [-43.99494, -20.06781], [-43.99494, -20.06887], [-43.99464, -20.06954], [-43.99354, -20.07097], [-43.99324, -20.072], [-43.99332, -20.07336], [-43.9931, -20.07535], [-43.99277, -20.07592], [-43.99214, -20.07704], [-43.99055, -20.08048], [-43.99028, -20.08136], [-43.98964, -20.08352], [-43.98924, -20.08408], [-43.98887, -20.0846], [-43.98864, -20.08525], [-43.98661, -20.08745], [-43.98612, -20.08785], [-43.98587, -20.08814], [-43.98569, -20.08847], [-43.98521, -20.08887], [-43.98495, -20.08915], [-43.98401, -20.09101], [-43.98361, -20.09182], [-43.98342, -20.09231], [-43.98344, -20.09267], [-43.98345, -20.09311], [-43.9831, -20.09347], [-43.98289, -20.09378], [-43.98286, -20.09413], [-43.98285, -20.09429], [-43.98283, -20.09442], [-43.98278, -20.09468], [-43.98275, -20.0949], [-43.9827, -20.09517], [-43.98269, -20.09541], [-43.98268, -20.09564], [-43.98267, -20.09591], [-43.98268, -20.09615], [-43.98269, -20.09639], [-43.98269, -20.09662], [-43.98271, -20.09694], [-43.98274, -20.09724], [-43.98279, -20.09757], [-43.98284, -20.09794], [-43.98289, -20.09826], [-43.98298, -20.09857], [-43.98301, -20.09887], [-43.98309, -20.09919], [-43.98318, -20.0995], [-43.98329, -20.09973], [-43.98339, -20.1], [-43.98349, -20.10022], [-43.98351, -20.10051], [-43.98351, -20.10083], [-43.9835, -20.10112], [-43.98345, -20.1014], [-43.98341, -20.1017], [-43.98337, -20.10196], [-43.98333, -20.10224], [-43.98328, -20.10252], [-43.98326, -20.10274], [-43.98322, -20.10302], [-43.98315, -20.10331], [-43.98307, -20.10354], [-43.98297, -20.10384], [-43.98285, -20.10414], [-43.98278, -20.1044], [-43.98263, -20.10496], [-43.98257, -20.10523], [-43.9825, -20.10565], [-43.98245, -20.10587], [-43.9824, -20.10617], [-43.98235, -20.10642], [-43.9823, -20.10672], [-43.98225, -20.10703], [-43.98218, -20.10727], [-43.98207, -20.1075], [-43.982, -20.10776], [-43.98193, -20.10805], [-43.98195, -20.10828], [-43.98195, -20.10854], [-43.9819, -20.10888], [-43.98182, -20.10915], [-43.98177, -20.1095], [-43.98172, -20.10977], [-43.98167, -20.11002], [-43.98158, -20.11023], [-43.98142, -20.11048], [-43.98123, -20.11072], [-43.98106, -20.11104], [-43.98088, -20.11136], [-43.98074, -20.11164], [-43.98062, -20.112], [-43.98054, -20.11223], [-43.98048, -20.1125], [-43.98031, -20.11282], [-43.98018, -20.11306], [-43.98012, -20.11328], [-43.98004, -20.11354], [-43.97996, -20.11386], [-43.97992, -20.11413], [-43.97987, -20.11444], [-43.97984, -20.1147], [-43.9798, -20.11504], [-43.97984, -20.11534], [-43.97984, -20.11617], [-43.97986, -20.11638], [-43.97991, -20.11661], [-43.97991, -20.1169], [-43.97993, -20.11719], [-43.97993, -20.11742], [-43.97995, -20.11764], [-43.97998, -20.11795], [-43.97999, -20.11834], [-43.98, -20.11862], [-43.98003, -20.11885], [-43.98004, -20.11918], [-43.98004, -20.11949], [-43.98005, -20.11973], [-43.9801, -20.11996], [-43.98019, -20.12031], [-43.98022, -20.12065], [-43.98022, -20.12116], [-43.98019, -20.12148], [-43.98014, -20.12173], [-43.98004, -20.12196], [-43.97992, -20.12223], [-43.97985, -20.12248], [-43.97974, -20.12276], [-43.97962, -20.12312], [-43.97952, -20.12338], [-43.9794, -20.12373], [-43.97926, -20.12409], [-43.97926, -20.1248], [-43.97928, -20.12503], [-43.97929, -20.12524], [-43.97928, -20.12549], [-43.97925, -20.12575], [-43.97922, -20.12598], [-43.97922, -20.12623], [-43.9792, -20.12648], [-43.97917, -20.1269], [-43.97916, -20.12725], [-43.97914, -20.12757], [-43.97913, -20.12779], [-43.97907, -20.12805], [-43.97901, -20.12827], [-43.97894, -20.12849], [-43.97883, -20.12881], [-43.97866, -20.12902], [-43.97849, -20.1293], [-43.97839, -20.12956], [-43.97827, -20.12977], [-43.97816, -20.12996], [-43.97804, -20.13016], [-43.97786, -20.13044], [-43.97767, -20.13068], [-43.9775, -20.13087], [-43.97735, -20.13107], [-43.9772, -20.13126], [-43.97739, -20.13158], [-43.97775, -20.13205], [-43.97809, -20.13237], [-43.97831, -20.13252], [-43.9785, -20.13264], [-43.97869, -20.13279], [-43.97896, -20.1329], [-43.97916, -20.13301], [-43.97933, -20.13322], [-43.9795, -20.13341], [-43.97964, -20.13361], [-43.97978, -20.1338], [-43.98025, -20.13392], [-43.98049, -20.134], [-43.98071, -20.13414], [-43.98082, -20.13433], [-43.98092, -20.13461], [-43.98103, -20.1349], [-43.98115, -20.1351], [-43.98128, -20.13529], [-43.98142, -20.13548], [-43.98159, -20.13563], [-43.98175, -20.13584], [-43.98191, -20.136], [-43.98207, -20.13618], [-43.98232, -20.13629], [-43.98255, -20.13633], [-43.98278, -20.13641], [-43.983, -20.13649], [-43.9832, -20.13662], [-43.98339, -20.13676], [-43.98356, -20.13692], [-43.98371, -20.13709], [-43.98388, -20.13726], [-43.98404, -20.13745], [-43.98436, -20.13779], [-43.98453, -20.138], [-43.98475, -20.13813], [-43.98498, -20.13818], [-43.98521, -20.13823], [-43.98545, -20.13826], [-43.98569, -20.13831], [-43.98592, -20.13832], [-43.98616, -20.13834], [-43.98639, -20.13835], [-43.98689, -20.13835], [-43.98712, -20.13834], [-43.98734, -20.13822], [-43.9876, -20.13815], [-43.98783, -20.13817], [-43.9881, -20.1382], [-43.98835, -20.13821], [-43.98859, -20.13823], [-43.98883, -20.13827], [-43.98905, -20.13835], [-43.98929, -20.1384], [-43.98954, -20.13841], [-43.98975, -20.13833], [-43.99002, -20.13822], [-43.99024, -20.1381], [-43.99044, -20.13795], [-43.99068, -20.1379], [-43.99091, -20.13789], [-43.99111, -20.13803], [-43.99131, -20.13819], [-43.99148, -20.13836], [-43.99163, -20.13858], [-43.99186, -20.13866], [-43.99211, -20.13873], [-43.99236, -20.13877], [-43.99264, -20.13882], [-43.99287, -20.13884], [-43.99309, -20.13872], [-43.99326, -20.13854], [-43.99336, -20.13832], [-43.99356, -20.13819], [-43.99379, -20.1379], [-43.99393, -20.1377], [-43.99416, -20.13754], [-43.99442, -20.13745], [-43.99464, -20.13737], [-43.99487, -20.13729], [-43.99514, -20.13721], [-43.99541, -20.13716], [-43.99565, -20.1371], [-43.99593, -20.13709], [-43.9962, -20.13704], [-43.99651, -20.13702], [-43.99676, -20.137], [-43.9971, -20.13696], [-43.99738, -20.13694], [-43.99883, -20.13694], [-43.9991, -20.13697], [-43.99937, -20.13698], [-43.99965, -20.137], [-43.9999, -20.13708], [-44.00013, -20.13716], [-44.00018, -20.13717], [-44.00022, -20.13719], [-44.00046, -20.13719], [-44.00071, -20.13729], [-44.00094, -20.13741], [-44.00118, -20.13743], [-44.00146, -20.13738], [-44.00167, -20.13724], [-44.00199, -20.13716], [-44.00225, -20.13701], [-44.00251, -20.1369], [-44.00279, -20.1368], [-44.00305, -20.13676], [-44.00338, -20.13672], [-44.00363, -20.1367], [-44.00389, -20.13664], [-44.00416, -20.13651], [-44.00438, -20.13641], [-44.00463, -20.13625], [-44.00485, -20.13609], [-44.00507, -20.13595], [-44.00533, -20.13589], [-44.00584, -20.1359], [-44.00613, -20.13593], [-44.00638, -20.13597], [-44.00661, -20.13595], [-44.00688, -20.13587], [-44.00711, -20.13579], [-44.00737, -20.13583], [-44.00767, -20.13605], [-44.00785, -20.13619], [-44.0081, -20.13632], [-44.00834, -20.1364], [-44.00863, -20.13651], [-44.00885, -20.13662], [-44.00908, -20.13671], [-44.00934, -20.13679], [-44.00962, -20.13686], [-44.00985, -20.13678], [-44.01012, -20.13656], [-44.01032, -20.13643], [-44.01046, -20.13623], [-44.01066, -20.13612], [-44.0109, -20.13602], [-44.01113, -20.13597], [-44.01169, -20.13598], [-44.01194, -20.13597], [-44.01218, -20.13592], [-44.01241, -20.13584], [-44.01261, -20.13564], [-44.01284, -20.1355], [-44.01301, -20.13533], [-44.01324, -20.1352], [-44.01348, -20.13522], [-44.01375, -20.13531], [-44.01398, -20.13542], [-44.01426, -20.13548], [-44.01454, -20.13548], [-44.01484, -20.13546], [-44.01509, -20.1354], [-44.01534, -20.13539], [-44.01558, -20.13541], [-44.01589, -20.13551], [-44.01618, -20.1357], [-44.01636, -20.13584], [-44.01654, -20.13605], [-44.0167, -20.1363], [-44.01684, -20.13652], [-44.01699, -20.13677], [-44.01717, -20.13695], [-44.01743, -20.137], [-44.01768, -20.13706], [-44.01794, -20.13713], [-44.01817, -20.13717], [-44.01899, -20.13717], [-44.01926, -20.13721], [-44.01949, -20.13726], [-44.01972, -20.13738], [-44.01999, -20.13742], [-44.0202, -20.13758], [-44.02033, -20.1378], [-44.02035, -20.13805], [-44.02032, -20.13833], [-44.02033, -20.13863], [-44.02047, -20.13881], [-44.02068, -20.13892], [-44.02095, -20.13896], [-44.02144, -20.13898], [-44.02169, -20.13904], [-44.02197, -20.13921], [-44.02221, -20.13932], [-44.02242, -20.1395], [-44.02262, -20.13965], [-44.02284, -20.13978], [-44.0231, -20.1398], [-44.02334, -20.13983], [-44.02362, -20.1399], [-44.02384, -20.14], [-44.02405, -20.14016], [-44.02429, -20.14027], [-44.02451, -20.14039], [-44.02462, -20.14063], [-44.02482, -20.14099], [-44.02507, -20.1412], [-44.02546, -20.14118], [-44.02594, -20.14114], [-44.02645, -20.14104], [-44.02689, -20.14106], [-44.0272, -20.14112], [-44.02754, -20.14128], [-44.02778, -20.14146], [-44.02807, -20.1415], [-44.02829, -20.14162], [-44.02841, -20.14179], [-44.02863, -20.14199], [-44.02877, -20.14215], [-44.02891, -20.14225], [-44.02908, -20.14236], [-44.02929, -20.1424], [-44.0296, -20.14243], [-44.03008, -20.14248], [-44.03033, -20.14252], [-44.03068, -20.14257], [-44.03101, -20.14259], [-44.0313, -20.14258], [-44.03162, -20.14257], [-44.03197, -20.14253], [-44.03211, -20.14249], [-44.03226, -20.14247], [-44.03244, -20.14241], [-44.03267, -20.14246], [-44.03288, -20.14258], [-44.03306, -20.1427], [-44.03327, -20.14297], [-44.03351, -20.14304], [-44.03368, -20.14305], [-44.0336, -20.14275], [-44.03338, -20.14222], [-44.03313, -20.14171], [-44.03292, -20.14142], [-44.03264, -20.14119], [-44.03248, -20.14106], [-44.0323, -20.14102], [-44.03195, -20.14104], [-44.03169, -20.14101], [-44.03145, -20.14082], [-44.0312, -20.14054], [-44.03097, -20.14016], [-44.03086, -20.13993], [-44.03083, -20.13974], [-44.03086, -20.13955], [-44.03098, -20.13936], [-44.03119, -20.13915], [-44.03139, -20.139], [-44.03173, -20.13879], [-44.03201, -20.13874], [-44.03297, -20.13863], [-44.03382, -20.13851], [-44.03435, -20.13836], [-44.03467, -20.13827], [-44.0352, -20.13815], [-44.03559, -20.13811], [-44.03595, -20.13806], [-44.03622, -20.13802], [-44.03644, -20.13792], [-44.03656, -20.13775], [-44.03663, -20.13752], [-44.03665, -20.13727], [-44.03647, -20.13653], [-44.03648, -20.1363], [-44.03653, -20.13613], [-44.03668, -20.13581], [-44.03669, -20.13549], [-44.03644, -20.13476], [-44.03639, -20.13462], [-44.03637, -20.13448], [-44.03644, -20.13412], [-44.03656, -20.13368], [-44.03663, -20.13342], [-44.03671, -20.13328], [-44.03677, -20.13298], [-44.03676, -20.13277], [-44.03676, -20.13251], [-44.03678, -20.1323], [-44.03684, -20.13212], [-44.03693, -20.132], [-44.03705, -20.13186], [-44.0373, -20.13168], [-44.03759, -20.13147], [-44.0379, -20.13119], [-44.0383, -20.13077], [-44.03847, -20.13054], [-44.03858, -20.13032], [-44.03863, -20.13016], [-44.03866, -20.13005], [-44.03877, -20.12989], [-44.03897, -20.12969], [-44.03948, -20.12911], [-44.03991, -20.12863], [-44.04023, -20.12838], [-44.04054, -20.1281], [-44.04075, -20.12785], [-44.04096, -20.12753], [-44.04106, -20.12734], [-44.04112, -20.12718], [-44.04117, -20.12694], [-44.04122, -20.12668], [-44.04128, -20.12651], [-44.04137, -20.12639], [-44.04149, -20.12624], [-44.04151, -20.12617], [-44.04169, -20.12551], [-44.04189, -20.12488], [-44.04195, -20.12462], [-44.04206, -20.12442], [-44.04222, -20.12411], [-44.04238, -20.1237], [-44.04257, -20.12327], [-44.04283, -20.12286], [-44.04307, -20.12253], [-44.04351, -20.12205], [-44.04385, -20.12161], [-44.04421, -20.1211], [-44.04471, -20.12026], [-44.04486, -20.12002], [-44.04495, -20.11996], [-44.04509, -20.11992], [-44.04526, -20.11987], [-44.04681, -20.11956], [-44.04732, -20.11947], [-44.04761, -20.1194], [-44.04783, -20.11939], [-44.04837, -20.11917], [-44.04865, -20.11909], [-44.04904, -20.11902], [-44.04954, -20.11898], [-44.04997, -20.119], [-44.0503, -20.11905], [-44.05037, -20.11906], [-44.05072, -20.11911], [-44.05105, -20.11915], [-44.05125, -20.11916], [-44.05149, -20.11923], [-44.05162, -20.11924], [-44.05185, -20.11923], [-44.05212, -20.1192], [-44.0523, -20.11913], [-44.05244, -20.11904], [-44.05267, -20.11885], [-44.05301, -20.11855], [-44.05328, -20.11824], [-44.05344, -20.11807], [-44.05361, -20.118], [-44.05399, -20.11792], [-44.05439, -20.11787], [-44.05476, -20.11792], [-44.05529, -20.11825], [-44.05578, -20.11873], [-44.05634, -20.11942], [-44.05672, -20.1198], [-44.05724, -20.12006], [-44.05802, -20.12029], [-44.05876, -20.1206], [-44.05981, -20.12105], [-44.06075, -20.12153], [-44.06144, -20.12181], [-44.06181, -20.12203], [-44.06204, -20.12234], [-44.0622, -20.12271], [-44.06235, -20.12306], [-44.0626, -20.12331], [-44.06374, -20.12413], [-44.06464, -20.12465], [-44.06485, -20.1248], [-44.06497, -20.12512], [-44.06517, -20.1257], [-44.06537, -20.12594], [-44.06572, -20.12615], [-44.06617, -20.12618], [-44.06652, -20.12602], [-44.06698, -20.12556], [-44.06725, -20.12535], [-44.06756, -20.12541], [-44.06784, -20.12571], [-44.06845, -20.12645], [-44.06894, -20.12691], [-44.06938, -20.12733], [-44.0698, -20.12775], [-44.07038, -20.12866], [-44.07059, -20.12919], [-44.07049, -20.12975], [-44.07025, -20.13047], [-44.07019, -20.13097], [-44.0702, -20.13154], [-44.07005, -20.13183], [-44.06987, -20.13201], [-44.06934, -20.13217], [-44.0691, -20.13229], [-44.06893, -20.13242], [-44.06885, -20.13261], [-44.06887, -20.13289], [-44.06898, -20.13371], [-44.06906, -20.1341], [-44.06936, -20.13482], [-44.06992, -20.1364], [-44.07024, -20.1375], [-44.07051, -20.13802], [-44.071, -20.13874], [-44.07135, -20.13949], [-44.07152, -20.13989], [-44.07169, -20.14024], [-44.07205, -20.14055], [-44.07231, -20.14081], [-44.0725, -20.14109], [-44.07264, -20.1415], [-44.07273, -20.14204], [-44.07296, -20.14194], [-44.07335, -20.14165], [-44.07378, -20.14111], [-44.07419, -20.14066], [-44.07441, -20.14049], [-44.07487, -20.1403], [-44.07556, -20.13981], [-44.07628, -20.13974], [-44.07679, -20.13977], [-44.07744, -20.14009], [-44.07828, -20.1406], [-44.07937, -20.14125], [-44.07971, -20.14104], [-44.08011, -20.14072], [-44.08046, -20.14026], [-44.08071, -20.14003], [-44.08115, -20.13979], [-44.08179, -20.13956], [-44.08232, -20.13913], [-44.0826, -20.13912], [-44.08289, -20.13913], [-44.08316, -20.13914], [-44.08399, -20.13914], [-44.08425, -20.13909], [-44.08449, -20.139], [-44.08478, -20.13891], [-44.08508, -20.13883], [-44.08536, -20.1388], [-44.08562, -20.13879], [-44.0858, -20.13893], [-44.08635, -20.13893], [-44.08668, -20.13898], [-44.08701, -20.139], [-44.0873, -20.13902], [-44.08763, -20.13904], [-44.08801, -20.13901], [-44.08828, -20.13892], [-44.08943, -20.13893], [-44.08971, -20.13894], [-44.09004, -20.139], [-44.09041, -20.13909], [-44.09058, -20.13926], [-44.0908, -20.13941], [-44.09102, -20.13953], [-44.09123, -20.13966], [-44.09149, -20.13981], [-44.09174, -20.14003], [-44.09195, -20.14018], [-44.09213, -20.14033], [-44.0924, -20.14053], [-44.09262, -20.14073], [-44.09279, -20.14088], [-44.09297, -20.14109], [-44.09319, -20.14129], [-44.09336, -20.14147], [-44.09347, -20.14174], [-44.09349, -20.14205], [-44.09347, -20.14232], [-44.09337, -20.14256], [-44.09316, -20.1427], [-44.09298, -20.14286], [-44.09267, -20.14305], [-44.09265, -20.14332], [-44.09252, -20.14351], [-44.09236, -20.14374], [-44.09215, -20.14411], [-44.09198, -20.14438], [-44.09184, -20.14465], [-44.09169, -20.14491], [-44.09153, -20.14514], [-44.0914, -20.14536], [-44.09117, -20.14573], [-44.09101, -20.146], [-44.09084, -20.14636], [-44.09065, -20.14671], [-44.09048, -20.14715], [-44.09038, -20.14743], [-44.09023, -20.14778], [-44.09008, -20.14806], [-44.08997, -20.14828], [-44.08987, -20.14849], [-44.08967, -20.14878], [-44.08945, -20.14905], [-44.08929, -20.14921], [-44.08907, -20.14945], [-44.08893, -20.14965], [-44.08871, -20.14989], [-44.08855, -20.15011], [-44.08831, -20.15042], [-44.08815, -20.15069], [-44.08804, -20.15092], [-44.08794, -20.1512], [-44.0878, -20.15147], [-44.08769, -20.15175], [-44.08753, -20.15198], [-44.08737, -20.15224], [-44.08722, -20.15252], [-44.08711, -20.15275], [-44.08693, -20.15303], [-44.0867, -20.1533], [-44.08654, -20.15359], [-44.08634, -20.15382], [-44.08617, -20.15402], [-44.08602, -20.15432], [-44.0859, -20.15455], [-44.08574, -20.15475], [-44.08559, -20.15498], [-44.08543, -20.15517], [-44.08523, -20.15539], [-44.08498, -20.15559], [-44.08477, -20.15578], [-44.08452, -20.15596], [-44.08431, -20.15615], [-44.0841, -20.15631], [-44.08372, -20.1565], [-44.08339, -20.15668], [-44.0832, -20.15695], [-44.08297, -20.15724], [-44.08274, -20.15755], [-44.08251, -20.15786], [-44.08234, -20.15822], [-44.08213, -20.15878], [-44.08206, -20.15911], [-44.08201, -20.15937], [-44.08197, -20.15959], [-44.08174, -20.1598], [-44.08156, -20.16002], [-44.08156, -20.16036], [-44.08152, -20.16058], [-44.08154, -20.16081], [-44.0816, -20.16106], [-44.08184, -20.16128], [-44.08204, -20.16155], [-44.08207, -20.16176], [-44.08207, -20.16191], [-44.08194, -20.16228], [-44.08186, -20.16257], [-44.08181, -20.16289], [-44.0818, -20.16314], [-44.08176, -20.16336], [-44.08164, -20.16358], [-44.08148, -20.16381], [-44.08141, -20.1642], [-44.08139, -20.16449], [-44.08136, -20.16482], [-44.08127, -20.16507], [-44.08112, -20.16539], [-44.08099, -20.16566], [-44.08083, -20.16587], [-44.08075, -20.16605], [-44.08069, -20.1663], [-44.08065, -20.1666], [-44.08072, -20.16696], [-44.08073, -20.16728], [-44.08058, -20.1676], [-44.08057, -20.16788], [-44.08064, -20.16824], [-44.0807, -20.16848], [-44.08069, -20.16866], [-44.08054, -20.16886], [-44.08048, -20.16916], [-44.08046, -20.16938], [-44.08049, -20.16966], [-44.08049, -20.16994], [-44.08043, -20.1702], [-44.08036, -20.17043], [-44.08028, -20.17056], [-44.08019, -20.17077], [-44.08012, -20.17107], [-44.0801, -20.17131], [-44.08012, -20.17155], [-44.08018, -20.17179], [-44.08018, -20.17204], [-44.08014, -20.17232], [-44.08018, -20.17261], [-44.08024, -20.17296], [-44.08034, -20.17324], [-44.08045, -20.17348], [-44.08047, -20.1737], [-44.08046, -20.17394], [-44.08042, -20.1742], [-44.08047, -20.17452], [-44.08061, -20.1748], [-44.08074, -20.17504], [-44.08085, -20.17525], [-44.08102, -20.1755], [-44.0812, -20.17574], [-44.08132, -20.17599], [-44.08147, -20.17649], [-44.08156, -20.17676], [-44.08177, -20.17709], [-44.0819, -20.17741], [-44.08201, -20.17773], [-44.08207, -20.17799], [-44.0823, -20.17817], [-44.08248, -20.17845], [-44.08259, -20.17865], [-44.08284, -20.17901], [-44.08299, -20.1792], [-44.08307, -20.17947], [-44.08312, -20.17975], [-44.08314, -20.17999], [-44.08316, -20.18021], [-44.08319, -20.18043], [-44.08326, -20.18104], [-44.08344, -20.18113], [-44.08355, -20.18123], [-44.08362, -20.18149], [-44.08373, -20.18172], [-44.08385, -20.18185], [-44.08398, -20.18192], [-44.08413, -20.18192], [-44.08423, -20.18187], [-44.08427, -20.18181], [-44.0843, -20.1817], [-44.08417, -20.18157], [-44.08408, -20.18134], [-44.08395, -20.1812], [-44.08393, -20.18102], [-44.08414, -20.18087], [-44.08432, -20.18066], [-44.08446, -20.18045], [-44.08477, -20.18042], [-44.08504, -20.18044], [-44.08527, -20.18051], [-44.0854, -20.18046], [-44.08545, -20.18037], [-44.08535, -20.18021], [-44.0852, -20.18005], [-44.08507, -20.17983], [-44.08504, -20.1797], [-44.08508, -20.17955], [-44.08522, -20.17948], [-44.08548, -20.17944], [-44.08622, -20.17958], [-44.08668, -20.1794], [-44.08692, -20.17891], [-44.08729, -20.17866], [-44.08779, -20.17866], [-44.08803, -20.17871], [-44.08831, -20.17901], [-44.08858, -20.17925], [-44.08907, -20.17925], [-44.08951, -20.17895], [-44.08982, -20.17791], [-44.09001, -20.17764], [-44.09046, -20.17759], [-44.09061, -20.17779], [-44.09075, -20.17804], [-44.09093, -20.17802], [-44.09104, -20.17774], [-44.09114, -20.17737], [-44.09145, -20.17711], [-44.09212, -20.17698], [-44.09274, -20.17691], [-44.09312, -20.17701], [-44.09334, -20.17718], [-44.0935, -20.17754], [-44.09393, -20.17764], [-44.09437, -20.1777], [-44.09478, -20.17758], [-44.09489, -20.1772], [-44.09506, -20.17682], [-44.09506, -20.17631], [-44.09529, -20.17601], [-44.09597, -20.17554], [-44.09613, -20.17509], [-44.09617, -20.17462], [-44.09652, -20.1745], [-44.09701, -20.1748], [-44.09733, -20.17498], [-44.09787, -20.1751], [-44.09825, -20.17508], [-44.09866, -20.17495], [-44.09895, -20.17477], [-44.09928, -20.17464], [-44.09969, -20.17434], [-44.10008, -20.17428], [-44.10072, -20.17416], [-44.10112, -20.17422], [-44.10153, -20.17427], [-44.10204, -20.17416], [-44.10252, -20.17403], [-44.10332, -20.17386], [-44.10374, -20.17387], [-44.10391, -20.17425], [-44.10412, -20.1751], [-44.10416, -20.1757], [-44.10437, -20.17599], [-44.10459, -20.17633], [-44.10478, -20.17644], [-44.10509, -20.17641], [-44.10548, -20.17634], [-44.10592, -20.1763], [-44.10624, -20.17655], [-44.10632, -20.17699], [-44.1065, -20.17719], [-44.10672, -20.17718], [-44.10698, -20.17698], [-44.10728, -20.17708], [-44.10733, -20.17745], [-44.1072, -20.1782], [-44.1074, -20.17876], [-44.10772, -20.17876], [-44.10836, -20.17856], [-44.10907, -20.17837], [-44.10995, -20.17797], [-44.11046, -20.17765], [-44.11083, -20.17736], [-44.11097, -20.17666], [-44.11117, -20.17596], [-44.11133, -20.17543], [-44.11181, -20.17492], [-44.11236, -20.17454], [-44.11298, -20.17444], [-44.11364, -20.17439], [-44.11418, -20.17426], [-44.11472, -20.17395], [-44.11506, -20.17383], [-44.11526, -20.1736], [-44.11518, -20.17335], [-44.11518, -20.17316], [-44.11514, -20.17293], [-44.1154, -20.17255], [-44.1157, -20.1723], [-44.11588, -20.17212], [-44.11622, -20.17216], [-44.11634, -20.1723], [-44.11639, -20.17254], [-44.1163, -20.17282], [-44.11616, -20.17297], [-44.11609, -20.17316], [-44.11628, -20.1734], [-44.1166, -20.17339], [-44.1167, -20.17363], [-44.11696, -20.17378], [-44.11723, -20.17387], [-44.11738, -20.17399], [-44.11748, -20.17424], [-44.11751, -20.17449], [-44.11761, -20.17468], [-44.11766, -20.17497], [-44.11759, -20.17525], [-44.11747, -20.17545], [-44.11731, -20.17562], [-44.11712, -20.17576], [-44.1169, -20.17591], [-44.11623, -20.17652], [-44.11601, -20.17672], [-44.11588, -20.17733], [-44.11595, -20.17788], [-44.11612, -20.17835], [-44.11639, -20.1788], [-44.11654, -20.17939], [-44.11675, -20.17993], [-44.11699, -20.18026], [-44.11723, -20.18052], [-44.11721, -20.18093], [-44.11724, -20.18136], [-44.11727, -20.18188], [-44.11762, -20.18216], [-44.11793, -20.18233], [-44.11808, -20.18276], [-44.11828, -20.18316], [-44.11866, -20.18319], [-44.11896, -20.18352], [-44.11912, -20.18386], [-44.11901, -20.18415], [-44.11871, -20.18454], [-44.1185, -20.1847], [-44.11822, -20.18497], [-44.11789, -20.18503], [-44.11763, -20.18539], [-44.11749, -20.18571], [-44.11739, -20.18615], [-44.11736, -20.18659], [-44.11736, -20.18688], [-44.1173, -20.18713], [-44.11729, -20.18734], [-44.11735, -20.18748], [-44.11745, -20.18751], [-44.1176, -20.18754], [-44.11782, -20.18752], [-44.11807, -20.18761], [-44.11819, -20.1877], [-44.11824, -20.18784], [-44.11816, -20.18797], [-44.11803, -20.18814], [-44.11807, -20.18829], [-44.1182, -20.18836], [-44.11829, -20.18839], [-44.11833, -20.18848], [-44.11826, -20.1886], [-44.11816, -20.18869], [-44.11805, -20.18868], [-44.11793, -20.18864], [-44.1178, -20.18856], [-44.1177, -20.18844], [-44.11761, -20.18846], [-44.11757, -20.18857], [-44.11758, -20.18867], [-44.11763, -20.18881], [-44.11783, -20.18891], [-44.1179, -20.18899], [-44.11783, -20.18912], [-44.11784, -20.18925], [-44.11789, -20.18938], [-44.11811, -20.18946], [-44.11828, -20.18949], [-44.11862, -20.1895], [-44.11895, -20.1894], [-44.11924, -20.18932], [-44.11954, -20.18927], [-44.11978, -20.18926], [-44.12009, -20.18922], [-44.12043, -20.18927], [-44.1206, -20.1893], [-44.12079, -20.18934], [-44.12096, -20.18942], [-44.12108, -20.18951], [-44.12124, -20.18962], [-44.12127, -20.18962], [-44.12132, -20.18961], [-44.12137, -20.1896], [-44.12146, -20.18958], [-44.12162, -20.18952], [-44.12182, -20.18951], [-44.12194, -20.18958], [-44.12214, -20.18978], [-44.12237, -20.19001], [-44.12251, -20.19008], [-44.12278, -20.19009], [-44.12293, -20.19007], [-44.12309, -20.18999], [-44.12321, -20.19001], [-44.12333, -20.19011], [-44.12336, -20.19027], [-44.12344, -20.19049], [-44.12343, -20.19078], [-44.12343, -20.19117], [-44.12358, -20.19134], [-44.12367, -20.19151], [-44.12363, -20.19176], [-44.1234, -20.19187], [-44.12327, -20.19201], [-44.12323, -20.1921], [-44.12324, -20.19224], [-44.12335, -20.19238], [-44.12351, -20.19243], [-44.12371, -20.19248], [-44.12395, -20.19258], [-44.1241, -20.19276], [-44.12416, -20.19295], [-44.12429, -20.19308], [-44.12453, -20.19313], [-44.12467, -20.19291], [-44.12486, -20.19278], [-44.12506, -20.19276], [-44.12519, -20.19285], [-44.12528, -20.19297], [-44.12527, -20.19315], [-44.12504, -20.19345], [-44.12488, -20.19346], [-44.1245, -20.1934], [-44.1243, -20.19331], [-44.12412, -20.19329], [-44.12397, -20.19331], [-44.12384, -20.19344], [-44.12384, -20.19362], [-44.1239, -20.19378], [-44.12402, -20.19385], [-44.12423, -20.19377], [-44.12443, -20.19375], [-44.12459, -20.19379], [-44.12462, -20.1939], [-44.12464, -20.19409], [-44.12411, -20.19434], [-44.12378, -20.19455], [-44.12337, -20.19505], [-44.1233, -20.19547], [-44.12329, -20.19599], [-44.1233, -20.19643], [-44.12396, -20.19858], [-44.12435, -20.19932], [-44.12444, -20.19958], [-44.12443, -20.19986], [-44.1244, -20.20019], [-44.12405, -20.20084], [-44.12344, -20.20148], [-44.12294, -20.20187], [-44.12227, -20.20229], [-44.12209, -20.20251], [-44.12188, -20.20299], [-44.12185, -20.20317], [-44.12183, -20.20358], [-44.12185, -20.20384], [-44.1219, -20.20403], [-44.12201, -20.20443], [-44.1223, -20.20505], [-44.12265, -20.20565], [-44.12363, -20.20683], [-44.12397, -20.20725], [-44.12434, -20.20766], [-44.12452, -20.20802], [-44.12457, -20.20823], [-44.12438, -20.20871], [-44.12332, -20.21024], [-44.12322, -20.21059], [-44.12308, -20.21135], [-44.12302, -20.21192], [-44.12283, -20.21261], [-44.12244, -20.21323], [-44.12195, -20.21354], [-44.12131, -20.21365], [-44.12069, -20.21385], [-44.11992, -20.21407], [-44.11913, -20.21443], [-44.11841, -20.21487], [-44.11756, -20.21532], [-44.11688, -20.21567], [-44.11586, -20.21605], [-44.11472, -20.21662], [-44.11395, -20.2173], [-44.11314, -20.21797], [-44.11268, -20.2186], [-44.11235, -20.21933], [-44.11202, -20.22017], [-44.1118, -20.22077], [-44.11157, -20.22189], [-44.11158, -20.22227], [-44.11209, -20.22306], [-44.11347, -20.22426], [-44.11371, -20.22449], [-44.11404, -20.22474], [-44.11445, -20.22527], [-44.11468, -20.22587], [-44.11534, -20.22659], [-44.11641, -20.22735], [-44.11733, -20.2281], [-44.11805, -20.22848], [-44.11917, -20.229], [-44.11983, -20.22931], [-44.12022, -20.22952], [-44.12066, -20.22966], [-44.12103, -20.22969], [-44.12143, -20.22978], [-44.12188, -20.22985], [-44.12226, -20.23019], [-44.1228, -20.23048], [-44.12315, -20.2307], [-44.12341, -20.23085], [-44.1241, -20.23127], [-44.12423, -20.23173], [-44.12413, -20.2319], [-44.12392, -20.23203], [-44.12368, -20.23226], [-44.12338, -20.23247], [-44.12324, -20.23258], [-44.1231, -20.2327], [-44.12297, -20.23282], [-44.12295, -20.23344], [-44.12358, -20.23436], [-44.12432, -20.23504], [-44.12529, -20.2354], [-44.12614, -20.23557], [-44.1273, -20.23578], [-44.12908, -20.23518], [-44.13136, -20.23378], [-44.13285, -20.23327], [-44.13382, -20.23314], [-44.13464, -20.2334], [-44.13557, -20.23373], [-44.13683, -20.23394], [-44.13781, -20.234], [-44.1387, -20.2341], [-44.13964, -20.23341], [-44.14011, -20.23286], [-44.14047, -20.23247], [-44.14086, -20.23226], [-44.14132, -20.23211], [-44.14171, -20.23186], [-44.14201, -20.2315], [-44.14197, -20.23089], [-44.1419, -20.23044], [-44.14177, -20.22996], [-44.14167, -20.22934], [-44.1416, -20.22881], [-44.14163, -20.22821], [-44.14176, -20.22761], [-44.14213, -20.22705], [-44.14258, -20.22665], [-44.14317, -20.22645], [-44.14357, -20.22642], [-44.14397, -20.22644], [-44.14462, -20.22659], [-44.14497, -20.22675], [-44.14554, -20.2269], [-44.14616, -20.22698], [-44.14678, -20.22712], [-44.14677, -20.2271], [-44.1467, -20.22688], [-44.14678, -20.22676], [-44.14684, -20.22667], [-44.14709, -20.22661], [-44.14759, -20.22661], [-44.14791, -20.22668], [-44.14816, -20.22674], [-44.14864, -20.22684], [-44.1489, -20.22695], [-44.14912, -20.22706], [-44.14933, -20.22718], [-44.14958, -20.22729], [-44.14979, -20.22744], [-44.15002, -20.22761], [-44.15024, -20.22777], [-44.15043, -20.2279], [-44.1507, -20.22811], [-44.15089, -20.22829], [-44.15105, -20.22848], [-44.15121, -20.22865], [-44.15139, -20.22881], [-44.15165, -20.22893], [-44.15188, -20.22905], [-44.15212, -20.22914], [-44.15234, -20.22925], [-44.15259, -20.22932], [-44.15283, -20.2294], [-44.15333, -20.22941], [-44.15357, -20.22954], [-44.15383, -20.22955], [-44.15414, -20.22956], [-44.15471, -20.22957], [-44.15508, -20.22952], [-44.15532, -20.22948], [-44.15556, -20.22943], [-44.15584, -20.22938], [-44.1561, -20.22924], [-44.15632, -20.22906], [-44.15661, -20.22899], [-44.15683, -20.22891], [-44.15699, -20.22874], [-44.15713, -20.22854], [-44.15725, -20.22833], [-44.15734, -20.22811], [-44.15745, -20.22785], [-44.1575, -20.22761], [-44.15756, -20.22739], [-44.1576, -20.22713], [-44.15769, -20.2269], [-44.15778, -20.22662], [-44.15789, -20.22639], [-44.15798, -20.22613], [-44.15807, -20.22587], [-44.15814, -20.22559], [-44.15822, -20.22532], [-44.15825, -20.2251], [-44.15832, -20.2248], [-44.15837, -20.22449], [-44.15842, -20.22421], [-44.15843, -20.22399], [-44.15842, -20.22374], [-44.15844, -20.22345], [-44.15849, -20.22321], [-44.15858, -20.22296], [-44.15871, -20.22273], [-44.15881, -20.22251], [-44.15894, -20.22231], [-44.15916, -20.22219], [-44.15937, -20.22209], [-44.15961, -20.22205], [-44.16014, -20.22206], [-44.16038, -20.2221], [-44.16064, -20.22215], [-44.16081, -20.22231], [-44.16105, -20.22237], [-44.16154, -20.22238], [-44.1617, -20.22222], [-44.16188, -20.22207], [-44.16203, -20.22188], [-44.16219, -20.22165], [-44.16234, -20.22139], [-44.16243, -20.22116], [-44.16252, -20.22089], [-44.16258, -20.22062], [-44.16264, -20.2204], [-44.16269, -20.22018], [-44.16283, -20.21995], [-44.16298, -20.21978], [-44.1632, -20.21966], [-44.16343, -20.21952], [-44.16347, -20.2193], [-44.16355, -20.21903], [-44.1636, -20.21879], [-44.16366, -20.21857], [-44.16369, -20.21834], [-44.16374, -20.21809], [-44.16375, -20.21784], [-44.16378, -20.21755], [-44.16386, -20.21729], [-44.16396, -20.21704], [-44.16421, -20.21697], [-44.16448, -20.217], [-44.16477, -20.21711], [-44.16501, -20.21724], [-44.16521, -20.2174], [-44.16543, -20.21757], [-44.16565, -20.21774], [-44.16589, -20.21791], [-44.16612, -20.21808], [-44.16641, -20.21829], [-44.16669, -20.21842], [-44.16691, -20.21856], [-44.16719, -20.21875], [-44.16748, -20.21887], [-44.1678, -20.219], [-44.16802, -20.21917], [-44.16823, -20.21939], [-44.16857, -20.21948], [-44.1688, -20.21954], [-44.16909, -20.2196], [-44.16939, -20.2196], [-44.16968, -20.21962], [-44.16998, -20.21963], [-44.17028, -20.21965], [-44.17056, -20.21963], [-44.17088, -20.21958], [-44.17118, -20.21961], [-44.17143, -20.21965], [-44.17172, -20.21972], [-44.17231, -20.21991], [-44.17259, -20.22002], [-44.17293, -20.2201], [-44.17328, -20.22034], [-44.17361, -20.22045], [-44.17384, -20.22049], [-44.17416, -20.22057], [-44.17444, -20.2207], [-44.17468, -20.22079], [-44.17488, -20.22093], [-44.1751, -20.22111], [-44.1753, -20.22129], [-44.17542, -20.22149], [-44.17551, -20.2218], [-44.17554, -20.22209], [-44.17565, -20.22236], [-44.17577, -20.22263], [-44.17588, -20.22294], [-44.17599, -20.22314], [-44.17613, -20.22347], [-44.17629, -20.22375], [-44.1764, -20.22394], [-44.1765, -20.22416], [-44.1766, -20.22437], [-44.17673, -20.22471], [-44.17683, -20.22493], [-44.17689, -20.22515], [-44.17696, -20.2254], [-44.17707, -20.22564], [-44.17719, -20.22592], [-44.17732, -20.2262], [-44.17748, -20.22644], [-44.17761, -20.22666], [-44.17778, -20.22685], [-44.17797, -20.22706], [-44.17817, -20.22721], [-44.17842, -20.22748], [-44.17862, -20.22765], [-44.17886, -20.22786], [-44.17914, -20.22801], [-44.17941, -20.22814], [-44.17966, -20.22815], [-44.17996, -20.22808], [-44.18033, -20.22799], [-44.181, -20.22799], [-44.18132, -20.22803], [-44.18155, -20.22812], [-44.18188, -20.22834], [-44.1821, -20.22852], [-44.18236, -20.22882], [-44.18251, -20.229], [-44.18264, -20.22919], [-44.18276, -20.22944], [-44.18297, -20.22964], [-44.18305, -20.22991], [-44.18312, -20.23013], [-44.18323, -20.23045], [-44.18331, -20.23073], [-44.18336, -20.23101], [-44.18343, -20.23132], [-44.1835, -20.23154], [-44.18357, -20.23187], [-44.18366, -20.23213], [-44.18377, -20.23235], [-44.18391, -20.23264], [-44.18406, -20.23282], [-44.18424, -20.23302], [-44.18446, -20.23319], [-44.18468, -20.23332], [-44.18497, -20.23348], [-44.1853, -20.23343], [-44.18565, -20.23349], [-44.18591, -20.23355], [-44.18621, -20.23363], [-44.18647, -20.2337], [-44.18671, -20.23378], [-44.18697, -20.23386], [-44.18704, -20.23388], [-44.18721, -20.23393], [-44.18747, -20.234], [-44.1878, -20.23409], [-44.18808, -20.23417], [-44.18837, -20.23419], [-44.18868, -20.23427], [-44.18891, -20.23431], [-44.18919, -20.23435], [-44.18949, -20.23441], [-44.18979, -20.23447], [-44.19003, -20.23455], [-44.19025, -20.23464], [-44.19053, -20.23472], [-44.19085, -20.23484], [-44.19118, -20.23498], [-44.19144, -20.23509], [-44.19168, -20.23522], [-44.19195, -20.23536], [-44.19224, -20.2355], [-44.19247, -20.23571], [-44.1927, -20.23596], [-44.19295, -20.2361], [-44.19321, -20.23623], [-44.19349, -20.23637], [-44.19371, -20.23646], [-44.19405, -20.23659], [-44.19429, -20.23669], [-44.19454, -20.23677], [-44.19481, -20.23679], [-44.19514, -20.2368], [-44.19542, -20.23673], [-44.19567, -20.23663], [-44.19597, -20.23651], [-44.1962, -20.23643], [-44.19645, -20.23626], [-44.19667, -20.23608], [-44.19688, -20.23585], [-44.19701, -20.23564], [-44.19716, -20.23547], [-44.1973, -20.23529], [-44.1975, -20.23506], [-44.19765, -20.23482], [-44.19782, -20.23467], [-44.19829, -20.23433], [-44.19853, -20.23421], [-44.19882, -20.23413], [-44.19906, -20.23406], [-44.19936, -20.234], [-44.19965, -20.23392], [-44.19987, -20.23379], [-44.20009, -20.23363], [-44.20039, -20.23353], [-44.20067, -20.23345], [-44.20095, -20.23338], [-44.20119, -20.23333], [-44.20148, -20.23326], [-44.20176, -20.23315], [-44.20206, -20.23305], [-44.20221, -20.23302], [-44.20236, -20.23299], [-44.2027, -20.23293], [-44.20301, -20.23294], [-44.2033, -20.23293], [-44.20386, -20.23293], [-44.20412, -20.23296], [-44.20436, -20.23299], [-44.20462, -20.23304], [-44.20485, -20.23314], [-44.20511, -20.2333], [-44.20541, -20.23337], [-44.20566, -20.23339], [-44.2059, -20.23351], [-44.20611, -20.23368], [-44.20642, -20.23384], [-44.20667, -20.23396], [-44.20691, -20.2341], [-44.20714, -20.23426], [-44.20747, -20.23443], [-44.20769, -20.23457], [-44.20788, -20.23471], [-44.20816, -20.23487], [-44.20843, -20.23512], [-44.20861, -20.23529], [-44.20883, -20.23556], [-44.20898, -20.23576], [-44.20915, -20.23592], [-44.20931, -20.23612], [-44.20945, -20.23633], [-44.2096, -20.23657], [-44.20965, -20.2368], [-44.20976, -20.23701], [-44.2099, -20.23721], [-44.21003, -20.23739], [-44.21024, -20.2375], [-44.21047, -20.23751], [-44.21068, -20.23734], [-44.2108, -20.2371], [-44.21088, -20.23688], [-44.21096, -20.23664], [-44.21117, -20.23641], [-44.21136, -20.23619], [-44.21145, -20.23598], [-44.21137, -20.23575], [-44.21136, -20.23552], [-44.21134, -20.2353], [-44.21134, -20.23506], [-44.2115, -20.23485], [-44.21174, -20.23477], [-44.21197, -20.23475], [-44.2122, -20.2347], [-44.21246, -20.23466], [-44.21269, -20.23468], [-44.21287, -20.23485], [-44.2131, -20.23492], [-44.21331, -20.23502], [-44.21353, -20.23512], [-44.21377, -20.2352], [-44.21382, -20.23521], [-44.21396, -20.23524], [-44.21403, -20.23525], [-44.21439, -20.2353], [-44.21463, -20.2353], [-44.21489, -20.23528], [-44.21513, -20.23521], [-44.21543, -20.23515], [-44.21571, -20.23506], [-44.21592, -20.23493], [-44.21611, -20.23476], [-44.21627, -20.23457], [-44.21645, -20.2344], [-44.21657, -20.23419], [-44.21667, -20.23396], [-44.21679, -20.23374], [-44.21692, -20.23354], [-44.21697, -20.23329], [-44.21701, -20.23306], [-44.21701, -20.23206], [-44.21699, -20.23179], [-44.21698, -20.2315], [-44.21698, -20.23095], [-44.21697, -20.23068], [-44.21698, -20.22999], [-44.21707, -20.22979], [-44.2172, -20.22957], [-44.21738, -20.22938], [-44.21754, -20.22921], [-44.21773, -20.22909], [-44.21796, -20.22902], [-44.21821, -20.22901], [-44.21848, -20.22901], [-44.21876, -20.229], [-44.21926, -20.229], [-44.21959, -20.22906], [-44.21983, -20.22911], [-44.22012, -20.22917], [-44.22037, -20.22921], [-44.22071, -20.22927], [-44.22092, -20.2293], [-44.22102, -20.22931], [-44.22125, -20.22934], [-44.22151, -20.22939], [-44.22175, -20.22945], [-44.22213, -20.2295], [-44.22236, -20.22954], [-44.22262, -20.22958], [-44.2229, -20.22958], [-44.22313, -20.22962], [-44.22331, -20.22977], [-44.22346, -20.22994], [-44.22365, -20.23008], [-44.22383, -20.23023], [-44.22407, -20.23034], [-44.22424, -20.23049], [-44.22448, -20.2307], [-44.22476, -20.2309], [-44.22499, -20.23104], [-44.22527, -20.2312], [-44.22553, -20.23133], [-44.22574, -20.23145], [-44.22603, -20.23162], [-44.22626, -20.23174], [-44.22647, -20.23184], [-44.22671, -20.23195], [-44.22692, -20.23211], [-44.22717, -20.23218], [-44.22745, -20.23228], [-44.2278, -20.23238], [-44.22814, -20.23244], [-44.22837, -20.23245], [-44.22863, -20.23247], [-44.22887, -20.23247], [-44.22912, -20.23249], [-44.2293, -20.23263], [-44.22958, -20.23269], [-44.22981, -20.23273], [-44.23009, -20.23279], [-44.23036, -20.23285], [-44.2306, -20.23284], [-44.23087, -20.23276], [-44.23114, -20.23269], [-44.23144, -20.23266], [-44.23168, -20.23264], [-44.23248, -20.23264], [-44.23271, -20.23267], [-44.23294, -20.23273], [-44.23317, -20.23288], [-44.23318, -20.23212], [-44.23314, -20.2319], [-44.23311, -20.23161], [-44.23307, -20.23137], [-44.233, -20.23083], [-44.23297, -20.23053], [-44.23297, -20.22975], [-44.23299, -20.2295], [-44.23301, -20.22924], [-44.23307, -20.22895], [-44.23313, -20.22872], [-44.23323, -20.22846], [-44.23329, -20.2282], [-44.23337, -20.22797], [-44.23345, -20.22777], [-44.23355, -20.22756], [-44.23363, -20.22734], [-44.23373, -20.22707], [-44.23381, -20.22677], [-44.23388, -20.22652], [-44.23397, -20.22627], [-44.23406, -20.22599], [-44.23413, -20.22576], [-44.23423, -20.2255], [-44.23433, -20.22527], [-44.23446, -20.225], [-44.23456, -20.2248], [-44.23476, -20.22458], [-44.23496, -20.22435], [-44.23522, -20.22387], [-44.23532, -20.22364], [-44.23545, -20.2233], [-44.23552, -20.22301], [-44.23553, -20.22277], [-44.23553, -20.22225], [-44.23551, -20.22201], [-44.2355, -20.22174], [-44.23555, -20.22148], [-44.23559, -20.22125], [-44.2357, -20.22098], [-44.23579, -20.22075], [-44.23593, -20.22056], [-44.23605, -20.22033], [-44.23614, -20.22005], [-44.23625, -20.21982], [-44.23645, -20.21962], [-44.2365, -20.21929], [-44.2365, -20.21904], [-44.23649, -20.21876], [-44.23645, -20.21847], [-44.23639, -20.21824], [-44.2363, -20.21799], [-44.23618, -20.21774], [-44.23605, -20.21752], [-44.23586, -20.2173], [-44.23567, -20.21715], [-44.2354, -20.21699], [-44.2351, -20.21685], [-44.23461, -20.21661], [-44.2344, -20.21651], [-44.23405, -20.21638], [-44.2338, -20.21632], [-44.23352, -20.2162], [-44.2333, -20.21612], [-44.23305, -20.21603], [-44.23276, -20.21596], [-44.23247, -20.21589], [-44.23223, -20.21576], [-44.23179, -20.2155], [-44.23159, -20.21536], [-44.23144, -20.21512], [-44.2312, -20.2149], [-44.23102, -20.2147], [-44.23083, -20.21449], [-44.23064, -20.21427], [-44.2304, -20.21411], [-44.23019, -20.21397], [-44.22996, -20.2138], [-44.22976, -20.21366], [-44.22948, -20.21348], [-44.22925, -20.21334], [-44.22906, -20.21313], [-44.22895, -20.21283], [-44.22885, -20.21262], [-44.22873, -20.21239], [-44.22859, -20.21217], [-44.22844, -20.21187], [-44.22842, -20.21161], [-44.22845, -20.21134], [-44.22857, -20.21112], [-44.22892, -20.21077], [-44.22911, -20.21065], [-44.22935, -20.2106], [-44.2296, -20.21056], [-44.22989, -20.21041], [-44.23011, -20.21023], [-44.23032, -20.21006], [-44.23049, -20.20988], [-44.23058, -20.20966], [-44.23074, -20.2094], [-44.23077, -20.20918], [-44.23084, -20.20893], [-44.23095, -20.20859], [-44.23102, -20.20836], [-44.23109, -20.20813], [-44.23114, -20.20789], [-44.23121, -20.20764], [-44.23134, -20.20741], [-44.23155, -20.20718], [-44.23178, -20.20698], [-44.2321, -20.20682], [-44.23237, -20.20674], [-44.23266, -20.20663], [-44.23291, -20.20645], [-44.23309, -20.20629], [-44.23325, -20.20605], [-44.2334, -20.20585], [-44.23353, -20.20562], [-44.23367, -20.20537], [-44.23374, -20.20515], [-44.23378, -20.2049], [-44.23378, -20.20405], [-44.23375, -20.20378], [-44.23374, -20.20354], [-44.23373, -20.2033], [-44.23373, -20.20283], [-44.23376, -20.2026], [-44.23376, -20.20186], [-44.23374, -20.20163], [-44.2337, -20.20134], [-44.23371, -20.20014], [-44.23374, -20.19992], [-44.23378, -20.19968], [-44.23386, -20.1994], [-44.234, -20.19916], [-44.23417, -20.19901], [-44.23438, -20.19886], [-44.23463, -20.19888], [-44.23486, -20.1988], [-44.23514, -20.19874], [-44.23546, -20.19869], [-44.23627, -20.19859], [-44.23655, -20.19854], [-44.23678, -20.19845], [-44.23701, -20.19831], [-44.23724, -20.19813], [-44.23744, -20.19796], [-44.23776, -20.19732], [-44.2378, -20.19699], [-44.23797, -20.19667], [-44.23824, -20.19635], [-44.23856, -20.19611], [-44.23886, -20.19581], [-44.239, -20.19556], [-44.23918, -20.195], [-44.23925, -20.19456], [-44.23928, -20.19425], [-44.2393, -20.19396], [-44.23949, -20.19351], [-44.23967, -20.19303], [-44.23973, -20.19282], [-44.23969, -20.19262], [-44.23953, -20.19208], [-44.23936, -20.19146], [-44.23924, -20.19109], [-44.2392, -20.19074], [-44.23918, -20.19046], [-44.2391, -20.19013], [-44.23906, -20.18971], [-44.23925, -20.18913], [-44.23949, -20.18851], [-44.23964, -20.18815], [-44.2398, -20.18768], [-44.23997, -20.18738], [-44.24005, -20.18704], [-44.24022, -20.18661], [-44.24043, -20.18623], [-44.24067, -20.18568], [-44.24093, -20.18534], [-44.24102, -20.18515], [-44.24102, -20.18481], [-44.24086, -20.18396], [-44.24055, -20.18332], [-44.2402, -20.18258], [-44.24002, -20.18193], [-44.23994, -20.18161], [-44.24009, -20.18129], [-44.23994, -20.18111], [-44.23972, -20.18094], [-44.23952, -20.18083], [-44.23929, -20.18066], [-44.23906, -20.18049], [-44.23887, -20.18036], [-44.23866, -20.18021], [-44.23844, -20.18003], [-44.23821, -20.17994], [-44.23796, -20.17982], [-44.23773, -20.17969], [-44.23749, -20.17959], [-44.23723, -20.17954], [-44.23696, -20.17945], [-44.23675, -20.17933], [-44.23649, -20.1792], [-44.23628, -20.17909], [-44.23609, -20.179], [-44.23586, -20.17884], [-44.23561, -20.17871], [-44.23532, -20.17863], [-44.23499, -20.17859], [-44.23475, -20.17859], [-44.23435, -20.17866], [-44.23403, -20.17862], [-44.23341, -20.17861], [-44.23313, -20.17859], [-44.23277, -20.17858], [-44.23245, -20.17854], [-44.23222, -20.1785], [-44.23197, -20.17846], [-44.2317, -20.17838], [-44.23144, -20.17829], [-44.23119, -20.17823], [-44.23095, -20.17813], [-44.23068, -20.178], [-44.23049, -20.17783], [-44.23032, -20.17763], [-44.23018, -20.17744], [-44.23019, -20.17721], [-44.2303, -20.17698], [-44.23044, -20.17676], [-44.23084, -20.17642], [-44.23104, -20.17626], [-44.2312, -20.1761], [-44.23136, -20.17589], [-44.23152, -20.17572], [-44.23169, -20.17552], [-44.23187, -20.17533], [-44.23209, -20.1752], [-44.23225, -20.17504], [-44.23245, -20.17492], [-44.23264, -20.17474], [-44.23284, -20.17464], [-44.23303, -20.1745], [-44.23326, -20.17444], [-44.23348, -20.17436], [-44.23378, -20.17428], [-44.23402, -20.17421], [-44.2343, -20.17414], [-44.23453, -20.17399], [-44.23477, -20.17397], [-44.23492, -20.1738], [-44.23514, -20.17367], [-44.2353, -20.17338], [-44.23541, -20.17309], [-44.23547, -20.17286], [-44.2356, -20.17257], [-44.23565, -20.17232], [-44.23567, -20.17206], [-44.23569, -20.1717], [-44.23565, -20.17146], [-44.23556, -20.1712], [-44.23556, -20.17084], [-44.23555, -20.17061], [-44.23553, -20.1703], [-44.2355, -20.17005], [-44.23551, -20.16941], [-44.23555, -20.16913], [-44.23556, -20.1689], [-44.2355, -20.16868], [-44.23537, -20.1684], [-44.2352, -20.16805], [-44.23502, -20.16776], [-44.23485, -20.16749], [-44.23474, -20.16726], [-44.23452, -20.16684], [-44.23439, -20.1666], [-44.23426, -20.1664], [-44.23409, -20.16615], [-44.23397, -20.16595], [-44.23386, -20.1657], [-44.23377, -20.16543], [-44.23367, -20.16512], [-44.2336, -20.16487], [-44.23354, -20.16456], [-44.23352, -20.16429], [-44.23349, -20.16402], [-44.23348, -20.16377], [-44.2334, -20.1635], [-44.23332, -20.16321], [-44.23323, -20.16293], [-44.23315, -20.16266], [-44.23307, -20.16241], [-44.23296, -20.1622], [-44.23278, -20.16196], [-44.23262, -20.16175], [-44.23241, -20.16159], [-44.23222, -20.16146], [-44.23197, -20.16137], [-44.23169, -20.16125], [-44.23141, -20.16115], [-44.23116, -20.16106], [-44.23086, -20.16094], [-44.23062, -20.1608], [-44.23036, -20.1607], [-44.23016, -20.16058], [-44.22995, -20.16044], [-44.22976, -20.16028], [-44.22955, -20.16012], [-44.22883, -20.15973], [-44.22832, -20.15916], [-44.22914, -20.15866], [-44.22891, -20.15828], [-44.22774, -20.15699], [-44.22739, -20.15655], [-44.22724, -20.15639], [-44.22709, -20.15627], [-44.22698, -20.15619], [-44.22683, -20.15612], [-44.22664, -20.15603], [-44.22656, -20.15598], [-44.22648, -20.15583], [-44.22634, -20.15551], [-44.22616, -20.155], [-44.22619, -20.15498], [-44.2264, -20.15483], [-44.22626, -20.15457], [-44.2261, -20.15429], [-44.22598, -20.15401], [-44.22581, -20.15355], [-44.2257, -20.15331], [-44.22558, -20.15302], [-44.22554, -20.15279], [-44.22548, -20.15252], [-44.2254, -20.15231], [-44.22534, -20.15227], [-44.22518, -20.1522], [-44.22498, -20.15212], [-44.22482, -20.15203], [-44.22462, -20.1519], [-44.22436, -20.15174], [-44.2242, -20.15163], [-44.22402, -20.1515], [-44.22394, -20.15149], [-44.22388, -20.15147], [-44.22358, -20.1512], [-44.22345, -20.15106], [-44.2233, -20.15092], [-44.22318, -20.15082], [-44.22304, -20.15072], [-44.22294, -20.15068], [-44.22286, -20.15066], [-44.22273, -20.15068], [-44.22254, -20.15072], [-44.22237, -20.15075], [-44.22222, -20.15075], [-44.22207, -20.15072], [-44.22193, -20.15069], [-44.22177, -20.15062], [-44.22152, -20.15054], [-44.22128, -20.15045], [-44.22097, -20.1503], [-44.22086, -20.15023], [-44.22075, -20.15014], [-44.22065, -20.15002], [-44.22055, -20.14993], [-44.22043, -20.14984], [-44.22026, -20.14976], [-44.21994, -20.14965], [-44.21943, -20.14944], [-44.21878, -20.14915], [-44.21882, -20.14882], [-44.21851, -20.14854], [-44.21832, -20.14835], [-44.21819, -20.14819], [-44.21782, -20.14765], [-44.21749, -20.14711], [-44.21735, -20.14687], [-44.21713, -20.14656], [-44.21694, -20.14632], [-44.2167, -20.14605], [-44.21626, -20.14559], [-44.21577, -20.14504], [-44.21551, -20.14466], [-44.21544, -20.14453], [-44.21533, -20.14437], [-44.21529, -20.14432], [-44.21518, -20.1442], [-44.2152, -20.14415], [-44.2153, -20.14394], [-44.21539, -20.14367], [-44.21565, -20.14371], [-44.21569, -20.14358], [-44.2157, -20.14353], [-44.21596, -20.14243], [-44.21597, -20.14228], [-44.21599, -20.14207], [-44.21598, -20.14192], [-44.21595, -20.14173], [-44.21591, -20.14158], [-44.21588, -20.14147], [-44.21569, -20.14117], [-44.2156, -20.14104], [-44.21547, -20.1409], [-44.21536, -20.14081], [-44.21516, -20.14067], [-44.21489, -20.14055], [-44.21461, -20.14044], [-44.21441, -20.14036], [-44.21419, -20.14028], [-44.21374, -20.14013], [-44.21368, -20.1401], [-44.21346, -20.14002], [-44.21293, -20.13983], [-44.21313, -20.13926], [-44.21324, -20.13856], [-44.21336, -20.13815], [-44.21351, -20.13805], [-44.21376, -20.13789], [-44.21382, -20.13763], [-44.21379, -20.13745], [-44.21366, -20.13718], [-44.21346, -20.13689], [-44.21337, -20.13677], [-44.21325, -20.13651], [-44.21324, -20.13612], [-44.21326, -20.13583], [-44.21318, -20.1355], [-44.21321, -20.13531], [-44.21327, -20.13502], [-44.21335, -20.13484], [-44.21348, -20.13455], [-44.21372, -20.13437], [-44.21392, -20.13434], [-44.21406, -20.13443], [-44.21421, -20.13455], [-44.21434, -20.13476], [-44.21449, -20.13479], [-44.21468, -20.13472], [-44.21482, -20.13461], [-44.21501, -20.13454], [-44.21521, -20.13442], [-44.2158, -20.13409], [-44.21621, -20.13375], [-44.2163, -20.13359], [-44.21635, -20.1335], [-44.21638, -20.13332], [-44.21636, -20.13318], [-44.21567, -20.1321], [-44.21487, -20.13119], [-44.21419, -20.13051], [-44.21292, -20.12929], [-44.21256, -20.12865], [-44.21209, -20.12813], [-44.21133, -20.12755], [-44.21074, -20.12681], [-44.21046, -20.12559], [-44.20999, -20.12443], [-44.20957, -20.12377], [-44.20906, -20.12301], [-44.20905, -20.12273]]]}}, {"type": "Feature", "properties": {"cd_dist": "310900610", "nm_dist": "Aranha", "area_km2": 64.1867259, "populacao": 2612, "domicilios": 1462, "alvo": false}, "geometry": {"type": "Polygon", "coordinates": [[[-44.02212, -20.25373], [-44.02233, -20.25354], [-44.02254, -20.25334], [-44.02276, -20.25326], [-44.02333, -20.25313], [-44.02379, -20.25303], [-44.02402, -20.25293], [-44.02422, -20.25284], [-44.0244, -20.25262], [-44.02457, -20.25237], [-44.02472, -20.25229], [-44.02486, -20.25228], [-44.025, -20.25228], [-44.0251, -20.25233], [-44.02517, -20.25245], [-44.02526, -20.25279], [-44.02537, -20.25314], [-44.02553, -20.25354], [-44.02577, -20.25397], [-44.02585, -20.25412], [-44.02593, -20.25417], [-44.02606, -20.25429], [-44.02616, -20.25449], [-44.02627, -20.25474], [-44.02642, -20.25497], [-44.02662, -20.25521], [-44.02679, -20.25538], [-44.02704, -20.25555], [-44.02727, -20.25571], [-44.02752, -20.25579], [-44.02775, -20.25592], [-44.028, -20.25603], [-44.02826, -20.25622], [-44.02856, -20.2564], [-44.02875, -20.25659], [-44.02896, -20.25677], [-44.02917, -20.25694], [-44.02937, -20.25711], [-44.02955, -20.25726], [-44.02983, -20.25747], [-44.03021, -20.25766], [-44.03045, -20.2578], [-44.03071, -20.25797], [-44.03088, -20.25813], [-44.03136, -20.25842], [-44.03163, -20.25862], [-44.0319, -20.25876], [-44.03216, -20.25889], [-44.03239, -20.259], [-44.03264, -20.25904], [-44.03289, -20.25909], [-44.03313, -20.25911], [-44.03345, -20.25911], [-44.03372, -20.25911], [-44.03397, -20.25913], [-44.03422, -20.25915], [-44.03449, -20.25915], [-44.03472, -20.25909], [-44.03482, -20.25886], [-44.03489, -20.2586], [-44.03492, -20.25835], [-44.03491, -20.25782], [-44.0349, -20.25754], [-44.03487, -20.25728], [-44.03484, -20.25705], [-44.03483, -20.25681], [-44.03481, -20.25544], [-44.03484, -20.25519], [-44.03491, -20.25485], [-44.03496, -20.25458], [-44.03503, -20.25435], [-44.03523, -20.25416], [-44.03535, -20.25397], [-44.03547, -20.25371], [-44.03564, -20.25348], [-44.03582, -20.25334], [-44.03598, -20.25318], [-44.03615, -20.253], [-44.03634, -20.25287], [-44.03653, -20.25271], [-44.03679, -20.25257], [-44.03714, -20.2526], [-44.03737, -20.25262], [-44.03767, -20.25265], [-44.03797, -20.25272], [-44.03828, -20.25285], [-44.03864, -20.25297], [-44.03897, -20.25305], [-44.03921, -20.25313], [-44.03952, -20.2532], [-44.03976, -20.25329], [-44.04004, -20.25333], [-44.04031, -20.25337], [-44.04058, -20.25328], [-44.04086, -20.25325], [-44.04114, -20.25324], [-44.04141, -20.25321], [-44.04165, -20.25317], [-44.04198, -20.25313], [-44.04226, -20.25315], [-44.04252, -20.25322], [-44.0428, -20.25321], [-44.04306, -20.25319], [-44.04334, -20.2531], [-44.04354, -20.253], [-44.04381, -20.25291], [-44.04403, -20.25287], [-44.04426, -20.25287], [-44.04447, -20.25287], [-44.04475, -20.25279], [-44.04499, -20.25274], [-44.04527, -20.25267], [-44.04548, -20.25263], [-44.04565, -20.25259], [-44.0458, -20.25253], [-44.04605, -20.25243], [-44.04627, -20.2524], [-44.04656, -20.25234], [-44.0468, -20.25222], [-44.0471, -20.25207], [-44.04733, -20.25188], [-44.04756, -20.25171], [-44.04779, -20.25157], [-44.04795, -20.25135], [-44.04812, -20.25119], [-44.04834, -20.25097], [-44.04878, -20.25063], [-44.04906, -20.25037], [-44.04935, -20.25017], [-44.04963, -20.24995], [-44.04998, -20.24975], [-44.05023, -20.2495], [-44.05038, -20.24918], [-44.05048, -20.24886], [-44.05063, -20.24861], [-44.05077, -20.24839], [-44.05089, -20.24818], [-44.051, -20.24791], [-44.05118, -20.24772], [-44.05136, -20.24755], [-44.0515, -20.24735], [-44.05165, -20.24713], [-44.05178, -20.24694], [-44.05195, -20.24674], [-44.05215, -20.24658], [-44.05233, -20.24642], [-44.05252, -20.24624], [-44.05311, -20.2456], [-44.05337, -20.24565], [-44.05351, -20.24598], [-44.05364, -20.24623], [-44.05388, -20.24628], [-44.05417, -20.24632], [-44.0544, -20.24643], [-44.0547, -20.24654], [-44.05498, -20.24641], [-44.05537, -20.24632], [-44.05574, -20.24649], [-44.0558, -20.24671], [-44.05597, -20.2472], [-44.05602, -20.24746], [-44.05591, -20.24788], [-44.05622, -20.24811], [-44.05667, -20.24793], [-44.05694, -20.24787], [-44.0572, -20.24783], [-44.05746, -20.24784], [-44.05772, -20.24787], [-44.05797, -20.24795], [-44.05838, -20.24789], [-44.05873, -20.2479], [-44.05912, -20.24811], [-44.0594, -20.24826], [-44.05969, -20.24837], [-44.05978, -20.2486], [-44.05979, -20.24882], [-44.05985, -20.24901], [-44.06004, -20.24922], [-44.06006, -20.24958], [-44.0603, -20.24975], [-44.06065, -20.25003], [-44.06108, -20.25017], [-44.06147, -20.25023], [-44.06179, -20.25035], [-44.06214, -20.2505], [-44.06254, -20.25068], [-44.06281, -20.25055], [-44.06307, -20.25056], [-44.06332, -20.25052], [-44.06372, -20.25058], [-44.064, -20.25047], [-44.06427, -20.25049], [-44.06449, -20.25031], [-44.06469, -20.25003], [-44.06489, -20.24975], [-44.06523, -20.24942], [-44.06566, -20.24915], [-44.06594, -20.24893], [-44.06604, -20.24865], [-44.06625, -20.24823], [-44.06652, -20.24795], [-44.06682, -20.24777], [-44.06713, -20.24759], [-44.06748, -20.24752], [-44.06793, -20.24752], [-44.06828, -20.24731], [-44.06874, -20.24724], [-44.06901, -20.24703], [-44.06916, -20.24683], [-44.06938, -20.24651], [-44.06966, -20.24629], [-44.06982, -20.24589], [-44.07009, -20.24565], [-44.0703, -20.24536], [-44.07052, -20.24518], [-44.07079, -20.2451], [-44.07113, -20.24515], [-44.07136, -20.24528], [-44.07178, -20.24542], [-44.07199, -20.24537], [-44.07229, -20.24538], [-44.0726, -20.24544], [-44.07288, -20.24549], [-44.07314, -20.24549], [-44.0734, -20.24547], [-44.07357, -20.24529], [-44.07364, -20.24499], [-44.07378, -20.24479], [-44.07395, -20.24463], [-44.07411, -20.24446], [-44.07418, -20.24424], [-44.0743, -20.24405], [-44.07444, -20.24384], [-44.0746, -20.24363], [-44.07475, -20.24344], [-44.07493, -20.24327], [-44.07499, -20.24305], [-44.07508, -20.24283], [-44.07511, -20.24273], [-44.07514, -20.24259], [-44.07517, -20.24236], [-44.07525, -20.24212], [-44.07542, -20.24189], [-44.07558, -20.24161], [-44.07568, -20.24139], [-44.0758, -20.24114], [-44.07583, -20.24086], [-44.07584, -20.24061], [-44.07607, -20.24041], [-44.07637, -20.24018], [-44.07665, -20.24003], [-44.07688, -20.23984], [-44.07717, -20.23961], [-44.07742, -20.2394], [-44.07765, -20.23912], [-44.07795, -20.23889], [-44.07828, -20.23871], [-44.07851, -20.23852], [-44.07875, -20.23851], [-44.07883, -20.23828], [-44.07893, -20.23806], [-44.07905, -20.23786], [-44.07927, -20.23769], [-44.07952, -20.23765], [-44.07978, -20.23767], [-44.08007, -20.23764], [-44.0803, -20.23752], [-44.08053, -20.23746], [-44.08079, -20.23746], [-44.08103, -20.23755], [-44.08124, -20.2377], [-44.08139, -20.23796], [-44.08146, -20.23821], [-44.0815, -20.23843], [-44.08163, -20.23866], [-44.08175, -20.23888], [-44.08184, -20.23909], [-44.08187, -20.23932], [-44.08191, -20.23958], [-44.08186, -20.24001], [-44.0819, -20.24053], [-44.08212, -20.24083], [-44.08246, -20.24104], [-44.08281, -20.24108], [-44.08323, -20.24117], [-44.08359, -20.24134], [-44.08388, -20.24143], [-44.08417, -20.24144], [-44.08454, -20.2416], [-44.0848, -20.24169], [-44.08514, -20.24169], [-44.08613, -20.2417], [-44.08639, -20.24158], [-44.08681, -20.24155], [-44.08699, -20.24162], [-44.08728, -20.24174], [-44.08766, -20.24166], [-44.08808, -20.24168], [-44.08827, -20.24158], [-44.08844, -20.2414], [-44.08853, -20.24121], [-44.0888, -20.24094], [-44.08902, -20.24067], [-44.08912, -20.2405], [-44.08915, -20.24035], [-44.08908, -20.2402], [-44.08892, -20.23996], [-44.0888, -20.23977], [-44.08863, -20.23956], [-44.08864, -20.23937], [-44.08866, -20.23921], [-44.08868, -20.23903], [-44.08877, -20.23882], [-44.08886, -20.23867], [-44.08888, -20.23846], [-44.08887, -20.23819], [-44.08896, -20.23784], [-44.08914, -20.23765], [-44.08921, -20.23742], [-44.08931, -20.23715], [-44.08936, -20.23693], [-44.0894, -20.23663], [-44.08952, -20.23636], [-44.08947, -20.23613], [-44.08932, -20.23585], [-44.08926, -20.23557], [-44.08939, -20.23525], [-44.08959, -20.235], [-44.08974, -20.23463], [-44.08991, -20.23442], [-44.09004, -20.23423], [-44.09019, -20.23411], [-44.09041, -20.23394], [-44.09069, -20.23382], [-44.09096, -20.23368], [-44.09119, -20.23359], [-44.09135, -20.23341], [-44.09156, -20.23332], [-44.09177, -20.23331], [-44.09197, -20.23337], [-44.09218, -20.23345], [-44.09229, -20.2337], [-44.09228, -20.23401], [-44.09229, -20.2342], [-44.09244, -20.23432], [-44.09267, -20.2344], [-44.0928, -20.23459], [-44.09281, -20.23487], [-44.09276, -20.23515], [-44.09285, -20.23534], [-44.09316, -20.23544], [-44.09352, -20.23542], [-44.09383, -20.2352], [-44.09421, -20.23515], [-44.09446, -20.23523], [-44.09448, -20.23538], [-44.09439, -20.23551], [-44.09417, -20.23565], [-44.09415, -20.23583], [-44.09429, -20.23592], [-44.09452, -20.23595], [-44.0947, -20.23601], [-44.095, -20.23607], [-44.09529, -20.23611], [-44.09567, -20.23605], [-44.09602, -20.23605], [-44.09628, -20.23605], [-44.09661, -20.23581], [-44.09696, -20.23574], [-44.09748, -20.23591], [-44.09779, -20.23587], [-44.09797, -20.23586], [-44.09803, -20.23579], [-44.09807, -20.23569], [-44.09802, -20.23557], [-44.09797, -20.23553], [-44.09798, -20.23542], [-44.09807, -20.23537], [-44.09824, -20.23531], [-44.09832, -20.23523], [-44.09837, -20.23494], [-44.0984, -20.23471], [-44.09835, -20.23443], [-44.09823, -20.23423], [-44.09796, -20.23406], [-44.09777, -20.23393], [-44.09772, -20.23374], [-44.09769, -20.23353], [-44.09766, -20.23335], [-44.09757, -20.23321], [-44.09751, -20.23312], [-44.09744, -20.23295], [-44.09747, -20.23282], [-44.09754, -20.23274], [-44.09768, -20.23252], [-44.09776, -20.23239], [-44.09782, -20.2322], [-44.09781, -20.23202], [-44.09786, -20.2319], [-44.09789, -20.23174], [-44.09797, -20.23167], [-44.09804, -20.23168], [-44.09812, -20.23171], [-44.09815, -20.2318], [-44.09823, -20.23182], [-44.09833, -20.23175], [-44.09838, -20.23163], [-44.09832, -20.23138], [-44.09835, -20.2312], [-44.09846, -20.23107], [-44.09844, -20.2309], [-44.09834, -20.23078], [-44.09809, -20.23065], [-44.09779, -20.23051], [-44.09761, -20.23041], [-44.09753, -20.23036], [-44.0975, -20.23029], [-44.09752, -20.23025], [-44.09759, -20.23018], [-44.09774, -20.23011], [-44.09787, -20.23006], [-44.09795, -20.22994], [-44.09792, -20.22985], [-44.09779, -20.22977], [-44.09759, -20.22977], [-44.09723, -20.22989], [-44.09702, -20.22991], [-44.09677, -20.22974], [-44.09665, -20.22968], [-44.09655, -20.2297], [-44.09633, -20.22973], [-44.09598, -20.22983], [-44.09561, -20.22985], [-44.09538, -20.22973], [-44.09527, -20.22947], [-44.09518, -20.22918], [-44.09517, -20.22882], [-44.09519, -20.22852], [-44.09522, -20.22832], [-44.09539, -20.22819], [-44.09555, -20.22814], [-44.09572, -20.22815], [-44.09589, -20.22826], [-44.09601, -20.2284], [-44.09628, -20.22857], [-44.09651, -20.22859], [-44.09657, -20.2285], [-44.09661, -20.22832], [-44.09663, -20.22797], [-44.09666, -20.2276], [-44.0967, -20.22741], [-44.09672, -20.22725], [-44.09678, -20.22708], [-44.09688, -20.22696], [-44.09695, -20.22685], [-44.09696, -20.22677], [-44.09699, -20.22664], [-44.09699, -20.22649], [-44.09697, -20.22626], [-44.09696, -20.226], [-44.09697, -20.22581], [-44.09699, -20.22557], [-44.09699, -20.22543], [-44.09696, -20.22531], [-44.09692, -20.22522], [-44.09688, -20.22513], [-44.09678, -20.22502], [-44.09664, -20.22493], [-44.09652, -20.22485], [-44.09638, -20.22477], [-44.09626, -20.22468], [-44.09615, -20.2246], [-44.09603, -20.2245], [-44.09598, -20.22437], [-44.09596, -20.22423], [-44.09595, -20.22406], [-44.09598, -20.22389], [-44.09607, -20.22378], [-44.09615, -20.22375], [-44.09633, -20.22378], [-44.0965, -20.22385], [-44.09668, -20.22395], [-44.09686, -20.22409], [-44.09702, -20.2242], [-44.09717, -20.22428], [-44.09721, -20.22427], [-44.09725, -20.22423], [-44.09725, -20.22417], [-44.09722, -20.22412], [-44.09715, -20.22405], [-44.09708, -20.22393], [-44.09707, -20.22383], [-44.09713, -20.22376], [-44.09721, -20.22367], [-44.0973, -20.22364], [-44.09746, -20.22361], [-44.0976, -20.22359], [-44.09773, -20.2236], [-44.09794, -20.22352], [-44.0981, -20.22336], [-44.09824, -20.22321], [-44.09835, -20.22308], [-44.09845, -20.22297], [-44.09853, -20.22279], [-44.09861, -20.22254], [-44.0987, -20.22235], [-44.09882, -20.22225], [-44.09895, -20.22211], [-44.099, -20.22196], [-44.09905, -20.22181], [-44.09908, -20.22166], [-44.09913, -20.22152], [-44.09918, -20.22136], [-44.09918, -20.22122], [-44.09919, -20.2211], [-44.09915, -20.22103], [-44.09907, -20.221], [-44.09897, -20.22091], [-44.09895, -20.22078], [-44.09897, -20.2206], [-44.09897, -20.22036], [-44.09893, -20.22019], [-44.09886, -20.22005], [-44.09883, -20.22003], [-44.09873, -20.21999], [-44.09863, -20.21986], [-44.09848, -20.21974], [-44.0984, -20.21962], [-44.09834, -20.21949], [-44.09827, -20.21934], [-44.09821, -20.21909], [-44.09825, -20.21893], [-44.09823, -20.21881], [-44.09815, -20.21867], [-44.09802, -20.21851], [-44.09794, -20.21834], [-44.09796, -20.21814], [-44.09803, -20.21805], [-44.09824, -20.21802], [-44.09849, -20.21806], [-44.09869, -20.21823], [-44.09881, -20.21829], [-44.09896, -20.21833], [-44.09917, -20.21838], [-44.09934, -20.21842], [-44.09947, -20.21847], [-44.09959, -20.21852], [-44.09969, -20.2186], [-44.09982, -20.2187], [-44.10001, -20.21883], [-44.10016, -20.21898], [-44.1002, -20.21913], [-44.1002, -20.21926], [-44.1002, -20.21941], [-44.10023, -20.21956], [-44.10035, -20.2197], [-44.10053, -20.21975], [-44.10068, -20.21977], [-44.1009, -20.21983], [-44.10124, -20.21994], [-44.10137, -20.21992], [-44.10141, -20.21984], [-44.10133, -20.2197], [-44.10121, -20.21952], [-44.10121, -20.21936], [-44.1012, -20.2192], [-44.10122, -20.21903], [-44.10134, -20.21889], [-44.10164, -20.21891], [-44.10193, -20.21904], [-44.10226, -20.21925], [-44.10276, -20.21943], [-44.10306, -20.2196], [-44.10346, -20.21968], [-44.10394, -20.21974], [-44.10426, -20.21982], [-44.10442, -20.21991], [-44.10453, -20.22004], [-44.10457, -20.22019], [-44.10453, -20.22036], [-44.10453, -20.22051], [-44.10458, -20.22078], [-44.10461, -20.22091], [-44.10471, -20.22101], [-44.1049, -20.22116], [-44.1051, -20.2212], [-44.10532, -20.22131], [-44.10546, -20.22136], [-44.10566, -20.22123], [-44.10582, -20.2212], [-44.10605, -20.22116], [-44.10624, -20.22095], [-44.10643, -20.22077], [-44.10668, -20.22064], [-44.1069, -20.22041], [-44.10716, -20.22043], [-44.10732, -20.2205], [-44.10734, -20.22062], [-44.10732, -20.22077], [-44.10731, -20.2209], [-44.10739, -20.22094], [-44.10754, -20.2209], [-44.10788, -20.2209], [-44.10801, -20.22085], [-44.1082, -20.22053], [-44.10842, -20.22035], [-44.10862, -20.22022], [-44.10892, -20.22023], [-44.1092, -20.22013], [-44.10946, -20.2199], [-44.10974, -20.21983], [-44.10989, -20.21978], [-44.11, -20.21968], [-44.11007, -20.21945], [-44.11026, -20.21916], [-44.11042, -20.21891], [-44.11065, -20.21868], [-44.11098, -20.2186], [-44.11121, -20.2186], [-44.11144, -20.21876], [-44.1117, -20.21904], [-44.11207, -20.21919], [-44.11235, -20.21933], [-44.11268, -20.2186], [-44.11314, -20.21797], [-44.11395, -20.2173], [-44.11472, -20.21662], [-44.11586, -20.21605], [-44.11688, -20.21567], [-44.11756, -20.21532], [-44.11841, -20.21487], [-44.11913, -20.21443], [-44.11992, -20.21407], [-44.12069, -20.21385], [-44.12131, -20.21365], [-44.12195, -20.21354], [-44.12244, -20.21323], [-44.12283, -20.21261], [-44.12302, -20.21192], [-44.12308, -20.21135], [-44.12322, -20.21059], [-44.12332, -20.21024], [-44.12438, -20.20871], [-44.12457, -20.20823], [-44.12452, -20.20802], [-44.12434, -20.20766], [-44.12397, -20.20725], [-44.12363, -20.20683], [-44.12265, -20.20565], [-44.1223, -20.20505], [-44.12201, -20.20443], [-44.1219, -20.20403], [-44.12185, -20.20384], [-44.12183, -20.20358], [-44.12185, -20.20317], [-44.12188, -20.20299], [-44.12209, -20.20251], [-44.12227, -20.20229], [-44.12294, -20.20187], [-44.12344, -20.20148], [-44.12405, -20.20084], [-44.1244, -20.20019], [-44.12443, -20.19986], [-44.12444, -20.19958], [-44.12435, -20.19932], [-44.12396, -20.19858], [-44.1233, -20.19643], [-44.12329, -20.19599], [-44.1233, -20.19547], [-44.12337, -20.19505], [-44.12378, -20.19455], [-44.12411, -20.19434], [-44.12464, -20.19409], [-44.12462, -20.1939], [-44.12459, -20.19379], [-44.12443, -20.19375], [-44.12423, -20.19377], [-44.12402, -20.19385], [-44.1239, -20.19378], [-44.12384, -20.19362], [-44.12384, -20.19344], [-44.12397, -20.19331], [-44.12412, -20.19329], [-44.1243, -20.19331], [-44.1245, -20.1934], [-44.12488, -20.19346], [-44.12504, -20.19345], [-44.12527, -20.19315], [-44.12528, -20.19297], [-44.12519, -20.19285], [-44.12506, -20.19276], [-44.12486, -20.19278], [-44.12467, -20.19291], [-44.12453, -20.19313], [-44.12429, -20.19308], [-44.12416, -20.19295], [-44.1241, -20.19276], [-44.12395, -20.19258], [-44.12371, -20.19248], [-44.12351, -20.19243], [-44.12335, -20.19238], [-44.12324, -20.19224], [-44.12323, -20.1921], [-44.12327, -20.19201], [-44.1234, -20.19187], [-44.12363, -20.19176], [-44.12367, -20.19151], [-44.12358, -20.19134], [-44.12343, -20.19117], [-44.12343, -20.19078], [-44.12344, -20.19049], [-44.12336, -20.19027], [-44.12333, -20.19011], [-44.12321, -20.19001], [-44.12309, -20.18999], [-44.12293, -20.19007], [-44.12278, -20.19009], [-44.12251, -20.19008], [-44.12237, -20.19001], [-44.12214, -20.18978], [-44.12194, -20.18958], [-44.12182, -20.18951], [-44.12162, -20.18952], [-44.12146, -20.18958], [-44.12137, -20.1896], [-44.12132, -20.18961], [-44.12127, -20.18962], [-44.12124, -20.18962], [-44.12108, -20.18951], [-44.12096, -20.18942], [-44.12079, -20.18934], [-44.1206, -20.1893], [-44.12043, -20.18927], [-44.12009, -20.18922], [-44.11978, -20.18926], [-44.11954, -20.18927], [-44.11924, -20.18932], [-44.11895, -20.1894], [-44.11862, -20.1895], [-44.11828, -20.18949], [-44.11811, -20.18946], [-44.11789, -20.18938], [-44.11784, -20.18925], [-44.11783, -20.18912], [-44.1179, -20.18899], [-44.11783, -20.18891], [-44.11763, -20.18881], [-44.11758, -20.18867], [-44.11757, -20.18857], [-44.11761, -20.18846], [-44.1177, -20.18844], [-44.1178, -20.18856], [-44.11793, -20.18864], [-44.11805, -20.18868], [-44.11816, -20.18869], [-44.11826, -20.1886], [-44.11833, -20.18848], [-44.11829, -20.18839], [-44.1182, -20.18836], [-44.11807, -20.18829], [-44.11803, -20.18814], [-44.11816, -20.18797], [-44.11824, -20.18784], [-44.11819, -20.1877], [-44.11807, -20.18761], [-44.11782, -20.18752], [-44.1176, -20.18754], [-44.11745, -20.18751], [-44.11735, -20.18748], [-44.11729, -20.18734], [-44.1173, -20.18713], [-44.11736, -20.18688], [-44.11736, -20.18659], [-44.11739, -20.18615], [-44.11749, -20.18571], [-44.11763, -20.18539], [-44.11789, -20.18503], [-44.11822, -20.18497], [-44.1185, -20.1847], [-44.11871, -20.18454], [-44.11901, -20.18415], [-44.11912, -20.18386], [-44.11896, -20.18352], [-44.11866, -20.18319], [-44.11828, -20.18316], [-44.11808, -20.18276], [-44.11793, -20.18233], [-44.11762, -20.18216], [-44.11727, -20.18188], [-44.11724, -20.18136], [-44.11721, -20.18093], [-44.11723, -20.18052], [-44.11699, -20.18026], [-44.11675, -20.17993], [-44.11654, -20.17939], [-44.11639, -20.1788], [-44.11612, -20.17835], [-44.11595, -20.17788], [-44.11588, -20.17733], [-44.11601, -20.17672], [-44.11623, -20.17652], [-44.1169, -20.17591], [-44.11712, -20.17576], [-44.11731, -20.17562], [-44.11747, -20.17545], [-44.11759, -20.17525], [-44.11766, -20.17497], [-44.11761, -20.17468], [-44.11751, -20.17449], [-44.11748, -20.17424], [-44.11738, -20.17399], [-44.11723, -20.17387], [-44.11696, -20.17378], [-44.1167, -20.17363], [-44.1166, -20.17339], [-44.11628, -20.1734], [-44.11609, -20.17316], [-44.11616, -20.17297], [-44.1163, -20.17282], [-44.11639, -20.17254], [-44.11634, -20.1723], [-44.11622, -20.17216], [-44.11588, -20.17212], [-44.1157, -20.1723], [-44.1154, -20.17255], [-44.11514, -20.17293], [-44.11518, -20.17316], [-44.11518, -20.17335], [-44.11526, -20.1736], [-44.11506, -20.17383], [-44.11472, -20.17395], [-44.11418, -20.17426], [-44.11364, -20.17439], [-44.11298, -20.17444], [-44.11236, -20.17454], [-44.11181, -20.17492], [-44.11133, -20.17543], [-44.11117, -20.17596], [-44.11097, -20.17666], [-44.11083, -20.17736], [-44.11046, -20.17765], [-44.10995, -20.17797], [-44.10907, -20.17837], [-44.10836, -20.17856], [-44.10772, -20.17876], [-44.1074, -20.17876], [-44.1072, -20.1782], [-44.10733, -20.17745], [-44.10728, -20.17708], [-44.10698, -20.17698], [-44.10672, -20.17718], [-44.1065, -20.17719], [-44.10632, -20.17699], [-44.10624, -20.17655], [-44.10592, -20.1763], [-44.10548, -20.17634], [-44.10509, -20.17641], [-44.10478, -20.17644], [-44.10459, -20.17633], [-44.10437, -20.17599], [-44.10416, -20.1757], [-44.10412, -20.1751], [-44.10391, -20.17425], [-44.10374, -20.17387], [-44.10332, -20.17386], [-44.10252, -20.17403], [-44.10204, -20.17416], [-44.10153, -20.17427], [-44.10112, -20.17422], [-44.10072, -20.17416], [-44.10008, -20.17428], [-44.09969, -20.17434], [-44.09928, -20.17464], [-44.09895, -20.17477], [-44.09866, -20.17495], [-44.09825, -20.17508], [-44.09787, -20.1751], [-44.09733, -20.17498], [-44.09701, -20.1748], [-44.09652, -20.1745], [-44.09617, -20.17462], [-44.09613, -20.17509], [-44.09597, -20.17554], [-44.09529, -20.17601], [-44.09506, -20.17631], [-44.09506, -20.17682], [-44.09489, -20.1772], [-44.09478, -20.17758], [-44.09437, -20.1777], [-44.09393, -20.17764], [-44.0935, -20.17754], [-44.09334, -20.17718], [-44.09312, -20.17701], [-44.09274, -20.17691], [-44.09212, -20.17698], [-44.09145, -20.17711], [-44.09114, -20.17737], [-44.09104, -20.17774], [-44.09093, -20.17802], [-44.09075, -20.17804], [-44.09061, -20.17779], [-44.09046, -20.17759], [-44.09001, -20.17764], [-44.08982, -20.17791], [-44.08951, -20.17895], [-44.08907, -20.17925], [-44.08858, -20.17925], [-44.08831, -20.17901], [-44.08803, -20.17871], [-44.08779, -20.17866], [-44.08729, -20.17866], [-44.08692, -20.17891], [-44.08668, -20.1794], [-44.08622, -20.17958], [-44.08548, -20.17944], [-44.08522, -20.17948], [-44.08508, -20.17955], [-44.08504, -20.1797], [-44.08507, -20.17983], [-44.0852, -20.18005], [-44.08535, -20.18021], [-44.08545, -20.18037], [-44.0854, -20.18046], [-44.08527, -20.18051], [-44.08504, -20.18044], [-44.08477, -20.18042], [-44.08446, -20.18045], [-44.08432, -20.18066], [-44.08414, -20.18087], [-44.08393, -20.18102], [-44.08395, -20.1812], [-44.08408, -20.18134], [-44.08417, -20.18157], [-44.0843, -20.1817], [-44.08427, -20.18181], [-44.08423, -20.18187], [-44.08413, -20.18192], [-44.08398, -20.18192], [-44.08385, -20.18185], [-44.08373, -20.18172], [-44.08362, -20.18149], [-44.08355, -20.18123], [-44.08344, -20.18113], [-44.08326, -20.18104], [-44.08283, -20.18098], [-44.08226, -20.18086], [-44.08166, -20.18075], [-44.08107, -20.1808], [-44.08117, -20.18107], [-44.0812, -20.1812], [-44.08117, -20.18131], [-44.08105, -20.18148], [-44.08091, -20.1816], [-44.0808, -20.18168], [-44.08078, -20.18184], [-44.08081, -20.18201], [-44.08093, -20.1823], [-44.08099, -20.18266], [-44.08085, -20.18319], [-44.08077, -20.18361], [-44.08049, -20.18427], [-44.08, -20.1852], [-44.0793, -20.18644], [-44.07837, -20.18815], [-44.07763, -20.19007], [-44.07765, -20.1916], [-44.07816, -20.19379], [-44.07858, -20.19481], [-44.07886, -20.19535], [-44.07902, -20.19608], [-44.07902, -20.19668], [-44.07905, -20.19741], [-44.07894, -20.19792], [-44.07865, -20.19839], [-44.0783, -20.19861], [-44.07778, -20.19893], [-44.07739, -20.19902], [-44.07682, -20.19905], [-44.07598, -20.19902], [-44.07489, -20.19882], [-44.07384, -20.19874], [-44.07262, -20.19858], [-44.07137, -20.19855], [-44.06979, -20.19872], [-44.06818, -20.19879], [-44.06725, -20.19894], [-44.06642, -20.19921], [-44.06602, -20.19948], [-44.06573, -20.20027], [-44.06574, -20.20102], [-44.06615, -20.20302], [-44.06584, -20.20299], [-44.06558, -20.20305], [-44.0654, -20.20319], [-44.06518, -20.20325], [-44.06496, -20.20322], [-44.06473, -20.20319], [-44.0644, -20.20319], [-44.06422, -20.203], [-44.06392, -20.20285], [-44.06367, -20.20278], [-44.06327, -20.20266], [-44.0629, -20.20266], [-44.06261, -20.2028], [-44.06233, -20.20293], [-44.06204, -20.20306], [-44.06181, -20.20315], [-44.06151, -20.2032], [-44.0612, -20.20322], [-44.06097, -20.20326], [-44.0606, -20.20329], [-44.06034, -20.2033], [-44.06006, -20.2033], [-44.05976, -20.20327], [-44.05948, -20.20317], [-44.05925, -20.20299], [-44.05903, -20.2028], [-44.05882, -20.20266], [-44.05855, -20.20251], [-44.05832, -20.20242], [-44.05821, -20.20241], [-44.05808, -20.20239], [-44.0577, -20.20236], [-44.0564, -20.20235], [-44.05613, -20.2024], [-44.05585, -20.2025], [-44.05562, -20.20253], [-44.05518, -20.20251], [-44.05479, -20.20251], [-44.05453, -20.20249], [-44.05427, -20.20249], [-44.05403, -20.20248], [-44.0537, -20.20248], [-44.05337, -20.20234], [-44.05314, -20.2023], [-44.05258, -20.2023], [-44.05234, -20.20227], [-44.05203, -20.20216], [-44.05182, -20.20204], [-44.05158, -20.20188], [-44.0514, -20.20174], [-44.05098, -20.20144], [-44.0508, -20.20127], [-44.05053, -20.20109], [-44.05033, -20.20092], [-44.05002, -20.2007], [-44.04979, -20.20051], [-44.04959, -20.20033], [-44.04934, -20.20011], [-44.04914, -20.19996], [-44.04894, -20.19975], [-44.04866, -20.19957], [-44.04844, -20.19947], [-44.04824, -20.19933], [-44.04795, -20.19917], [-44.04773, -20.19907], [-44.04744, -20.19906], [-44.0471, -20.19907], [-44.04681, -20.19911], [-44.04656, -20.19915], [-44.0462, -20.19926], [-44.04596, -20.19933], [-44.04563, -20.19942], [-44.0453, -20.19949], [-44.04497, -20.1996], [-44.04473, -20.19968], [-44.04441, -20.19972], [-44.04415, -20.19973], [-44.04385, -20.19973], [-44.04359, -20.19963], [-44.04337, -20.19947], [-44.04313, -20.19939], [-44.04277, -20.19923], [-44.04252, -20.19914], [-44.04213, -20.19906], [-44.0419, -20.19903], [-44.04164, -20.19902], [-44.04133, -20.199], [-44.04108, -20.19904], [-44.04078, -20.19905], [-44.04044, -20.19908], [-44.04011, -20.1991], [-44.0398, -20.19914], [-44.03956, -20.19922], [-44.03922, -20.19932], [-44.0389, -20.19942], [-44.03862, -20.19948], [-44.03835, -20.19949], [-44.03805, -20.19949], [-44.03769, -20.19953], [-44.03726, -20.19962], [-44.03682, -20.19973], [-44.03656, -20.19982], [-44.03625, -20.19983], [-44.03597, -20.19986], [-44.03569, -20.19993], [-44.03543, -20.20007], [-44.03521, -20.20019], [-44.03479, -20.2004], [-44.03455, -20.20057], [-44.03433, -20.20076], [-44.03407, -20.20099], [-44.03391, -20.20116], [-44.03378, -20.20139], [-44.03366, -20.20161], [-44.0334, -20.20197], [-44.03325, -20.20217], [-44.03277, -20.20295], [-44.0331, -20.20322], [-44.0333, -20.20341], [-44.03339, -20.20365], [-44.0333, -20.20411], [-44.03303, -20.20517], [-44.03287, -20.20561], [-44.0327, -20.20643], [-44.03255, -20.20666], [-44.03227, -20.20735], [-44.03208, -20.2078], [-44.03189, -20.20805], [-44.03158, -20.20826], [-44.03134, -20.2084], [-44.03105, -20.20848], [-44.03069, -20.20851], [-44.03026, -20.20868], [-44.02986, -20.2088], [-44.02956, -20.20897], [-44.02935, -20.20937], [-44.02901, -20.21024], [-44.02872, -20.21103], [-44.02858, -20.2114], [-44.02855, -20.21172], [-44.02858, -20.21207], [-44.02856, -20.21239], [-44.02844, -20.21272], [-44.02814, -20.21323], [-44.028, -20.21389], [-44.02796, -20.21412], [-44.02749, -20.21393], [-44.02706, -20.21373], [-44.02679, -20.21363], [-44.02651, -20.21353], [-44.02582, -20.21333], [-44.02496, -20.21308], [-44.02446, -20.21294], [-44.02443, -20.21322], [-44.0244, -20.21347], [-44.02434, -20.21373], [-44.02417, -20.21389], [-44.02394, -20.21408], [-44.02377, -20.21423], [-44.02353, -20.21441], [-44.02331, -20.21454], [-44.02305, -20.2147], [-44.02281, -20.21488], [-44.02248, -20.21505], [-44.02225, -20.21519], [-44.02203, -20.21533], [-44.02174, -20.21549], [-44.02152, -20.2156], [-44.0213, -20.21574], [-44.02102, -20.2159], [-44.0208, -20.21604], [-44.02061, -20.21618], [-44.02042, -20.21632], [-44.0202, -20.21644], [-44.01996, -20.21656], [-44.01973, -20.21665], [-44.01945, -20.21668], [-44.01922, -20.21671], [-44.0188, -20.21694], [-44.01827, -20.21694], [-44.01794, -20.21688], [-44.01769, -20.21678], [-44.01732, -20.21663], [-44.01705, -20.21645], [-44.0168, -20.21623], [-44.01659, -20.216], [-44.01635, -20.21581], [-44.01617, -20.21569], [-44.01605, -20.2156], [-44.01582, -20.21544], [-44.01558, -20.2153], [-44.01517, -20.21502], [-44.01492, -20.21486], [-44.01468, -20.21477], [-44.01445, -20.21476], [-44.01422, -20.21477], [-44.01404, -20.21491], [-44.01383, -20.21503], [-44.01361, -20.21517], [-44.0134, -20.21533], [-44.01319, -20.21543], [-44.01292, -20.21557], [-44.01263, -20.21572], [-44.0124, -20.21581], [-44.01212, -20.2159], [-44.01191, -20.21609], [-44.0117, -20.21627], [-44.01147, -20.2164], [-44.01125, -20.21651], [-44.01099, -20.21665], [-44.01074, -20.21683], [-44.01053, -20.21697], [-44.0103, -20.21713], [-44.01014, -20.21735], [-44.01, -20.21765], [-44.00989, -20.21789], [-44.00977, -20.21814], [-44.00971, -20.21836], [-44.00971, -20.21864], [-44.00976, -20.21893], [-44.00989, -20.21927], [-44.00999, -20.21957], [-44.01007, -20.21978], [-44.01026, -20.22018], [-44.01041, -20.22044], [-44.01049, -20.22066], [-44.01056, -20.22091], [-44.01061, -20.22118], [-44.01064, -20.22155], [-44.01067, -20.22185], [-44.01071, -20.22216], [-44.01073, -20.22243], [-44.01073, -20.22276], [-44.01068, -20.22308], [-44.01059, -20.22328], [-44.01043, -20.22348], [-44.01011, -20.22366], [-44.00986, -20.22374], [-44.00956, -20.22396], [-44.0094, -20.22417], [-44.00918, -20.22447], [-44.00899, -20.22464], [-44.00866, -20.22485], [-44.00836, -20.22507], [-44.0081, -20.22523], [-44.00781, -20.22555], [-44.00756, -20.22582], [-44.00737, -20.22598], [-44.00731, -20.2261], [-44.00727, -20.22629], [-44.00723, -20.2265], [-44.00713, -20.22662], [-44.00702, -20.22671], [-44.00682, -20.22681], [-44.00658, -20.22706], [-44.00627, -20.22747], [-44.00611, -20.22829], [-44.00613, -20.22863], [-44.00625, -20.22897], [-44.00641, -20.22926], [-44.00654, -20.22949], [-44.00666, -20.22973], [-44.00678, -20.23], [-44.00689, -20.23021], [-44.00701, -20.23051], [-44.00703, -20.23077], [-44.00709, -20.23101], [-44.00714, -20.23132], [-44.00712, -20.23162], [-44.00702, -20.23205], [-44.00694, -20.23243], [-44.00686, -20.23284], [-44.0068, -20.23311], [-44.00676, -20.23335], [-44.00673, -20.23371], [-44.00683, -20.2339], [-44.00697, -20.23409], [-44.0071, -20.23428], [-44.00706, -20.23443], [-44.00688, -20.23465], [-44.00639, -20.23497], [-44.00576, -20.23534], [-44.00547, -20.2356], [-44.00526, -20.23577], [-44.00515, -20.23594], [-44.00494, -20.2362], [-44.00475, -20.23628], [-44.00451, -20.23643], [-44.00433, -20.23644], [-44.00401, -20.23645], [-44.00377, -20.23639], [-44.0033, -20.23641], [-44.00306, -20.23636], [-44.00276, -20.23635], [-44.00259, -20.23636], [-44.00232, -20.23635], [-44.00213, -20.2363], [-44.002, -20.23629], [-44.00169, -20.2363], [-44.00154, -20.23629], [-44.00134, -20.23641], [-44.00126, -20.23659], [-44.00126, -20.23676], [-44.00121, -20.23689], [-44.00109, -20.23697], [-44.00075, -20.2371], [-44.00046, -20.23726], [-44.00036, -20.2374], [-44.00027, -20.2376], [-44.00014, -20.23783], [-44.00015, -20.23802], [-44.00008, -20.23817], [-43.99994, -20.23822], [-43.99975, -20.23824], [-43.99938, -20.23838], [-43.99919, -20.23843], [-43.99905, -20.23866], [-43.99881, -20.23885], [-43.9986, -20.23911], [-43.99843, -20.23926], [-43.99842, -20.23945], [-43.99844, -20.23951], [-43.99846, -20.23955], [-43.99842, -20.23964], [-43.99839, -20.2397], [-43.99838, -20.23979], [-43.99842, -20.23986], [-43.99844, -20.23993], [-43.99855, -20.24001], [-43.9986, -20.24009], [-43.99862, -20.24012], [-43.99863, -20.24016], [-43.99864, -20.24023], [-43.99862, -20.24032], [-43.99857, -20.24053], [-43.99861, -20.24076], [-43.99862, -20.24096], [-43.99865, -20.24113], [-43.99863, -20.24134], [-43.99864, -20.24155], [-43.99876, -20.24174], [-43.99882, -20.24196], [-43.99893, -20.24216], [-43.99909, -20.24245], [-43.99915, -20.24278], [-43.99913, -20.24304], [-43.99916, -20.24336], [-43.99927, -20.24388], [-43.99934, -20.2442], [-43.99943, -20.24457], [-43.99951, -20.24523], [-43.9996, -20.24562], [-43.99969, -20.24591], [-43.99985, -20.24614], [-44.00002, -20.2463], [-44.00016, -20.24658], [-44.00031, -20.24708], [-44.00048, -20.24746], [-44.00069, -20.24779], [-44.001, -20.24814], [-44.0012, -20.2487], [-44.00138, -20.24904], [-44.00161, -20.24932], [-44.00173, -20.24958], [-44.00186, -20.24985], [-44.00194, -20.25013], [-44.00213, -20.25039], [-44.00242, -20.2508], [-44.0026, -20.25116], [-44.00268, -20.25148], [-44.0028, -20.25168], [-44.00289, -20.25192], [-44.00291, -20.25226], [-44.00286, -20.25257], [-44.00291, -20.25282], [-44.003, -20.25309], [-44.00315, -20.25336], [-44.00321, -20.25358], [-44.00337, -20.25381], [-44.00346, -20.25408], [-44.00349, -20.25433], [-44.00364, -20.25458], [-44.00379, -20.25481], [-44.00395, -20.25501], [-44.00413, -20.25527], [-44.00425, -20.25546], [-44.00435, -20.25569], [-44.00439, -20.25592], [-44.00444, -20.25615], [-44.00462, -20.25638], [-44.00479, -20.25652], [-44.00497, -20.25675], [-44.00506, -20.25693], [-44.00504, -20.25723], [-44.00501, -20.25755], [-44.00495, -20.25788], [-44.00488, -20.25823], [-44.00482, -20.25856], [-44.00483, -20.25882], [-44.0048, -20.25906], [-44.00484, -20.25935], [-44.00472, -20.25956], [-44.00464, -20.25977], [-44.00463, -20.25991], [-44.00456, -20.26031], [-44.00456, -20.26036], [-44.00463, -20.26037], [-44.00485, -20.26038], [-44.00562, -20.26037], [-44.00584, -20.26047], [-44.00584, -20.26046], [-44.00611, -20.26004], [-44.00641, -20.25993], [-44.00679, -20.25966], [-44.00712, -20.25948], [-44.00746, -20.25924], [-44.00778, -20.25905], [-44.00807, -20.25897], [-44.00835, -20.25884], [-44.00867, -20.25866], [-44.00896, -20.25853], [-44.00941, -20.25833], [-44.00969, -20.25809], [-44.00993, -20.25783], [-44.01041, -20.25754], [-44.01081, -20.25737], [-44.01117, -20.25737], [-44.01158, -20.25743], [-44.01186, -20.25746], [-44.01225, -20.2575], [-44.01255, -20.25757], [-44.01301, -20.25761], [-44.01327, -20.25765], [-44.01367, -20.2577], [-44.01398, -20.25771], [-44.01432, -20.25773], [-44.01457, -20.25776], [-44.01484, -20.25777], [-44.01539, -20.25776], [-44.01562, -20.25775], [-44.01589, -20.25769], [-44.01615, -20.25759], [-44.01637, -20.25745], [-44.01655, -20.25731], [-44.01673, -20.25715], [-44.01688, -20.25698], [-44.01705, -20.25667], [-44.01714, -20.25644], [-44.01719, -20.2562], [-44.01729, -20.25591], [-44.01741, -20.25562], [-44.01752, -20.25537], [-44.01766, -20.25516], [-44.01782, -20.25498], [-44.01807, -20.25483], [-44.01847, -20.25467], [-44.01896, -20.25453], [-44.01943, -20.25451], [-44.01995, -20.2546], [-44.02057, -20.25462], [-44.02107, -20.25455], [-44.02147, -20.25434], [-44.02187, -20.25403], [-44.02212, -20.25373]]]}}, {"type": "Feature", "properties": {"cd_dist": "310900615", "nm_dist": "Conceição de Itaguá", "area_km2": 118.8365656, "populacao": 7104, "domicilios": 3279, "alvo": true}, "geometry": {"type": "Polygon", "coordinates": [[[-44.21882, -20.14882], [-44.21878, -20.14915], [-44.21943, -20.14944], [-44.21994, -20.14965], [-44.22026, -20.14976], [-44.22043, -20.14984], [-44.22055, -20.14993], [-44.22065, -20.15002], [-44.22075, -20.15014], [-44.22086, -20.15023], [-44.22097, -20.1503], [-44.22128, -20.15045], [-44.22152, -20.15054], [-44.22177, -20.15062], [-44.22193, -20.15069], [-44.22207, -20.15072], [-44.22222, -20.15075], [-44.22237, -20.15075], [-44.22254, -20.15072], [-44.22273, -20.15068], [-44.22286, -20.15066], [-44.22294, -20.15068], [-44.22304, -20.15072], [-44.22318, -20.15082], [-44.2233, -20.15092], [-44.22345, -20.15106], [-44.22358, -20.1512], [-44.22388, -20.15147], [-44.22394, -20.15149], [-44.22402, -20.1515], [-44.2242, -20.15163], [-44.22436, -20.15174], [-44.22462, -20.1519], [-44.22482, -20.15203], [-44.22498, -20.15212], [-44.22518, -20.1522], [-44.22534, -20.15227], [-44.2254, -20.15231], [-44.22548, -20.15252], [-44.22554, -20.15279], [-44.22558, -20.15302], [-44.2257, -20.15331], [-44.22581, -20.15355], [-44.22598, -20.15401], [-44.2261, -20.15429], [-44.22626, -20.15457], [-44.2264, -20.15483], [-44.22619, -20.15498], [-44.22616, -20.155], [-44.22634, -20.15551], [-44.22648, -20.15583], [-44.22656, -20.15598], [-44.22664, -20.15603], [-44.22683, -20.15612], [-44.22698, -20.15619], [-44.22709, -20.15627], [-44.22724, -20.15639], [-44.22739, -20.15655], [-44.22774, -20.15699], [-44.22891, -20.15828], [-44.22914, -20.15866], [-44.22832, -20.15916], [-44.22883, -20.15973], [-44.22955, -20.16012], [-44.22976, -20.16028], [-44.22995, -20.16044], [-44.23016, -20.16058], [-44.23036, -20.1607], [-44.23062, -20.1608], [-44.23086, -20.16094], [-44.23116, -20.16106], [-44.23141, -20.16115], [-44.23169, -20.16125], [-44.23197, -20.16137], [-44.23222, -20.16146], [-44.23241, -20.16159], [-44.23262, -20.16175], [-44.23278, -20.16196], [-44.23296, -20.1622], [-44.23307, -20.16241], [-44.23315, -20.16266], [-44.23323, -20.16293], [-44.23332, -20.16321], [-44.2334, -20.1635], [-44.23348, -20.16377], [-44.23349, -20.16402], [-44.23352, -20.16429], [-44.23354, -20.16456], [-44.2336, -20.16487], [-44.23367, -20.16512], [-44.23377, -20.16543], [-44.23386, -20.1657], [-44.23397, -20.16595], [-44.23409, -20.16615], [-44.23426, -20.1664], [-44.23439, -20.1666], [-44.23452, -20.16684], [-44.23474, -20.16726], [-44.23485, -20.16749], [-44.23502, -20.16776], [-44.2352, -20.16805], [-44.23537, -20.1684], [-44.2355, -20.16868], [-44.23556, -20.1689], [-44.23555, -20.16913], [-44.23551, -20.16941], [-44.2355, -20.17005], [-44.23553, -20.1703], [-44.23555, -20.17061], [-44.23556, -20.17084], [-44.23556, -20.1712], [-44.23565, -20.17146], [-44.23569, -20.1717], [-44.23567, -20.17206], [-44.23565, -20.17232], [-44.2356, -20.17257], [-44.23547, -20.17286], [-44.23541, -20.17309], [-44.2353, -20.17338], [-44.23514, -20.17367], [-44.23492, -20.1738], [-44.23477, -20.17397], [-44.23453, -20.17399], [-44.2343, -20.17414], [-44.23402, -20.17421], [-44.23378, -20.17428], [-44.23348, -20.17436], [-44.23326, -20.17444], [-44.23303, -20.1745], [-44.23284, -20.17464], [-44.23264, -20.17474], [-44.23245, -20.17492], [-44.23225, -20.17504], [-44.23209, -20.1752], [-44.23187, -20.17533], [-44.23169, -20.17552], [-44.23152, -20.17572], [-44.23136, -20.17589], [-44.2312, -20.1761], [-44.23104, -20.17626], [-44.23084, -20.17642], [-44.23044, -20.17676], [-44.2303, -20.17698], [-44.23019, -20.17721], [-44.23018, -20.17744], [-44.23032, -20.17763], [-44.23049, -20.17783], [-44.23068, -20.178], [-44.23095, -20.17813], [-44.23119, -20.17823], [-44.23144, -20.17829], [-44.2317, -20.17838], [-44.23197, -20.17846], [-44.23222, -20.1785], [-44.23245, -20.17854], [-44.23277, -20.17858], [-44.23313, -20.17859], [-44.23341, -20.17861], [-44.23403, -20.17862], [-44.23435, -20.17866], [-44.23475, -20.17859], [-44.23499, -20.17859], [-44.23532, -20.17863], [-44.23561, -20.17871], [-44.23586, -20.17884], [-44.23609, -20.179], [-44.23628, -20.17909], [-44.23649, -20.1792], [-44.23675, -20.17933], [-44.23696, -20.17945], [-44.23723, -20.17954], [-44.23749, -20.17959], [-44.23773, -20.17969], [-44.23796, -20.17982], [-44.23821, -20.17994], [-44.23844, -20.18003], [-44.23866, -20.18021], [-44.23887, -20.18036], [-44.23906, -20.18049], [-44.23929, -20.18066], [-44.23952, -20.18083], [-44.23972, -20.18094], [-44.23994, -20.18111], [-44.24009, -20.18129], [-44.23994, -20.18161], [-44.24002, -20.18193], [-44.2402, -20.18258], [-44.24055, -20.18332], [-44.24086, -20.18396], [-44.24102, -20.18481], [-44.24102, -20.18515], [-44.24093, -20.18534], [-44.24067, -20.18568], [-44.24043, -20.18623], [-44.24022, -20.18661], [-44.24005, -20.18704], [-44.23997, -20.18738], [-44.2398, -20.18768], [-44.23964, -20.18815], [-44.23949, -20.18851], [-44.23925, -20.18913], [-44.23906, -20.18971], [-44.2391, -20.19013], [-44.23918, -20.19046], [-44.2392, -20.19074], [-44.23924, -20.19109], [-44.23936, -20.19146], [-44.23953, -20.19208], [-44.23969, -20.19262], [-44.23973, -20.19282], [-44.23967, -20.19303], [-44.23949, -20.19351], [-44.2393, -20.19396], [-44.23928, -20.19425], [-44.23925, -20.19456], [-44.23918, -20.195], [-44.239, -20.19556], [-44.23886, -20.19581], [-44.23856, -20.19611], [-44.23824, -20.19635], [-44.23797, -20.19667], [-44.2378, -20.19699], [-44.23776, -20.19732], [-44.23744, -20.19796], [-44.23724, -20.19813], [-44.23701, -20.19831], [-44.23678, -20.19845], [-44.23655, -20.19854], [-44.23627, -20.19859], [-44.23546, -20.19869], [-44.23514, -20.19874], [-44.23486, -20.1988], [-44.23463, -20.19888], [-44.23438, -20.19886], [-44.23417, -20.19901], [-44.234, -20.19916], [-44.23386, -20.1994], [-44.23378, -20.19968], [-44.23374, -20.19992], [-44.23371, -20.20014], [-44.2337, -20.20134], [-44.23374, -20.20163], [-44.23376, -20.20186], [-44.23376, -20.2026], [-44.23373, -20.20283], [-44.23373, -20.2033], [-44.23374, -20.20354], [-44.23375, -20.20378], [-44.23378, -20.20405], [-44.23378, -20.2049], [-44.23374, -20.20515], [-44.23367, -20.20537], [-44.23353, -20.20562], [-44.2334, -20.20585], [-44.23325, -20.20605], [-44.23309, -20.20629], [-44.23291, -20.20645], [-44.23266, -20.20663], [-44.23237, -20.20674], [-44.2321, -20.20682], [-44.23178, -20.20698], [-44.23155, -20.20718], [-44.23134, -20.20741], [-44.23121, -20.20764], [-44.23114, -20.20789], [-44.23109, -20.20813], [-44.23102, -20.20836], [-44.23095, -20.20859], [-44.23084, -20.20893], [-44.23077, -20.20918], [-44.23074, -20.2094], [-44.23058, -20.20966], [-44.23049, -20.20988], [-44.23032, -20.21006], [-44.23011, -20.21023], [-44.22989, -20.21041], [-44.2296, -20.21056], [-44.22935, -20.2106], [-44.22911, -20.21065], [-44.22892, -20.21077], [-44.22857, -20.21112], [-44.22845, -20.21134], [-44.22842, -20.21161], [-44.22844, -20.21187], [-44.22859, -20.21217], [-44.22873, -20.21239], [-44.22885, -20.21262], [-44.22895, -20.21283], [-44.22906, -20.21313], [-44.22925, -20.21334], [-44.22948, -20.21348], [-44.22976, -20.21366], [-44.22996, -20.2138], [-44.23019, -20.21397], [-44.2304, -20.21411], [-44.23064, -20.21427], [-44.23083, -20.21449], [-44.23102, -20.2147], [-44.2312, -20.2149], [-44.23144, -20.21512], [-44.23159, -20.21536], [-44.23179, -20.2155], [-44.23223, -20.21576], [-44.23247, -20.21589], [-44.23276, -20.21596], [-44.23305, -20.21603], [-44.2333, -20.21612], [-44.23352, -20.2162], [-44.2338, -20.21632], [-44.23405, -20.21638], [-44.2344, -20.21651], [-44.23461, -20.21661], [-44.2351, -20.21685], [-44.2354, -20.21699], [-44.23567, -20.21715], [-44.23586, -20.2173], [-44.23605, -20.21752], [-44.23618, -20.21774], [-44.2363, -20.21799], [-44.23639, -20.21824], [-44.23645, -20.21847], [-44.23649, -20.21876], [-44.2365, -20.21904], [-44.2365, -20.21929], [-44.23645, -20.21962], [-44.23625, -20.21982], [-44.23614, -20.22005], [-44.23605, -20.22033], [-44.23593, -20.22056], [-44.23579, -20.22075], [-44.2357, -20.22098], [-44.23559, -20.22125], [-44.23555, -20.22148], [-44.2355, -20.22174], [-44.23551, -20.22201], [-44.23553, -20.22225], [-44.23553, -20.22277], [-44.23552, -20.22301], [-44.23545, -20.2233], [-44.23532, -20.22364], [-44.23522, -20.22387], [-44.23496, -20.22435], [-44.23476, -20.22458], [-44.23456, -20.2248], [-44.23446, -20.225], [-44.23433, -20.22527], [-44.23423, -20.2255], [-44.23413, -20.22576], [-44.23406, -20.22599], [-44.23397, -20.22627], [-44.23388, -20.22652], [-44.23381, -20.22677], [-44.23373, -20.22707], [-44.23363, -20.22734], [-44.23355, -20.22756], [-44.23345, -20.22777], [-44.23337, -20.22797], [-44.23329, -20.2282], [-44.23323, -20.22846], [-44.23313, -20.22872], [-44.23307, -20.22895], [-44.23301, -20.22924], [-44.23299, -20.2295], [-44.23297, -20.22975], [-44.23297, -20.23053], [-44.233, -20.23083], [-44.23307, -20.23137], [-44.23311, -20.23161], [-44.23314, -20.2319], [-44.23318, -20.23212], [-44.23317, -20.23288], [-44.23324, -20.23305], [-44.23334, -20.23328], [-44.23344, -20.23349], [-44.23354, -20.23373], [-44.2337, -20.23397], [-44.23386, -20.23416], [-44.23399, -20.2344], [-44.23417, -20.23467], [-44.23434, -20.23494], [-44.23443, -20.23517], [-44.23445, -20.2354], [-44.23447, -20.23566], [-44.23446, -20.23597], [-44.23439, -20.23626], [-44.23439, -20.23679], [-44.23435, -20.2371], [-44.23433, -20.23736], [-44.23431, -20.23758], [-44.23429, -20.23784], [-44.23428, -20.2381], [-44.23427, -20.23841], [-44.23427, -20.23871], [-44.23426, -20.23969], [-44.23423, -20.23992], [-44.23418, -20.24014], [-44.23415, -20.24039], [-44.23412, -20.2406], [-44.23411, -20.24082], [-44.23412, -20.24106], [-44.23407, -20.24127], [-44.23394, -20.2415], [-44.23388, -20.24172], [-44.2338, -20.24199], [-44.23373, -20.24221], [-44.23363, -20.24247], [-44.23358, -20.2427], [-44.23345, -20.243], [-44.23334, -20.24324], [-44.23322, -20.24351], [-44.23309, -20.24371], [-44.23295, -20.24394], [-44.2328, -20.24413], [-44.23264, -20.24438], [-44.23251, -20.24459], [-44.23241, -20.24485], [-44.23228, -20.24512], [-44.23215, -20.24544], [-44.23208, -20.24566], [-44.23205, -20.24589], [-44.23203, -20.24611], [-44.23206, -20.24634], [-44.23212, -20.24659], [-44.2322, -20.24685], [-44.23231, -20.24704], [-44.23247, -20.24722], [-44.23264, -20.24747], [-44.2328, -20.24765], [-44.233, -20.2478], [-44.23306, -20.24783], [-44.23325, -20.24793], [-44.23345, -20.24807], [-44.2337, -20.24821], [-44.23395, -20.24821], [-44.23424, -20.24826], [-44.23447, -20.24837], [-44.2347, -20.2485], [-44.23492, -20.24865], [-44.23511, -20.24878], [-44.23532, -20.24893], [-44.23542, -20.24915], [-44.2355, -20.24937], [-44.23555, -20.24959], [-44.23556, -20.24975], [-44.23571, -20.25009], [-44.23587, -20.25025], [-44.23606, -20.25039], [-44.23629, -20.25054], [-44.23652, -20.25062], [-44.23677, -20.25066], [-44.237, -20.2507], [-44.23752, -20.25084], [-44.23779, -20.2509], [-44.23805, -20.25094], [-44.23829, -20.251], [-44.23859, -20.25105], [-44.23884, -20.25112], [-44.23906, -20.25121], [-44.23931, -20.25137], [-44.23948, -20.25153], [-44.23966, -20.25167], [-44.23985, -20.25184], [-44.24002, -20.25205], [-44.2402, -20.2522], [-44.24035, -20.25239], [-44.24056, -20.25264], [-44.24069, -20.25285], [-44.24094, -20.25296], [-44.24111, -20.2532], [-44.24135, -20.25346], [-44.24155, -20.25366], [-44.24177, -20.25383], [-44.24199, -20.25403], [-44.24218, -20.2542], [-44.24236, -20.25436], [-44.24262, -20.25456], [-44.24283, -20.25473], [-44.24304, -20.25489], [-44.24323, -20.25507], [-44.24353, -20.25528], [-44.24378, -20.25546], [-44.24399, -20.25558], [-44.24421, -20.25575], [-44.24442, -20.25589], [-44.24463, -20.25601], [-44.24489, -20.2561], [-44.24515, -20.2562], [-44.24538, -20.25616], [-44.24562, -20.25607], [-44.24585, -20.25603], [-44.24643, -20.25602], [-44.24668, -20.25608], [-44.24686, -20.25628], [-44.24698, -20.25648], [-44.24709, -20.25668], [-44.24723, -20.2569], [-44.24741, -20.25715], [-44.24754, -20.25734], [-44.24777, -20.25758], [-44.24795, -20.25772], [-44.24816, -20.25784], [-44.24839, -20.25789], [-44.24862, -20.25787], [-44.24887, -20.25781], [-44.24912, -20.25773], [-44.24935, -20.25764], [-44.24957, -20.25756], [-44.24978, -20.25742], [-44.25031, -20.25708], [-44.25052, -20.25695], [-44.25076, -20.25677], [-44.25104, -20.25655], [-44.25126, -20.25644], [-44.2515, -20.25631], [-44.25178, -20.25621], [-44.25203, -20.25628], [-44.25227, -20.25637], [-44.25247, -20.25657], [-44.25267, -20.25672], [-44.25294, -20.25672], [-44.25321, -20.25654], [-44.25335, -20.25636], [-44.25353, -20.25612], [-44.2538, -20.25559], [-44.25391, -20.25532], [-44.254, -20.25511], [-44.25411, -20.2549], [-44.25423, -20.25467], [-44.25431, -20.25446], [-44.25445, -20.25427], [-44.25464, -20.25412], [-44.25484, -20.25398], [-44.25508, -20.25388], [-44.25534, -20.25383], [-44.2556, -20.25375], [-44.25584, -20.25372], [-44.2561, -20.25371], [-44.25635, -20.25367], [-44.25661, -20.2536], [-44.25683, -20.2537], [-44.2571, -20.25366], [-44.25734, -20.25355], [-44.25754, -20.25334], [-44.25767, -20.25302], [-44.25775, -20.25274], [-44.25783, -20.25248], [-44.25795, -20.2522], [-44.25804, -20.25199], [-44.25817, -20.25175], [-44.25831, -20.25153], [-44.25852, -20.25134], [-44.25875, -20.2512], [-44.25905, -20.2511], [-44.25933, -20.25104], [-44.25954, -20.25091], [-44.25978, -20.25076], [-44.26, -20.25065], [-44.26022, -20.2505], [-44.26044, -20.25042], [-44.26069, -20.2504], [-44.26095, -20.25038], [-44.26127, -20.25038], [-44.26154, -20.25037], [-44.26182, -20.25037], [-44.26205, -20.25026], [-44.26229, -20.25022], [-44.26253, -20.25021], [-44.26378, -20.25021], [-44.26413, -20.25038], [-44.26444, -20.25039], [-44.26511, -20.2504], [-44.26534, -20.25041], [-44.26593, -20.25041], [-44.26621, -20.25042], [-44.26644, -20.25048], [-44.26675, -20.25065], [-44.26662, -20.25016], [-44.26651, -20.24991], [-44.26644, -20.24967], [-44.2663, -20.24933], [-44.26619, -20.24913], [-44.26606, -20.24882], [-44.26596, -20.24856], [-44.26591, -20.24827], [-44.26589, -20.24801], [-44.26589, -20.2475], [-44.26591, -20.24728], [-44.26597, -20.24702], [-44.26603, -20.24676], [-44.26608, -20.24653], [-44.26618, -20.24628], [-44.26624, -20.24604], [-44.26634, -20.24567], [-44.26638, -20.24543], [-44.26641, -20.24512], [-44.26644, -20.24475], [-44.26645, -20.24443], [-44.26645, -20.24411], [-44.26646, -20.24387], [-44.26649, -20.24353], [-44.26652, -20.24329], [-44.26653, -20.24306], [-44.26657, -20.2428], [-44.26661, -20.24242], [-44.26663, -20.24218], [-44.26668, -20.24195], [-44.26673, -20.24167], [-44.26686, -20.24111], [-44.26688, -20.2408], [-44.26701, -20.24044], [-44.26713, -20.24007], [-44.26725, -20.23973], [-44.2673, -20.2394], [-44.2673, -20.23914], [-44.26742, -20.23887], [-44.26758, -20.23862], [-44.26768, -20.23841], [-44.26779, -20.23818], [-44.26788, -20.23797], [-44.26799, -20.23777], [-44.26816, -20.23755], [-44.26834, -20.23728], [-44.26849, -20.23707], [-44.26869, -20.23683], [-44.26888, -20.2365], [-44.26903, -20.23627], [-44.26914, -20.23608], [-44.26926, -20.23582], [-44.26939, -20.23559], [-44.26946, -20.23528], [-44.26949, -20.23496], [-44.26949, -20.23441], [-44.26944, -20.23406], [-44.26935, -20.23382], [-44.2693, -20.23358], [-44.26929, -20.23331], [-44.2693, -20.23203], [-44.26938, -20.23171], [-44.26941, -20.23145], [-44.26942, -20.23114], [-44.26944, -20.23092], [-44.26942, -20.2307], [-44.26939, -20.23044], [-44.26934, -20.23016], [-44.26924, -20.22986], [-44.26917, -20.22963], [-44.26912, -20.22936], [-44.26908, -20.22914], [-44.26888, -20.22863], [-44.26882, -20.22839], [-44.26877, -20.22817], [-44.26874, -20.2279], [-44.2687, -20.22767], [-44.26868, -20.22731], [-44.26865, -20.22704], [-44.26861, -20.22673], [-44.26861, -20.2265], [-44.2687, -20.22627], [-44.26885, -20.2261], [-44.26902, -20.22594], [-44.26922, -20.22579], [-44.26939, -20.22561], [-44.26954, -20.22544], [-44.26972, -20.22528], [-44.27009, -20.22494], [-44.27029, -20.22477], [-44.27052, -20.22468], [-44.27075, -20.22458], [-44.27098, -20.22448], [-44.27122, -20.22434], [-44.27148, -20.22429], [-44.27174, -20.22427], [-44.27198, -20.22426], [-44.27245, -20.22424], [-44.27277, -20.22418], [-44.27304, -20.22414], [-44.27328, -20.22409], [-44.27382, -20.224], [-44.27412, -20.22393], [-44.27433, -20.22383], [-44.27456, -20.22374], [-44.27478, -20.22362], [-44.27498, -20.22345], [-44.27515, -20.22329], [-44.27529, -20.22311], [-44.27532, -20.22285], [-44.27536, -20.22263], [-44.27529, -20.2224], [-44.27526, -20.22199], [-44.27523, -20.22174], [-44.2752, -20.22151], [-44.27519, -20.2211], [-44.27518, -20.22078], [-44.27518, -20.22052], [-44.2752, -20.22027], [-44.27529, -20.21997], [-44.2753, -20.21963], [-44.27532, -20.21923], [-44.27534, -20.219], [-44.27539, -20.2187], [-44.27544, -20.21843], [-44.2755, -20.21818], [-44.27557, -20.21789], [-44.27555, -20.21756], [-44.27555, -20.21665], [-44.27554, -20.21634], [-44.27552, -20.21612], [-44.27545, -20.21583], [-44.27534, -20.21554], [-44.27529, -20.21532], [-44.27524, -20.21507], [-44.27524, -20.21458], [-44.27533, -20.21437], [-44.27555, -20.21421], [-44.27575, -20.21408], [-44.27593, -20.21394], [-44.27614, -20.21379], [-44.27631, -20.21363], [-44.27647, -20.21347], [-44.27672, -20.21325], [-44.27683, -20.21305], [-44.27684, -20.21253], [-44.27689, -20.21228], [-44.27698, -20.21205], [-44.27711, -20.21184], [-44.27708, -20.21162], [-44.27707, -20.2114], [-44.27704, -20.21116], [-44.277, -20.21088], [-44.2772, -20.2107], [-44.27738, -20.21055], [-44.27756, -20.2107], [-44.27774, -20.21088], [-44.27795, -20.21105], [-44.2782, -20.21098], [-44.27841, -20.21082], [-44.27862, -20.21068], [-44.27878, -20.21046], [-44.27869, -20.21016], [-44.27876, -20.2099], [-44.27885, -20.2097], [-44.27865, -20.20946], [-44.27848, -20.2093], [-44.27824, -20.20918], [-44.27812, -20.20895], [-44.27803, -20.2087], [-44.27802, -20.20848], [-44.278, -20.20826], [-44.278, -20.20776], [-44.27805, -20.2073], [-44.27805, -20.20704], [-44.278, -20.20682], [-44.27796, -20.20659], [-44.27796, -20.20608], [-44.27805, -20.20587], [-44.27816, -20.20568], [-44.27832, -20.20551], [-44.27843, -20.2053], [-44.27853, -20.20504], [-44.2786, -20.20479], [-44.2787, -20.20453], [-44.27881, -20.2043], [-44.27895, -20.20412], [-44.27917, -20.20399], [-44.2794, -20.20395], [-44.27966, -20.20397], [-44.27991, -20.20388], [-44.28012, -20.20376], [-44.28026, -20.20354], [-44.28025, -20.20331], [-44.28011, -20.20307], [-44.27991, -20.20279], [-44.27975, -20.20259], [-44.27961, -20.20241], [-44.27956, -20.20219], [-44.27956, -20.20195], [-44.27967, -20.20176], [-44.27986, -20.20153], [-44.28002, -20.20137], [-44.28009, -20.20112], [-44.28012, -20.2009], [-44.28012, -20.20065], [-44.28003, -20.20041], [-44.27992, -20.2002], [-44.27986, -20.19997], [-44.27977, -20.19968], [-44.27961, -20.19946], [-44.27936, -20.19935], [-44.27913, -20.1992], [-44.27891, -20.19908], [-44.27867, -20.19895], [-44.27844, -20.19885], [-44.27818, -20.19878], [-44.27793, -20.19875], [-44.27766, -20.19869], [-44.27743, -20.19861], [-44.27721, -20.19852], [-44.27702, -20.19839], [-44.27689, -20.19818], [-44.27678, -20.19795], [-44.27669, -20.19774], [-44.2766, -20.19749], [-44.27647, -20.1972], [-44.27625, -20.19701], [-44.27604, -20.19685], [-44.27587, -20.19668], [-44.27585, -20.19646], [-44.27587, -20.19624], [-44.27585, -20.196], [-44.2757, -20.19578], [-44.27556, -20.19558], [-44.27533, -20.19544], [-44.27512, -20.1953], [-44.27495, -20.19512], [-44.27484, -20.19492], [-44.27475, -20.1947], [-44.27457, -20.19454], [-44.27457, -20.19431], [-44.27465, -20.19407], [-44.27475, -20.19379], [-44.27472, -20.19351], [-44.27463, -20.1933], [-44.27448, -20.19309], [-44.27435, -20.19289], [-44.27408, -20.1928], [-44.27383, -20.19264], [-44.27359, -20.19243], [-44.27339, -20.19227], [-44.27328, -20.19201], [-44.27331, -20.19178], [-44.27337, -20.19153], [-44.27341, -20.1913], [-44.27342, -20.19108], [-44.27345, -20.19083], [-44.27354, -20.19062], [-44.27378, -20.19057], [-44.27404, -20.19056], [-44.27431, -20.19048], [-44.27447, -20.19032], [-44.27458, -20.19006], [-44.27441, -20.18985], [-44.27418, -20.18979], [-44.27415, -20.18957], [-44.27419, -20.18933], [-44.27424, -20.18911], [-44.27426, -20.18867], [-44.27424, -20.18844], [-44.2742, -20.18817], [-44.27417, -20.18788], [-44.27422, -20.18763], [-44.2743, -20.18734], [-44.27431, -20.187], [-44.27434, -20.18675], [-44.27436, -20.18651], [-44.27437, -20.18592], [-44.27436, -20.1857], [-44.27424, -20.18546], [-44.27419, -20.18515], [-44.27415, -20.18487], [-44.27409, -20.1846], [-44.27398, -20.18434], [-44.27384, -20.18408], [-44.27378, -20.18385], [-44.27377, -20.18363], [-44.27377, -20.18336], [-44.2739, -20.18307], [-44.274, -20.18287], [-44.27424, -20.18274], [-44.27445, -20.1826], [-44.27465, -20.18245], [-44.27495, -20.1824], [-44.27518, -20.18235], [-44.27543, -20.18229], [-44.27567, -20.18217], [-44.27589, -20.18209], [-44.2761, -20.18199], [-44.27626, -20.1818], [-44.27645, -20.1816], [-44.27646, -20.18138], [-44.27641, -20.18116], [-44.27629, -20.18093], [-44.27612, -20.18075], [-44.27595, -20.18058], [-44.27594, -20.18035], [-44.27594, -20.18006], [-44.27597, -20.17983], [-44.27611, -20.17966], [-44.27636, -20.1796], [-44.27651, -20.17943], [-44.27666, -20.17923], [-44.27678, -20.179], [-44.27684, -20.17876], [-44.27679, -20.1785], [-44.2768, -20.17826], [-44.27679, -20.17799], [-44.27677, -20.17776], [-44.27678, -20.17753], [-44.2768, -20.17729], [-44.2768, -20.17699], [-44.27684, -20.17672], [-44.27672, -20.17648], [-44.27659, -20.17625], [-44.27659, -20.17596], [-44.2765, -20.17569], [-44.27651, -20.17489], [-44.27647, -20.17457], [-44.27646, -20.17429], [-44.27646, -20.17401], [-44.2766, -20.17376], [-44.27666, -20.17351], [-44.27671, -20.17328], [-44.27686, -20.17306], [-44.27699, -20.1728], [-44.27709, -20.17256], [-44.27712, -20.1723], [-44.27713, -20.17202], [-44.27715, -20.17176], [-44.27705, -20.17154], [-44.27704, -20.17129], [-44.2773, -20.1714], [-44.27753, -20.17152], [-44.27774, -20.17166], [-44.27796, -20.17183], [-44.27813, -20.17203], [-44.27838, -20.17217], [-44.2786, -20.17235], [-44.27883, -20.17252], [-44.2791, -20.17269], [-44.27936, -20.17287], [-44.27956, -20.17305], [-44.27976, -20.17331], [-44.27996, -20.17349], [-44.28014, -20.17363], [-44.28037, -20.17366], [-44.28062, -20.17369], [-44.28076, -20.17388], [-44.28097, -20.17399], [-44.28125, -20.17404], [-44.28143, -20.1742], [-44.28163, -20.17435], [-44.28189, -20.17452], [-44.28191, -20.17482], [-44.28181, -20.1751], [-44.28174, -20.17534], [-44.28174, -20.17557], [-44.28177, -20.17582], [-44.28187, -20.17604], [-44.28205, -20.17618], [-44.28224, -20.17639], [-44.28257, -20.17639], [-44.28281, -20.17624], [-44.28306, -20.1761], [-44.28329, -20.176], [-44.28356, -20.17589], [-44.28381, -20.17587], [-44.28402, -20.17601], [-44.28406, -20.17624], [-44.28406, -20.17648], [-44.28402, -20.17671], [-44.28402, -20.17694], [-44.28406, -20.17716], [-44.28423, -20.17736], [-44.2844, -20.17751], [-44.28469, -20.17752], [-44.28495, -20.17748], [-44.28517, -20.17738], [-44.28541, -20.1774], [-44.28558, -20.17756], [-44.28572, -20.17779], [-44.28584, -20.17801], [-44.28599, -20.17823], [-44.28612, -20.17844], [-44.28626, -20.17863], [-44.28645, -20.17893], [-44.28665, -20.17911], [-44.28693, -20.17916], [-44.2872, -20.17914], [-44.28743, -20.17899], [-44.28763, -20.17882], [-44.28784, -20.17868], [-44.28813, -20.17857], [-44.28839, -20.17847], [-44.28862, -20.17844], [-44.28888, -20.17856], [-44.289, -20.17878], [-44.28929, -20.17877], [-44.28948, -20.17864], [-44.28968, -20.1785], [-44.28973, -20.17827], [-44.28995, -20.17814], [-44.29017, -20.17803], [-44.29026, -20.17782], [-44.29041, -20.17765], [-44.29059, -20.17748], [-44.29069, -20.17722], [-44.2909, -20.17706], [-44.29114, -20.17699], [-44.29138, -20.17696], [-44.29165, -20.17698], [-44.29186, -20.17715], [-44.29205, -20.17732], [-44.2922, -20.17749], [-44.29245, -20.17774], [-44.29267, -20.17794], [-44.29284, -20.17813], [-44.293, -20.1783], [-44.29316, -20.17847], [-44.29336, -20.17863], [-44.29359, -20.17872], [-44.29386, -20.17876], [-44.29425, -20.17877], [-44.29437, -20.17896], [-44.29464, -20.17902], [-44.29489, -20.17907], [-44.29514, -20.17908], [-44.29545, -20.17908], [-44.29568, -20.17905], [-44.29589, -20.17888], [-44.29613, -20.17876], [-44.29632, -20.17864], [-44.29651, -20.17844], [-44.29675, -20.17829], [-44.29697, -20.17818], [-44.29721, -20.17821], [-44.29737, -20.17845], [-44.29741, -20.17867], [-44.29745, -20.17894], [-44.29755, -20.17921], [-44.29772, -20.17936], [-44.29801, -20.17936], [-44.29818, -20.1792], [-44.29822, -20.17898], [-44.29825, -20.17869], [-44.29831, -20.1784], [-44.29821, -20.17816], [-44.2982, -20.17787], [-44.29822, -20.1776], [-44.2984, -20.17742], [-44.29863, -20.17729], [-44.29893, -20.17726], [-44.29922, -20.17727], [-44.29949, -20.17733], [-44.2998, -20.17738], [-44.30005, -20.17744], [-44.3003, -20.17748], [-44.30054, -20.17752], [-44.30085, -20.17756], [-44.3011, -20.17758], [-44.30137, -20.17762], [-44.30163, -20.17771], [-44.30187, -20.1778], [-44.30207, -20.17797], [-44.30218, -20.17817], [-44.30222, -20.17842], [-44.30222, -20.17867], [-44.30229, -20.17893], [-44.30244, -20.17912], [-44.30267, -20.17929], [-44.30293, -20.17935], [-44.30318, -20.17942], [-44.30342, -20.17944], [-44.30365, -20.17948], [-44.30391, -20.1795], [-44.30413, -20.17961], [-44.30466, -20.17984], [-44.30493, -20.17991], [-44.30522, -20.17997], [-44.30553, -20.17999], [-44.3058, -20.18005], [-44.30601, -20.18018], [-44.30612, -20.18041], [-44.30619, -20.1807], [-44.30624, -20.18095], [-44.30624, -20.18126], [-44.30625, -20.18154], [-44.3063, -20.1818], [-44.30637, -20.18206], [-44.30652, -20.18223], [-44.30676, -20.18223], [-44.30684, -20.18201], [-44.30687, -20.18176], [-44.30695, -20.18153], [-44.30705, -20.1813], [-44.30714, -20.18105], [-44.30731, -20.1809], [-44.30754, -20.18089], [-44.30779, -20.18089], [-44.30802, -20.18086], [-44.30824, -20.18078], [-44.30853, -20.18065], [-44.30877, -20.1806], [-44.30903, -20.18053], [-44.30927, -20.18045], [-44.30949, -20.18036], [-44.30982, -20.18043], [-44.3101, -20.18045], [-44.31034, -20.1805], [-44.31059, -20.18055], [-44.31085, -20.18058], [-44.31115, -20.18063], [-44.31139, -20.18061], [-44.31164, -20.18062], [-44.31187, -20.18068], [-44.31218, -20.18073], [-44.31241, -20.18076], [-44.31325, -20.18077], [-44.31349, -20.18072], [-44.31374, -20.18069], [-44.31398, -20.18067], [-44.31424, -20.18059], [-44.31448, -20.18048], [-44.31474, -20.18037], [-44.31496, -20.18029], [-44.31517, -20.18019], [-44.31541, -20.18009], [-44.3157, -20.18004], [-44.31595, -20.17999], [-44.31618, -20.1799], [-44.31634, -20.17974], [-44.31651, -20.17951], [-44.31663, -20.17928], [-44.31673, -20.17907], [-44.31682, -20.1788], [-44.31682, -20.17832], [-44.31683, -20.17807], [-44.31698, -20.17788], [-44.31722, -20.1778], [-44.31749, -20.17779], [-44.31776, -20.17771], [-44.31795, -20.17755], [-44.3181, -20.17736], [-44.31824, -20.17717], [-44.31838, -20.17698], [-44.31853, -20.17681], [-44.3187, -20.17659], [-44.31888, -20.17606], [-44.31908, -20.17592], [-44.3193, -20.17583], [-44.31954, -20.17578], [-44.3198, -20.17577], [-44.32006, -20.17581], [-44.32026, -20.17596], [-44.32046, -20.1761], [-44.32063, -20.17625], [-44.32094, -20.17634], [-44.32116, -20.17643], [-44.32141, -20.17648], [-44.32166, -20.17652], [-44.32197, -20.17653], [-44.32223, -20.17657], [-44.32248, -20.17653], [-44.32282, -20.17642], [-44.32306, -20.17631], [-44.32328, -20.17621], [-44.32357, -20.17601], [-44.32386, -20.17581], [-44.32403, -20.17563], [-44.32416, -20.17544], [-44.3243, -20.1752], [-44.32444, -20.17499], [-44.32447, -20.1747], [-44.32449, -20.17441], [-44.32446, -20.17419], [-44.3244, -20.17392], [-44.32434, -20.17365], [-44.32433, -20.17343], [-44.32448, -20.17326], [-44.32467, -20.17307], [-44.32486, -20.17294], [-44.32506, -20.17276], [-44.32523, -20.17256], [-44.32536, -20.17236], [-44.32571, -20.17202], [-44.32592, -20.17188], [-44.32614, -20.17172], [-44.3264, -20.17185], [-44.32669, -20.17175], [-44.32693, -20.17162], [-44.32711, -20.17147], [-44.32736, -20.17132], [-44.32757, -20.17121], [-44.32776, -20.17108], [-44.32799, -20.17098], [-44.32826, -20.17093], [-44.3285, -20.17095], [-44.32873, -20.17103], [-44.32892, -20.17123], [-44.32909, -20.1714], [-44.32922, -20.17159], [-44.32944, -20.17174], [-44.32967, -20.17183], [-44.32991, -20.17187], [-44.33015, -20.17187], [-44.33041, -20.1719], [-44.33058, -20.17207], [-44.3308, -20.17231], [-44.33093, -20.1725], [-44.33101, -20.17272], [-44.3311, -20.17296], [-44.33122, -20.17316], [-44.33137, -20.17338], [-44.3316, -20.17348], [-44.33186, -20.17349], [-44.33209, -20.17339], [-44.33231, -20.17324], [-44.33245, -20.17303], [-44.33251, -20.17276], [-44.33258, -20.17251], [-44.33263, -20.17228], [-44.33263, -20.17204], [-44.33262, -20.17181], [-44.33259, -20.17156], [-44.33268, -20.17126], [-44.33283, -20.17094], [-44.33287, -20.17083], [-44.33291, -20.17071], [-44.33296, -20.17045], [-44.33293, -20.17015], [-44.33288, -20.16989], [-44.33288, -20.16962], [-44.33304, -20.16946], [-44.33328, -20.16932], [-44.33355, -20.16916], [-44.33384, -20.16909], [-44.33405, -20.1689], [-44.33419, -20.16868], [-44.33424, -20.16841], [-44.33424, -20.16816], [-44.33423, -20.16793], [-44.33422, -20.16759], [-44.33427, -20.16735], [-44.3344, -20.16713], [-44.33457, -20.16695], [-44.33481, -20.1668], [-44.33499, -20.16664], [-44.33509, -20.16641], [-44.33513, -20.16619], [-44.33515, -20.16596], [-44.33525, -20.16574], [-44.33539, -20.16556], [-44.33559, -20.16542], [-44.33584, -20.16537], [-44.33611, -20.16546], [-44.33635, -20.16545], [-44.33656, -20.16533], [-44.3367, -20.16516], [-44.33698, -20.16517], [-44.33719, -20.1653], [-44.33743, -20.16536], [-44.33766, -20.16521], [-44.33775, -20.16499], [-44.33793, -20.16484], [-44.33816, -20.16487], [-44.33842, -20.16492], [-44.33869, -20.16492], [-44.33889, -20.16494], [-44.33895, -20.16495], [-44.33908, -20.16473], [-44.33916, -20.1645], [-44.33906, -20.16426], [-44.33894, -20.16407], [-44.3389, -20.16385], [-44.33895, -20.16363], [-44.33919, -20.16366], [-44.33939, -20.16383], [-44.33954, -20.16401], [-44.33971, -20.16424], [-44.33986, -20.16444], [-44.34009, -20.16449], [-44.34032, -20.16448], [-44.34054, -20.16437], [-44.34058, -20.16413], [-44.34066, -20.16388], [-44.34079, -20.16369], [-44.34088, -20.16348], [-44.3409, -20.16324], [-44.34082, -20.163], [-44.34055, -20.16272], [-44.34045, -20.16248], [-44.34047, -20.16216], [-44.34063, -20.16196], [-44.34085, -20.16186], [-44.34112, -20.1619], [-44.34161, -20.16206], [-44.34182, -20.16218], [-44.34207, -20.16232], [-44.34232, -20.16245], [-44.34256, -20.16248], [-44.34282, -20.16242], [-44.34302, -20.16228], [-44.34321, -20.1621], [-44.34336, -20.16191], [-44.34348, -20.16168], [-44.34368, -20.16155], [-44.34388, -20.1614], [-44.34414, -20.16132], [-44.34436, -20.16124], [-44.34462, -20.16111], [-44.34486, -20.16095], [-44.34508, -20.16087], [-44.34529, -20.1607], [-44.34552, -20.16055], [-44.34582, -20.16041], [-44.34605, -20.16033], [-44.34625, -20.16021], [-44.34648, -20.16005], [-44.34675, -20.15995], [-44.34704, -20.15991], [-44.34729, -20.15991], [-44.34757, -20.15992], [-44.34811, -20.15993], [-44.34835, -20.15994], [-44.34858, -20.16004], [-44.34873, -20.16024], [-44.34885, -20.16047], [-44.34908, -20.16055], [-44.34931, -20.16058], [-44.34944, -20.16031], [-44.34958, -20.16013], [-44.34973, -20.15985], [-44.34995, -20.15974], [-44.35046, -20.15969], [-44.35079, -20.15973], [-44.35079, -20.15958], [-44.35069, -20.15934], [-44.3505, -20.15916], [-44.35032, -20.15901], [-44.35012, -20.15887], [-44.34986, -20.15874], [-44.34964, -20.15861], [-44.3493, -20.15842], [-44.34905, -20.1583], [-44.34877, -20.15816], [-44.34842, -20.15794], [-44.34811, -20.15776], [-44.34782, -20.15763], [-44.34754, -20.15746], [-44.34721, -20.15726], [-44.34691, -20.15703], [-44.34655, -20.15677], [-44.34629, -20.15663], [-44.34606, -20.15651], [-44.34584, -20.15639], [-44.34558, -20.15622], [-44.34534, -20.15597], [-44.34519, -20.15578], [-44.34497, -20.15558], [-44.34483, -20.15534], [-44.34465, -20.15506], [-44.34453, -20.15485], [-44.34447, -20.15462], [-44.34439, -20.1544], [-44.34421, -20.15409], [-44.34402, -20.15382], [-44.34391, -20.15357], [-44.34385, -20.15332], [-44.3437, -20.15302], [-44.34355, -20.15281], [-44.34335, -20.15256], [-44.34317, -20.15232], [-44.34301, -20.15211], [-44.34288, -20.15189], [-44.34281, -20.15166], [-44.34276, -20.1513], [-44.34275, -20.15104], [-44.34274, -20.15076], [-44.34274, -20.14975], [-44.34278, -20.1495], [-44.34283, -20.14916], [-44.34288, -20.1489], [-44.34292, -20.14856], [-44.34297, -20.14824], [-44.34306, -20.14798], [-44.34311, -20.14775], [-44.34319, -20.14744], [-44.34327, -20.1472], [-44.3434, -20.14694], [-44.34358, -20.14664], [-44.34371, -20.14638], [-44.34381, -20.14611], [-44.34383, -20.14582], [-44.34379, -20.14557], [-44.34371, -20.1453], [-44.34366, -20.145], [-44.34352, -20.14477], [-44.34342, -20.14452], [-44.34317, -20.14434], [-44.343, -20.14414], [-44.34283, -20.14399], [-44.34268, -20.14379], [-44.34251, -20.14361], [-44.34215, -20.1433], [-44.34191, -20.14311], [-44.34165, -20.14291], [-44.34133, -20.14262], [-44.34094, -20.14222], [-44.34069, -20.142], [-44.34031, -20.14173], [-44.34012, -20.14159], [-44.33988, -20.14135], [-44.33964, -20.14113], [-44.33939, -20.14092], [-44.33911, -20.14072], [-44.33892, -20.14052], [-44.33873, -20.14036], [-44.33854, -20.14021], [-44.33835, -20.14005], [-44.33819, -20.13987], [-44.33802, -20.13967], [-44.33778, -20.13948], [-44.33768, -20.13927], [-44.33763, -20.13905], [-44.33752, -20.13883], [-44.33741, -20.13855], [-44.33734, -20.13828], [-44.33724, -20.13802], [-44.33711, -20.13751], [-44.33706, -20.13725], [-44.337, -20.13697], [-44.33695, -20.13671], [-44.33693, -20.13649], [-44.33685, -20.13623], [-44.33679, -20.13601], [-44.33673, -20.13572], [-44.33669, -20.13548], [-44.33664, -20.13526], [-44.33663, -20.13499], [-44.33672, -20.13473], [-44.33677, -20.13438], [-44.33678, -20.13398], [-44.33681, -20.1336], [-44.33681, -20.13294], [-44.33674, -20.13261], [-44.33664, -20.13234], [-44.33661, -20.13205], [-44.33656, -20.13183], [-44.33652, -20.1316], [-44.33648, -20.13136], [-44.33645, -20.13114], [-44.33646, -20.13065], [-44.33647, -20.13033], [-44.33651, -20.1301], [-44.33653, -20.12988], [-44.33656, -20.12965], [-44.33663, -20.12941], [-44.33669, -20.12918], [-44.33671, -20.12895], [-44.33672, -20.12869], [-44.33672, -20.1284], [-44.33674, -20.12807], [-44.33679, -20.12784], [-44.33687, -20.12757], [-44.33692, -20.12726], [-44.33694, -20.12704], [-44.33698, -20.12679], [-44.33699, -20.12656], [-44.337, -20.12621], [-44.337, -20.12598], [-44.33694, -20.12571], [-44.33688, -20.12543], [-44.3369, -20.12519], [-44.33692, -20.12482], [-44.33694, -20.12454], [-44.337, -20.12431], [-44.33711, -20.12408], [-44.33722, -20.12381], [-44.3373, -20.12358], [-44.33741, -20.12329], [-44.33751, -20.12309], [-44.33762, -20.12285], [-44.33769, -20.12258], [-44.33773, -20.12225], [-44.33774, -20.12106], [-44.33777, -20.12084], [-44.33776, -20.1206], [-44.33773, -20.12032], [-44.33772, -20.12005], [-44.33775, -20.11981], [-44.3378, -20.11955], [-44.33717, -20.11943], [-44.33694, -20.11944], [-44.33665, -20.11945], [-44.33478, -20.11944], [-44.33447, -20.11942], [-44.33413, -20.11939], [-44.33384, -20.11931], [-44.33353, -20.11925], [-44.33325, -20.11923], [-44.33301, -20.1192], [-44.33266, -20.11917], [-44.33243, -20.11915], [-44.33217, -20.11913], [-44.33173, -20.11908], [-44.33141, -20.11904], [-44.33118, -20.11899], [-44.33087, -20.11896], [-44.33058, -20.11888], [-44.33032, -20.11882], [-44.32993, -20.11867], [-44.32965, -20.11861], [-44.32939, -20.11854], [-44.32916, -20.11847], [-44.32875, -20.1183], [-44.32853, -20.1182], [-44.32833, -20.11809], [-44.32807, -20.11798], [-44.32778, -20.11784], [-44.3275, -20.1177], [-44.32718, -20.11756], [-44.32695, -20.11743], [-44.32672, -20.11734], [-44.32631, -20.11713], [-44.32605, -20.11699], [-44.32575, -20.11679], [-44.32549, -20.11664], [-44.32525, -20.11651], [-44.3249, -20.11631], [-44.32466, -20.11617], [-44.32437, -20.11603], [-44.32396, -20.11596], [-44.32364, -20.11583], [-44.32342, -20.11571], [-44.32311, -20.11555], [-44.32281, -20.1154], [-44.32251, -20.11527], [-44.32221, -20.11516], [-44.32188, -20.11505], [-44.32164, -20.11495], [-44.32138, -20.11487], [-44.32109, -20.1148], [-44.32078, -20.11475], [-44.32052, -20.11472], [-44.32014, -20.11467], [-44.31988, -20.11465], [-44.31946, -20.11457], [-44.31909, -20.11434], [-44.31874, -20.11425], [-44.31849, -20.1142], [-44.31826, -20.11415], [-44.31802, -20.11411], [-44.31757, -20.114], [-44.31726, -20.11396], [-44.31695, -20.11393], [-44.31625, -20.11385], [-44.31597, -20.11383], [-44.31566, -20.11381], [-44.31528, -20.1138], [-44.31497, -20.11378], [-44.31463, -20.11376], [-44.31427, -20.11374], [-44.31405, -20.11382], [-44.31379, -20.11388], [-44.31349, -20.11388], [-44.3132, -20.11389], [-44.31289, -20.1139], [-44.31262, -20.11393], [-44.31233, -20.11397], [-44.31193, -20.11399], [-44.3115, -20.11388], [-44.3109, -20.11388], [-44.31044, -20.11397], [-44.31007, -20.11404], [-44.30983, -20.11409], [-44.30971, -20.11413], [-44.30958, -20.11416], [-44.30945, -20.11419], [-44.3092, -20.11424], [-44.30886, -20.11433], [-44.30857, -20.11444], [-44.30828, -20.11454], [-44.30803, -20.11462], [-44.30771, -20.11471], [-44.3075, -20.11481], [-44.30726, -20.11493], [-44.30701, -20.11502], [-44.30656, -20.11528], [-44.30615, -20.11543], [-44.30588, -20.1155], [-44.30564, -20.11556], [-44.30528, -20.11564], [-44.30496, -20.11571], [-44.30458, -20.1158], [-44.30417, -20.11577], [-44.30388, -20.11579], [-44.30362, -20.11586], [-44.30326, -20.116], [-44.30298, -20.11607], [-44.30261, -20.11609], [-44.30226, -20.1161], [-44.30194, -20.11611], [-44.30103, -20.11611], [-44.30037, -20.11601], [-44.30013, -20.11594], [-44.29992, -20.11583], [-44.29971, -20.11567], [-44.29955, -20.11546], [-44.29942, -20.11528], [-44.2992, -20.11513], [-44.29905, -20.11489], [-44.29892, -20.11466], [-44.2988, -20.11433], [-44.29862, -20.11398], [-44.29845, -20.11374], [-44.29829, -20.11356], [-44.29811, -20.11338], [-44.2979, -20.11318], [-44.29762, -20.11303], [-44.29762, -20.11302], [-44.2974, -20.11293], [-44.29699, -20.11281], [-44.29672, -20.11275], [-44.29635, -20.11265], [-44.296, -20.11258], [-44.29577, -20.11254], [-44.29545, -20.11253], [-44.29521, -20.11252], [-44.29494, -20.11251], [-44.29465, -20.11256], [-44.29442, -20.11265], [-44.29409, -20.11271], [-44.29375, -20.11279], [-44.29306, -20.11302], [-44.29278, -20.11313], [-44.29224, -20.11331], [-44.29192, -20.1134], [-44.29166, -20.11347], [-44.29141, -20.11352], [-44.29102, -20.11362], [-44.29065, -20.1137], [-44.29042, -20.11373], [-44.29018, -20.11374], [-44.28981, -20.11379], [-44.28958, -20.11389], [-44.28931, -20.11391], [-44.289, -20.1139], [-44.28866, -20.11388], [-44.28829, -20.11383], [-44.28785, -20.11375], [-44.28759, -20.11369], [-44.28715, -20.11346], [-44.28688, -20.11336], [-44.28664, -20.11327], [-44.28622, -20.11315], [-44.28589, -20.11305], [-44.28561, -20.11296], [-44.28514, -20.11287], [-44.28485, -20.11282], [-44.28451, -20.11278], [-44.28366, -20.11278], [-44.28336, -20.11283], [-44.28299, -20.11288], [-44.28275, -20.1129], [-44.28239, -20.11295], [-44.28214, -20.11293], [-44.2819, -20.11281], [-44.28162, -20.11258], [-44.28137, -20.11237], [-44.2811, -20.1121], [-44.28085, -20.11185], [-44.28062, -20.11165], [-44.28047, -20.11144], [-44.28019, -20.11133], [-44.27987, -20.11133], [-44.27947, -20.1113], [-44.27879, -20.1113], [-44.27855, -20.11134], [-44.27823, -20.11138], [-44.27798, -20.11142], [-44.27765, -20.11143], [-44.27733, -20.11145], [-44.27701, -20.11157], [-44.27674, -20.11157], [-44.2764, -20.11161], [-44.27617, -20.11166], [-44.27603, -20.11169], [-44.27589, -20.11174], [-44.27564, -20.11178], [-44.27537, -20.11189], [-44.2751, -20.112], [-44.27484, -20.11211], [-44.27463, -20.11224], [-44.27444, -20.11246], [-44.27426, -20.11266], [-44.27413, -20.11285], [-44.27396, -20.11315], [-44.27366, -20.11361], [-44.2735, -20.1138], [-44.2733, -20.11399], [-44.27306, -20.11418], [-44.27277, -20.11415], [-44.27254, -20.11408], [-44.2722, -20.11398], [-44.27194, -20.1139], [-44.27162, -20.1138], [-44.27137, -20.1138], [-44.27112, -20.11385], [-44.27097, -20.11402], [-44.27075, -20.11419], [-44.27048, -20.11434], [-44.27028, -20.11449], [-44.27006, -20.11466], [-44.26982, -20.1148], [-44.26969, -20.11504], [-44.26961, -20.11525], [-44.26951, -20.11546], [-44.26937, -20.11569], [-44.26922, -20.1159], [-44.26903, -20.11612], [-44.26879, -20.11639], [-44.2686, -20.1166], [-44.26841, -20.11679], [-44.26821, -20.11691], [-44.26797, -20.11705], [-44.26771, -20.11718], [-44.26744, -20.11727], [-44.26715, -20.1173], [-44.26691, -20.11735], [-44.26667, -20.11738], [-44.26643, -20.11743], [-44.26614, -20.11753], [-44.26591, -20.11756], [-44.2656, -20.11765], [-44.2654, -20.11781], [-44.26519, -20.11793], [-44.26491, -20.11814], [-44.2647, -20.11832], [-44.26465, -20.11854], [-44.26448, -20.11878], [-44.26429, -20.119], [-44.26388, -20.11939], [-44.26369, -20.11955], [-44.26348, -20.11972], [-44.26314, -20.11995], [-44.26284, -20.12012], [-44.2625, -20.12016], [-44.26228, -20.12024], [-44.26202, -20.12035], [-44.26171, -20.12047], [-44.26149, -20.12057], [-44.26122, -20.12063], [-44.26087, -20.12076], [-44.26062, -20.12079], [-44.26025, -20.12089], [-44.25991, -20.12097], [-44.25965, -20.12105], [-44.25944, -20.12116], [-44.25921, -20.12127], [-44.25899, -20.1214], [-44.25874, -20.12145], [-44.2584, -20.12159], [-44.25815, -20.12172], [-44.25796, -20.1219], [-44.25778, -20.12212], [-44.25755, -20.12228], [-44.25723, -20.12247], [-44.25696, -20.12265], [-44.25676, -20.1228], [-44.25652, -20.12292], [-44.25628, -20.12307], [-44.25606, -20.12322], [-44.25562, -20.12345], [-44.25535, -20.1236], [-44.25506, -20.12374], [-44.25477, -20.12384], [-44.25454, -20.12385], [-44.25426, -20.12388], [-44.254, -20.12392], [-44.25376, -20.12395], [-44.25352, -20.124], [-44.25326, -20.12407], [-44.25306, -20.12421], [-44.25283, -20.12441], [-44.25269, -20.12459], [-44.25257, -20.12478], [-44.25241, -20.12499], [-44.25218, -20.12513], [-44.25194, -20.12521], [-44.25176, -20.12506], [-44.25166, -20.12481], [-44.25153, -20.12458], [-44.25141, -20.12438], [-44.25135, -20.12427], [-44.25133, -20.12424], [-44.25128, -20.12416], [-44.25116, -20.12395], [-44.25093, -20.12368], [-44.25069, -20.1235], [-44.25045, -20.12342], [-44.25026, -20.12331], [-44.25022, -20.12329], [-44.25001, -20.12317], [-44.24983, -20.12303], [-44.24976, -20.12281], [-44.24953, -20.12267], [-44.24932, -20.12255], [-44.24909, -20.12246], [-44.24887, -20.12237], [-44.24866, -20.12224], [-44.24842, -20.1221], [-44.24816, -20.12195], [-44.24796, -20.12183], [-44.24777, -20.12169], [-44.24758, -20.12155], [-44.2474, -20.12139], [-44.24723, -20.12121], [-44.2471, -20.12095], [-44.24695, -20.12074], [-44.24676, -20.12052], [-44.24647, -20.1201], [-44.2463, -20.11994], [-44.24613, -20.11976], [-44.24579, -20.11943], [-44.24563, -20.11927], [-44.24543, -20.11914], [-44.24523, -20.11903], [-44.24502, -20.11892], [-44.24478, -20.1188], [-44.2445, -20.1187], [-44.24424, -20.11866], [-44.244, -20.11863], [-44.24351, -20.11865], [-44.24321, -20.11866], [-44.24291, -20.11867], [-44.24263, -20.11867], [-44.24235, -20.11862], [-44.24207, -20.11861], [-44.24128, -20.11861], [-44.24102, -20.11857], [-44.24076, -20.11849], [-44.24048, -20.1184], [-44.24026, -20.1183], [-44.24004, -20.11818], [-44.23981, -20.11812], [-44.23956, -20.11805], [-44.23937, -20.11784], [-44.23919, -20.11769], [-44.2389, -20.11756], [-44.23864, -20.11748], [-44.2384, -20.11738], [-44.23813, -20.11726], [-44.2379, -20.11714], [-44.23769, -20.117], [-44.23747, -20.11687], [-44.23725, -20.11673], [-44.23705, -20.11663], [-44.23684, -20.11647], [-44.23664, -20.11633], [-44.2364, -20.11628], [-44.23582, -20.11609], [-44.23547, -20.11596], [-44.23523, -20.11587], [-44.23504, -20.11574], [-44.23484, -20.11554], [-44.23461, -20.11546], [-44.23437, -20.11536], [-44.23411, -20.11525], [-44.23384, -20.11513], [-44.23362, -20.11501], [-44.23336, -20.11491], [-44.23314, -20.11481], [-44.23288, -20.11467], [-44.23267, -20.11456], [-44.23244, -20.11444], [-44.23221, -20.11434], [-44.232, -20.11423], [-44.23175, -20.1141], [-44.23151, -20.11397], [-44.23127, -20.11384], [-44.23099, -20.11367], [-44.23076, -20.11352], [-44.23056, -20.11341], [-44.23035, -20.11328], [-44.23014, -20.11315], [-44.22994, -20.11297], [-44.22968, -20.1129], [-44.22945, -20.11278], [-44.22896, -20.11257], [-44.22867, -20.11244], [-44.22846, -20.1123], [-44.22827, -20.11216], [-44.22805, -20.11202], [-44.22781, -20.11184], [-44.22756, -20.11157], [-44.22739, -20.11141], [-44.22719, -20.11126], [-44.22692, -20.11105], [-44.22671, -20.11078], [-44.22656, -20.11057], [-44.22638, -20.11039], [-44.22619, -20.11022], [-44.22602, -20.11007], [-44.22579, -20.10992], [-44.22555, -20.10978], [-44.22533, -20.10961], [-44.22492, -20.1093], [-44.22472, -20.10916], [-44.22454, -20.10901], [-44.22435, -20.10886], [-44.22414, -20.10876], [-44.22393, -20.10858], [-44.22375, -20.10843], [-44.22352, -20.10827], [-44.22329, -20.10813], [-44.22307, -20.10796], [-44.22284, -20.10784], [-44.22252, -20.10771], [-44.2223, -20.1076], [-44.222, -20.10744], [-44.22174, -20.1073], [-44.22149, -20.10718], [-44.2213, -20.10704], [-44.2211, -20.10689], [-44.2209, -20.10675], [-44.22073, -20.10658], [-44.22053, -20.10642], [-44.22033, -20.10628], [-44.22011, -20.10614], [-44.21987, -20.10599], [-44.21965, -20.10585], [-44.21945, -20.10568], [-44.21921, -20.10555], [-44.219, -20.10538], [-44.21879, -20.10521], [-44.21859, -20.10507], [-44.21836, -20.10496], [-44.2181, -20.10483], [-44.21784, -20.10473], [-44.21735, -20.10452], [-44.21712, -20.10445], [-44.21684, -20.10432], [-44.21655, -20.10425], [-44.21633, -20.10416], [-44.2161, -20.10408], [-44.21585, -20.10402], [-44.2156, -20.10395], [-44.21535, -20.10389], [-44.21512, -20.10386], [-44.21485, -20.10381], [-44.21461, -20.10375], [-44.21438, -20.10371], [-44.2141, -20.10365], [-44.21382, -20.10355], [-44.21351, -20.10346], [-44.21327, -20.10338], [-44.21302, -20.10328], [-44.21283, -20.10315], [-44.21265, -20.10297], [-44.21251, -20.10278], [-44.21239, -20.10256], [-44.21227, -20.10232], [-44.2121, -20.10211], [-44.21204, -20.10187], [-44.21195, -20.10165], [-44.2118, -20.10146], [-44.21149, -20.10111], [-44.21127, -20.10099], [-44.21104, -20.10094], [-44.21072, -20.10089], [-44.2105, -20.1008], [-44.21028, -20.10068], [-44.21015, -20.10061], [-44.2101, -20.10086], [-44.21003, -20.10108], [-44.20988, -20.10134], [-44.20973, -20.10167], [-44.2096, -20.10188], [-44.20952, -20.10212], [-44.2094, -20.10238], [-44.20932, -20.10259], [-44.20923, -20.10284], [-44.20919, -20.10334], [-44.20921, -20.10374], [-44.20935, -20.10468], [-44.20933, -20.10513], [-44.20926, -20.10557], [-44.20918, -20.10609], [-44.20933, -20.10667], [-44.20924, -20.10704], [-44.20924, -20.10726], [-44.20938, -20.1076], [-44.20966, -20.10795], [-44.20973, -20.10827], [-44.20975, -20.10853], [-44.20975, -20.10881], [-44.20975, -20.10928], [-44.20969, -20.10948], [-44.20954, -20.10969], [-44.20926, -20.11008], [-44.20906, -20.11035], [-44.20893, -20.11055], [-44.20869, -20.1108], [-44.20827, -20.11113], [-44.20804, -20.11135], [-44.20779, -20.11167], [-44.20754, -20.11198], [-44.20727, -20.11228], [-44.20715, -20.11273], [-44.20706, -20.11324], [-44.20697, -20.11444], [-44.20711, -20.11536], [-44.20734, -20.11635], [-44.20732, -20.11675], [-44.20748, -20.11714], [-44.20788, -20.11739], [-44.2085, -20.11781], [-44.20884, -20.11806], [-44.20909, -20.11839], [-44.20917, -20.11862], [-44.20922, -20.11886], [-44.20932, -20.11922], [-44.20936, -20.12019], [-44.20949, -20.12099], [-44.20958, -20.12181], [-44.20938, -20.1224], [-44.20905, -20.12273], [-44.20906, -20.12301], [-44.20957, -20.12377], [-44.20999, -20.12443], [-44.21046, -20.12559], [-44.21074, -20.12681], [-44.21133, -20.12755], [-44.21209, -20.12813], [-44.21256, -20.12865], [-44.21292, -20.12929], [-44.21419, -20.13051], [-44.21487, -20.13119], [-44.21567, -20.1321], [-44.21636, -20.13318], [-44.21638, -20.13332], [-44.21635, -20.1335], [-44.2163, -20.13359], [-44.21621, -20.13375], [-44.2158, -20.13409], [-44.21521, -20.13442], [-44.21501, -20.13454], [-44.21482, -20.13461], [-44.21468, -20.13472], [-44.21449, -20.13479], [-44.21434, -20.13476], [-44.21421, -20.13455], [-44.21406, -20.13443], [-44.21392, -20.13434], [-44.21372, -20.13437], [-44.21348, -20.13455], [-44.21335, -20.13484], [-44.21327, -20.13502], [-44.21321, -20.13531], [-44.21318, -20.1355], [-44.21326, -20.13583], [-44.21324, -20.13612], [-44.21325, -20.13651], [-44.21337, -20.13677], [-44.21346, -20.13689], [-44.21366, -20.13718], [-44.21379, -20.13745], [-44.21382, -20.13763], [-44.21376, -20.13789], [-44.21351, -20.13805], [-44.21336, -20.13815], [-44.21324, -20.13856], [-44.21313, -20.13926], [-44.21293, -20.13983], [-44.21346, -20.14002], [-44.21368, -20.1401], [-44.21374, -20.14013], [-44.21419, -20.14028], [-44.21441, -20.14036], [-44.21461, -20.14044], [-44.21489, -20.14055], [-44.21516, -20.14067], [-44.21536, -20.14081], [-44.21547, -20.1409], [-44.2156, -20.14104], [-44.21569, -20.14117], [-44.21588, -20.14147], [-44.21591, -20.14158], [-44.21595, -20.14173], [-44.21598, -20.14192], [-44.21599, -20.14207], [-44.21597, -20.14228], [-44.21596, -20.14243], [-44.2157, -20.14353], [-44.21569, -20.14358], [-44.21565, -20.14371], [-44.21539, -20.14367], [-44.2153, -20.14394], [-44.2152, -20.14415], [-44.21518, -20.1442], [-44.21529, -20.14432], [-44.21533, -20.14437], [-44.21544, -20.14453], [-44.21551, -20.14466], [-44.21577, -20.14504], [-44.21626, -20.14559], [-44.2167, -20.14605], [-44.21694, -20.14632], [-44.21713, -20.14656], [-44.21735, -20.14687], [-44.21749, -20.14711], [-44.21782, -20.14765], [-44.21819, -20.14819], [-44.21832, -20.14835], [-44.21851, -20.14854], [-44.21882, -20.14882]]]}}, {"type": "Feature", "properties": {"cd_dist": "310900620", "nm_dist": "Piedade do Paraopeba", "area_km2": 109.1657452, "populacao": 4924, "domicilios": 3638, "alvo": false}, "geometry": {"type": "Polygon", "coordinates": [[[-43.99943, -20.24457], [-43.99934, -20.2442], [-43.99927, -20.24388], [-43.99916, -20.24336], [-43.99913, -20.24304], [-43.99915, -20.24278], [-43.99909, -20.24245], [-43.99893, -20.24216], [-43.99882, -20.24196], [-43.99876, -20.24174], [-43.99864, -20.24155], [-43.99863, -20.24134], [-43.99865, -20.24113], [-43.99862, -20.24096], [-43.99861, -20.24076], [-43.99857, -20.24053], [-43.99862, -20.24032], [-43.99864, -20.24023], [-43.99863, -20.24016], [-43.99862, -20.24012], [-43.9986, -20.24009], [-43.99855, -20.24001], [-43.99844, -20.23993], [-43.99842, -20.23986], [-43.99838, -20.23979], [-43.99839, -20.2397], [-43.99842, -20.23964], [-43.99846, -20.23955], [-43.99844, -20.23951], [-43.99842, -20.23945], [-43.99843, -20.23926], [-43.9986, -20.23911], [-43.99881, -20.23885], [-43.99905, -20.23866], [-43.99919, -20.23843], [-43.99938, -20.23838], [-43.99975, -20.23824], [-43.99994, -20.23822], [-44.00008, -20.23817], [-44.00015, -20.23802], [-44.00014, -20.23783], [-44.00027, -20.2376], [-44.00036, -20.2374], [-44.00046, -20.23726], [-44.00075, -20.2371], [-44.00109, -20.23697], [-44.00121, -20.23689], [-44.00126, -20.23676], [-44.00126, -20.23659], [-44.00134, -20.23641], [-44.00154, -20.23629], [-44.00169, -20.2363], [-44.002, -20.23629], [-44.00213, -20.2363], [-44.00232, -20.23635], [-44.00259, -20.23636], [-44.00276, -20.23635], [-44.00306, -20.23636], [-44.0033, -20.23641], [-44.00377, -20.23639], [-44.00401, -20.23645], [-44.00433, -20.23644], [-44.00451, -20.23643], [-44.00475, -20.23628], [-44.00494, -20.2362], [-44.00515, -20.23594], [-44.00526, -20.23577], [-44.00547, -20.2356], [-44.00576, -20.23534], [-44.00639, -20.23497], [-44.00688, -20.23465], [-44.00706, -20.23443], [-44.0071, -20.23428], [-44.00697, -20.23409], [-44.00683, -20.2339], [-44.00673, -20.23371], [-44.00676, -20.23335], [-44.0068, -20.23311], [-44.00686, -20.23284], [-44.00694, -20.23243], [-44.00702, -20.23205], [-44.00712, -20.23162], [-44.00714, -20.23132], [-44.00709, -20.23101], [-44.00703, -20.23077], [-44.00701, -20.23051], [-44.00689, -20.23021], [-44.00678, -20.23], [-44.00666, -20.22973], [-44.00654, -20.22949], [-44.00641, -20.22926], [-44.00625, -20.22897], [-44.00613, -20.22863], [-44.00611, -20.22829], [-44.00627, -20.22747], [-44.00658, -20.22706], [-44.00682, -20.22681], [-44.00702, -20.22671], [-44.00713, -20.22662], [-44.00723, -20.2265], [-44.00727, -20.22629], [-44.00731, -20.2261], [-44.00737, -20.22598], [-44.00756, -20.22582], [-44.00781, -20.22555], [-44.0081, -20.22523], [-44.00836, -20.22507], [-44.00866, -20.22485], [-44.00899, -20.22464], [-44.00918, -20.22447], [-44.0094, -20.22417], [-44.00956, -20.22396], [-44.00986, -20.22374], [-44.01011, -20.22366], [-44.01043, -20.22348], [-44.01059, -20.22328], [-44.01068, -20.22308], [-44.01073, -20.22276], [-44.01073, -20.22243], [-44.01071, -20.22216], [-44.01067, -20.22185], [-44.01064, -20.22155], [-44.01061, -20.22118], [-44.01056, -20.22091], [-44.01049, -20.22066], [-44.01041, -20.22044], [-44.01026, -20.22018], [-44.01007, -20.21978], [-44.00999, -20.21957], [-44.00989, -20.21927], [-44.00976, -20.21893], [-44.00971, -20.21864], [-44.00971, -20.21836], [-44.00977, -20.21814], [-44.00989, -20.21789], [-44.01, -20.21765], [-44.01014, -20.21735], [-44.0103, -20.21713], [-44.01053, -20.21697], [-44.01074, -20.21683], [-44.01099, -20.21665], [-44.01125, -20.21651], [-44.01147, -20.2164], [-44.0117, -20.21627], [-44.01191, -20.21609], [-44.01212, -20.2159], [-44.0124, -20.21581], [-44.01263, -20.21572], [-44.01292, -20.21557], [-44.01319, -20.21543], [-44.0134, -20.21533], [-44.01361, -20.21517], [-44.01383, -20.21503], [-44.01404, -20.21491], [-44.01422, -20.21477], [-44.01445, -20.21476], [-44.01468, -20.21477], [-44.01492, -20.21486], [-44.01517, -20.21502], [-44.01558, -20.2153], [-44.01582, -20.21544], [-44.01605, -20.2156], [-44.01617, -20.21569], [-44.01635, -20.21581], [-44.01659, -20.216], [-44.0168, -20.21623], [-44.01705, -20.21645], [-44.01732, -20.21663], [-44.01769, -20.21678], [-44.01794, -20.21688], [-44.01827, -20.21694], [-44.0188, -20.21694], [-44.01922, -20.21671], [-44.01945, -20.21668], [-44.01973, -20.21665], [-44.01996, -20.21656], [-44.0202, -20.21644], [-44.02042, -20.21632], [-44.02061, -20.21618], [-44.0208, -20.21604], [-44.02102, -20.2159], [-44.0213, -20.21574], [-44.02152, -20.2156], [-44.02174, -20.21549], [-44.02203, -20.21533], [-44.02225, -20.21519], [-44.02248, -20.21505], [-44.02281, -20.21488], [-44.02305, -20.2147], [-44.02331, -20.21454], [-44.02353, -20.21441], [-44.02377, -20.21423], [-44.02394, -20.21408], [-44.02417, -20.21389], [-44.02434, -20.21373], [-44.0244, -20.21347], [-44.02443, -20.21322], [-44.02446, -20.21294], [-44.02496, -20.21308], [-44.02582, -20.21333], [-44.02651, -20.21353], [-44.02679, -20.21363], [-44.02706, -20.21373], [-44.02749, -20.21393], [-44.02796, -20.21412], [-44.028, -20.21389], [-44.02814, -20.21323], [-44.02844, -20.21272], [-44.02856, -20.21239], [-44.02858, -20.21207], [-44.02855, -20.21172], [-44.02858, -20.2114], [-44.02872, -20.21103], [-44.02901, -20.21024], [-44.02935, -20.20937], [-44.02956, -20.20897], [-44.02986, -20.2088], [-44.03026, -20.20868], [-44.03069, -20.20851], [-44.03105, -20.20848], [-44.03134, -20.2084], [-44.03158, -20.20826], [-44.03189, -20.20805], [-44.03208, -20.2078], [-44.03227, -20.20735], [-44.03255, -20.20666], [-44.0327, -20.20643], [-44.03287, -20.20561], [-44.03303, -20.20517], [-44.0333, -20.20411], [-44.03339, -20.20365], [-44.0333, -20.20341], [-44.0331, -20.20322], [-44.03277, -20.20295], [-44.03325, -20.20217], [-44.0334, -20.20197], [-44.03366, -20.20161], [-44.03378, -20.20139], [-44.03391, -20.20116], [-44.03407, -20.20099], [-44.03433, -20.20076], [-44.03455, -20.20057], [-44.03479, -20.2004], [-44.03521, -20.20019], [-44.03543, -20.20007], [-44.03569, -20.19993], [-44.03597, -20.19986], [-44.03625, -20.19983], [-44.03656, -20.19982], [-44.03682, -20.19973], [-44.03726, -20.19962], [-44.03769, -20.19953], [-44.03805, -20.19949], [-44.03835, -20.19949], [-44.03862, -20.19948], [-44.0389, -20.19942], [-44.03922, -20.19932], [-44.03956, -20.19922], [-44.0398, -20.19914], [-44.04011, -20.1991], [-44.04044, -20.19908], [-44.04078, -20.19905], [-44.04108, -20.19904], [-44.04133, -20.199], [-44.04164, -20.19902], [-44.0419, -20.19903], [-44.04213, -20.19906], [-44.04252, -20.19914], [-44.04277, -20.19923], [-44.04313, -20.19939], [-44.04337, -20.19947], [-44.04359, -20.19963], [-44.04385, -20.19973], [-44.04415, -20.19973], [-44.04441, -20.19972], [-44.04473, -20.19968], [-44.04497, -20.1996], [-44.0453, -20.19949], [-44.04563, -20.19942], [-44.04596, -20.19933], [-44.0462, -20.19926], [-44.04656, -20.19915], [-44.04681, -20.19911], [-44.0471, -20.19907], [-44.04744, -20.19906], [-44.04773, -20.19907], [-44.04795, -20.19917], [-44.04824, -20.19933], [-44.04844, -20.19947], [-44.04866, -20.19957], [-44.04894, -20.19975], [-44.04914, -20.19996], [-44.04934, -20.20011], [-44.04959, -20.20033], [-44.04979, -20.20051], [-44.05002, -20.2007], [-44.05033, -20.20092], [-44.05053, -20.20109], [-44.0508, -20.20127], [-44.05098, -20.20144], [-44.0514, -20.20174], [-44.05158, -20.20188], [-44.05182, -20.20204], [-44.05203, -20.20216], [-44.05234, -20.20227], [-44.05258, -20.2023], [-44.05314, -20.2023], [-44.05337, -20.20234], [-44.0537, -20.20248], [-44.05403, -20.20248], [-44.05427, -20.20249], [-44.05453, -20.20249], [-44.05479, -20.20251], [-44.05518, -20.20251], [-44.05562, -20.20253], [-44.05585, -20.2025], [-44.05613, -20.2024], [-44.0564, -20.20235], [-44.0577, -20.20236], [-44.05808, -20.20239], [-44.05821, -20.20241], [-44.05832, -20.20242], [-44.05855, -20.20251], [-44.05882, -20.20266], [-44.05903, -20.2028], [-44.05925, -20.20299], [-44.05948, -20.20317], [-44.05976, -20.20327], [-44.06006, -20.2033], [-44.06034, -20.2033], [-44.0606, -20.20329], [-44.06097, -20.20326], [-44.0612, -20.20322], [-44.06151, -20.2032], [-44.06181, -20.20315], [-44.06204, -20.20306], [-44.06233, -20.20293], [-44.06261, -20.2028], [-44.0629, -20.20266], [-44.06327, -20.20266], [-44.06367, -20.20278], [-44.06392, -20.20285], [-44.06422, -20.203], [-44.0644, -20.20319], [-44.06473, -20.20319], [-44.06496, -20.20322], [-44.06518, -20.20325], [-44.0654, -20.20319], [-44.06558, -20.20305], [-44.06584, -20.20299], [-44.06615, -20.20302], [-44.06574, -20.20102], [-44.06573, -20.20027], [-44.06602, -20.19948], [-44.06642, -20.19921], [-44.06725, -20.19894], [-44.06818, -20.19879], [-44.06979, -20.19872], [-44.07137, -20.19855], [-44.07262, -20.19858], [-44.07384, -20.19874], [-44.07489, -20.19882], [-44.07598, -20.19902], [-44.07682, -20.19905], [-44.07739, -20.19902], [-44.07778, -20.19893], [-44.0783, -20.19861], [-44.07865, -20.19839], [-44.07894, -20.19792], [-44.07905, -20.19741], [-44.07902, -20.19668], [-44.07902, -20.19608], [-44.07886, -20.19535], [-44.07858, -20.19481], [-44.07816, -20.19379], [-44.07765, -20.1916], [-44.07763, -20.19007], [-44.07837, -20.18815], [-44.0793, -20.18644], [-44.08, -20.1852], [-44.08049, -20.18427], [-44.08077, -20.18361], [-44.08085, -20.18319], [-44.08099, -20.18266], [-44.08093, -20.1823], [-44.08081, -20.18201], [-44.08078, -20.18184], [-44.0808, -20.18168], [-44.08091, -20.1816], [-44.08105, -20.18148], [-44.08117, -20.18131], [-44.0812, -20.1812], [-44.08117, -20.18107], [-44.08107, -20.1808], [-44.08166, -20.18075], [-44.08226, -20.18086], [-44.08283, -20.18098], [-44.08326, -20.18104], [-44.08319, -20.18043], [-44.08316, -20.18021], [-44.08314, -20.17999], [-44.08312, -20.17975], [-44.08307, -20.17947], [-44.08299, -20.1792], [-44.08284, -20.17901], [-44.08259, -20.17865], [-44.08248, -20.17845], [-44.0823, -20.17817], [-44.08207, -20.17799], [-44.08201, -20.17773], [-44.0819, -20.17741], [-44.08177, -20.17709], [-44.08156, -20.17676], [-44.08147, -20.17649], [-44.08132, -20.17599], [-44.0812, -20.17574], [-44.08102, -20.1755], [-44.08085, -20.17525], [-44.08074, -20.17504], [-44.08061, -20.1748], [-44.08047, -20.17452], [-44.08042, -20.1742], [-44.08046, -20.17394], [-44.08047, -20.1737], [-44.08045, -20.17348], [-44.08034, -20.17324], [-44.08024, -20.17296], [-44.08018, -20.17261], [-44.08014, -20.17232], [-44.08018, -20.17204], [-44.08018, -20.17179], [-44.08012, -20.17155], [-44.0801, -20.17131], [-44.08012, -20.17107], [-44.08019, -20.17077], [-44.08028, -20.17056], [-44.08036, -20.17043], [-44.08043, -20.1702], [-44.08049, -20.16994], [-44.08049, -20.16966], [-44.08046, -20.16938], [-44.08048, -20.16916], [-44.08054, -20.16886], [-44.08069, -20.16866], [-44.0807, -20.16848], [-44.08064, -20.16824], [-44.08057, -20.16788], [-44.08058, -20.1676], [-44.08073, -20.16728], [-44.08072, -20.16696], [-44.08065, -20.1666], [-44.08069, -20.1663], [-44.08075, -20.16605], [-44.08083, -20.16587], [-44.08099, -20.16566], [-44.08112, -20.16539], [-44.08127, -20.16507], [-44.08136, -20.16482], [-44.08139, -20.16449], [-44.08141, -20.1642], [-44.08148, -20.16381], [-44.08164, -20.16358], [-44.08176, -20.16336], [-44.0818, -20.16314], [-44.08181, -20.16289], [-44.08186, -20.16257], [-44.08194, -20.16228], [-44.08207, -20.16191], [-44.08207, -20.16176], [-44.08204, -20.16155], [-44.08184, -20.16128], [-44.0816, -20.16106], [-44.08154, -20.16081], [-44.08152, -20.16058], [-44.08156, -20.16036], [-44.08156, -20.16002], [-44.08174, -20.1598], [-44.08197, -20.15959], [-44.08201, -20.15937], [-44.08206, -20.15911], [-44.08213, -20.15878], [-44.08234, -20.15822], [-44.08251, -20.15786], [-44.08274, -20.15755], [-44.08297, -20.15724], [-44.0832, -20.15695], [-44.08339, -20.15668], [-44.08372, -20.1565], [-44.0841, -20.15631], [-44.08431, -20.15615], [-44.08452, -20.15596], [-44.08477, -20.15578], [-44.08498, -20.15559], [-44.08523, -20.15539], [-44.08543, -20.15517], [-44.08559, -20.15498], [-44.08574, -20.15475], [-44.0859, -20.15455], [-44.08602, -20.15432], [-44.08617, -20.15402], [-44.08634, -20.15382], [-44.08654, -20.15359], [-44.0867, -20.1533], [-44.08693, -20.15303], [-44.08711, -20.15275], [-44.08722, -20.15252], [-44.08737, -20.15224], [-44.08753, -20.15198], [-44.08769, -20.15175], [-44.0878, -20.15147], [-44.08794, -20.1512], [-44.08804, -20.15092], [-44.08815, -20.15069], [-44.08831, -20.15042], [-44.08855, -20.15011], [-44.08871, -20.14989], [-44.08893, -20.14965], [-44.08907, -20.14945], [-44.08929, -20.14921], [-44.08945, -20.14905], [-44.08967, -20.14878], [-44.08987, -20.14849], [-44.08997, -20.14828], [-44.09008, -20.14806], [-44.09023, -20.14778], [-44.09038, -20.14743], [-44.09048, -20.14715], [-44.09065, -20.14671], [-44.09084, -20.14636], [-44.09101, -20.146], [-44.09117, -20.14573], [-44.0914, -20.14536], [-44.09153, -20.14514], [-44.09169, -20.14491], [-44.09184, -20.14465], [-44.09198, -20.14438], [-44.09215, -20.14411], [-44.09236, -20.14374], [-44.09252, -20.14351], [-44.09265, -20.14332], [-44.09267, -20.14305], [-44.09298, -20.14286], [-44.09316, -20.1427], [-44.09337, -20.14256], [-44.09347, -20.14232], [-44.09349, -20.14205], [-44.09347, -20.14174], [-44.09336, -20.14147], [-44.09319, -20.14129], [-44.09297, -20.14109], [-44.09279, -20.14088], [-44.09262, -20.14073], [-44.0924, -20.14053], [-44.09213, -20.14033], [-44.09195, -20.14018], [-44.09174, -20.14003], [-44.09149, -20.13981], [-44.09123, -20.13966], [-44.09102, -20.13953], [-44.0908, -20.13941], [-44.09058, -20.13926], [-44.09041, -20.13909], [-44.09004, -20.139], [-44.08971, -20.13894], [-44.08943, -20.13893], [-44.08828, -20.13892], [-44.08801, -20.13901], [-44.08763, -20.13904], [-44.0873, -20.13902], [-44.08701, -20.139], [-44.08668, -20.13898], [-44.08635, -20.13893], [-44.0858, -20.13893], [-44.08562, -20.13879], [-44.08536, -20.1388], [-44.08508, -20.13883], [-44.08478, -20.13891], [-44.08449, -20.139], [-44.08425, -20.13909], [-44.08399, -20.13914], [-44.08316, -20.13914], [-44.08289, -20.13913], [-44.0826, -20.13912], [-44.08232, -20.13913], [-44.08179, -20.13956], [-44.08115, -20.13979], [-44.08071, -20.14003], [-44.08046, -20.14026], [-44.08011, -20.14072], [-44.07971, -20.14104], [-44.07937, -20.14125], [-44.07828, -20.1406], [-44.07744, -20.14009], [-44.07679, -20.13977], [-44.07628, -20.13974], [-44.07556, -20.13981], [-44.07487, -20.1403], [-44.07441, -20.14049], [-44.07419, -20.14066], [-44.07378, -20.14111], [-44.07335, -20.14165], [-44.07296, -20.14194], [-44.07273, -20.14204], [-44.07264, -20.1415], [-44.0725, -20.14109], [-44.07231, -20.14081], [-44.07205, -20.14055], [-44.07169, -20.14024], [-44.07152, -20.13989], [-44.07135, -20.13949], [-44.071, -20.13874], [-44.07051, -20.13802], [-44.07024, -20.1375], [-44.06992, -20.1364], [-44.06936, -20.13482], [-44.06906, -20.1341], [-44.06898, -20.13371], [-44.06887, -20.13289], [-44.06885, -20.13261], [-44.06893, -20.13242], [-44.0691, -20.13229], [-44.06934, -20.13217], [-44.06987, -20.13201], [-44.07005, -20.13183], [-44.0702, -20.13154], [-44.07019, -20.13097], [-44.07025, -20.13047], [-44.07049, -20.12975], [-44.07059, -20.12919], [-44.07038, -20.12866], [-44.0698, -20.12775], [-44.06938, -20.12733], [-44.06894, -20.12691], [-44.06845, -20.12645], [-44.06784, -20.12571], [-44.06756, -20.12541], [-44.06725, -20.12535], [-44.06698, -20.12556], [-44.06652, -20.12602], [-44.06617, -20.12618], [-44.06572, -20.12615], [-44.06537, -20.12594], [-44.06517, -20.1257], [-44.06497, -20.12512], [-44.06485, -20.1248], [-44.06464, -20.12465], [-44.06374, -20.12413], [-44.0626, -20.12331], [-44.06235, -20.12306], [-44.0622, -20.12271], [-44.06204, -20.12234], [-44.06181, -20.12203], [-44.06144, -20.12181], [-44.06075, -20.12153], [-44.05981, -20.12105], [-44.05876, -20.1206], [-44.05802, -20.12029], [-44.05724, -20.12006], [-44.05672, -20.1198], [-44.05634, -20.11942], [-44.05578, -20.11873], [-44.05529, -20.11825], [-44.05476, -20.11792], [-44.05439, -20.11787], [-44.05399, -20.11792], [-44.05361, -20.118], [-44.05344, -20.11807], [-44.05328, -20.11824], [-44.05301, -20.11855], [-44.05267, -20.11885], [-44.05244, -20.11904], [-44.0523, -20.11913], [-44.05212, -20.1192], [-44.05185, -20.11923], [-44.05162, -20.11924], [-44.05149, -20.11923], [-44.05125, -20.11916], [-44.05105, -20.11915], [-44.05072, -20.11911], [-44.05037, -20.11906], [-44.0503, -20.11905], [-44.04997, -20.119], [-44.04954, -20.11898], [-44.04904, -20.11902], [-44.04865, -20.11909], [-44.04837, -20.11917], [-44.04783, -20.11939], [-44.04761, -20.1194], [-44.04732, -20.11947], [-44.04681, -20.11956], [-44.04526, -20.11987], [-44.04509, -20.11992], [-44.04495, -20.11996], [-44.04486, -20.12002], [-44.04471, -20.12026], [-44.04421, -20.1211], [-44.04385, -20.12161], [-44.04351, -20.12205], [-44.04307, -20.12253], [-44.04283, -20.12286], [-44.04257, -20.12327], [-44.04238, -20.1237], [-44.04222, -20.12411], [-44.04206, -20.12442], [-44.04195, -20.12462], [-44.04189, -20.12488], [-44.04169, -20.12551], [-44.04151, -20.12617], [-44.04149, -20.12624], [-44.04137, -20.12639], [-44.04128, -20.12651], [-44.04122, -20.12668], [-44.04117, -20.12694], [-44.04112, -20.12718], [-44.04106, -20.12734], [-44.04096, -20.12753], [-44.04075, -20.12785], [-44.04054, -20.1281], [-44.04023, -20.12838], [-44.03991, -20.12863], [-44.03948, -20.12911], [-44.03897, -20.12969], [-44.03877, -20.12989], [-44.03866, -20.13005], [-44.03863, -20.13016], [-44.03858, -20.13032], [-44.03847, -20.13054], [-44.0383, -20.13077], [-44.0379, -20.13119], [-44.03759, -20.13147], [-44.0373, -20.13168], [-44.03705, -20.13186], [-44.03693, -20.132], [-44.03684, -20.13212], [-44.03678, -20.1323], [-44.03676, -20.13251], [-44.03676, -20.13277], [-44.03677, -20.13298], [-44.03671, -20.13328], [-44.03663, -20.13342], [-44.03656, -20.13368], [-44.03644, -20.13412], [-44.03637, -20.13448], [-44.03639, -20.13462], [-44.03644, -20.13476], [-44.03669, -20.13549], [-44.03668, -20.13581], [-44.03653, -20.13613], [-44.03648, -20.1363], [-44.03647, -20.13653], [-44.03665, -20.13727], [-44.03663, -20.13752], [-44.03656, -20.13775], [-44.03644, -20.13792], [-44.03622, -20.13802], [-44.03595, -20.13806], [-44.03559, -20.13811], [-44.0352, -20.13815], [-44.03467, -20.13827], [-44.03435, -20.13836], [-44.03382, -20.13851], [-44.03297, -20.13863], [-44.03201, -20.13874], [-44.03173, -20.13879], [-44.03139, -20.139], [-44.03119, -20.13915], [-44.03098, -20.13936], [-44.03086, -20.13955], [-44.03083, -20.13974], [-44.03086, -20.13993], [-44.03097, -20.14016], [-44.0312, -20.14054], [-44.03145, -20.14082], [-44.03169, -20.14101], [-44.03195, -20.14104], [-44.0323, -20.14102], [-44.03248, -20.14106], [-44.03264, -20.14119], [-44.03292, -20.14142], [-44.03313, -20.14171], [-44.03338, -20.14222], [-44.0336, -20.14275], [-44.03368, -20.14305], [-44.03351, -20.14304], [-44.03327, -20.14297], [-44.03306, -20.1427], [-44.03288, -20.14258], [-44.03267, -20.14246], [-44.03244, -20.14241], [-44.03226, -20.14247], [-44.03211, -20.14249], [-44.03197, -20.14253], [-44.03162, -20.14257], [-44.0313, -20.14258], [-44.03101, -20.14259], [-44.03068, -20.14257], [-44.03033, -20.14252], [-44.03008, -20.14248], [-44.0296, -20.14243], [-44.02929, -20.1424], [-44.02908, -20.14236], [-44.02891, -20.14225], [-44.02877, -20.14215], [-44.02863, -20.14199], [-44.02841, -20.14179], [-44.02829, -20.14162], [-44.02807, -20.1415], [-44.02778, -20.14146], [-44.02754, -20.14128], [-44.0272, -20.14112], [-44.02689, -20.14106], [-44.02645, -20.14104], [-44.02594, -20.14114], [-44.02546, -20.14118], [-44.02507, -20.1412], [-44.02482, -20.14099], [-44.02462, -20.14063], [-44.02451, -20.14039], [-44.02429, -20.14027], [-44.02405, -20.14016], [-44.02384, -20.14], [-44.02362, -20.1399], [-44.02334, -20.13983], [-44.0231, -20.1398], [-44.02284, -20.13978], [-44.02262, -20.13965], [-44.02242, -20.1395], [-44.02221, -20.13932], [-44.02197, -20.13921], [-44.02169, -20.13904], [-44.02144, -20.13898], [-44.02095, -20.13896], [-44.02068, -20.13892], [-44.02047, -20.13881], [-44.02033, -20.13863], [-44.02032, -20.13833], [-44.02035, -20.13805], [-44.02033, -20.1378], [-44.0202, -20.13758], [-44.01999, -20.13742], [-44.01972, -20.13738], [-44.01949, -20.13726], [-44.01926, -20.13721], [-44.01899, -20.13717], [-44.01817, -20.13717], [-44.01794, -20.13713], [-44.01768, -20.13706], [-44.01743, -20.137], [-44.01717, -20.13695], [-44.01699, -20.13677], [-44.01684, -20.13652], [-44.0167, -20.1363], [-44.01654, -20.13605], [-44.01636, -20.13584], [-44.01618, -20.1357], [-44.01589, -20.13551], [-44.01558, -20.13541], [-44.01534, -20.13539], [-44.01509, -20.1354], [-44.01484, -20.13546], [-44.01454, -20.13548], [-44.01426, -20.13548], [-44.01398, -20.13542], [-44.01375, -20.13531], [-44.01348, -20.13522], [-44.01324, -20.1352], [-44.01301, -20.13533], [-44.01284, -20.1355], [-44.01261, -20.13564], [-44.01241, -20.13584], [-44.01218, -20.13592], [-44.01194, -20.13597], [-44.01169, -20.13598], [-44.01113, -20.13597], [-44.0109, -20.13602], [-44.01066, -20.13612], [-44.01046, -20.13623], [-44.01032, -20.13643], [-44.01012, -20.13656], [-44.00985, -20.13678], [-44.00962, -20.13686], [-44.00934, -20.13679], [-44.00908, -20.13671], [-44.00885, -20.13662], [-44.00863, -20.13651], [-44.00834, -20.1364], [-44.0081, -20.13632], [-44.00785, -20.13619], [-44.00767, -20.13605], [-44.00737, -20.13583], [-44.00711, -20.13579], [-44.00688, -20.13587], [-44.00661, -20.13595], [-44.00638, -20.13597], [-44.00613, -20.13593], [-44.00584, -20.1359], [-44.00533, -20.13589], [-44.00507, -20.13595], [-44.00485, -20.13609], [-44.00463, -20.13625], [-44.00438, -20.13641], [-44.00416, -20.13651], [-44.00389, -20.13664], [-44.00363, -20.1367], [-44.00338, -20.13672], [-44.00305, -20.13676], [-44.00279, -20.1368], [-44.00251, -20.1369], [-44.00225, -20.13701], [-44.00199, -20.13716], [-44.00167, -20.13724], [-44.00146, -20.13738], [-44.00118, -20.13743], [-44.00094, -20.13741], [-44.00071, -20.13729], [-44.00046, -20.13719], [-44.00022, -20.13719], [-44.00018, -20.13717], [-44.00013, -20.13716], [-43.9999, -20.13708], [-43.99965, -20.137], [-43.99937, -20.13698], [-43.9991, -20.13697], [-43.99883, -20.13694], [-43.99738, -20.13694], [-43.9971, -20.13696], [-43.99676, -20.137], [-43.99651, -20.13702], [-43.9962, -20.13704], [-43.99593, -20.13709], [-43.99565, -20.1371], [-43.99541, -20.13716], [-43.99514, -20.13721], [-43.99487, -20.13729], [-43.99464, -20.13737], [-43.99442, -20.13745], [-43.99416, -20.13754], [-43.99393, -20.1377], [-43.99379, -20.1379], [-43.99356, -20.13819], [-43.99336, -20.13832], [-43.99326, -20.13854], [-43.99309, -20.13872], [-43.99287, -20.13884], [-43.99264, -20.13882], [-43.99236, -20.13877], [-43.99211, -20.13873], [-43.99186, -20.13866], [-43.99163, -20.13858], [-43.99148, -20.13836], [-43.99131, -20.13819], [-43.99111, -20.13803], [-43.99091, -20.13789], [-43.99068, -20.1379], [-43.99044, -20.13795], [-43.99024, -20.1381], [-43.99002, -20.13822], [-43.98975, -20.13833], [-43.98954, -20.13841], [-43.98929, -20.1384], [-43.98905, -20.13835], [-43.98883, -20.13827], [-43.98859, -20.13823], [-43.98835, -20.13821], [-43.9881, -20.1382], [-43.98783, -20.13817], [-43.9876, -20.13815], [-43.98734, -20.13822], [-43.98712, -20.13834], [-43.98689, -20.13835], [-43.98639, -20.13835], [-43.98616, -20.13834], [-43.98592, -20.13832], [-43.98569, -20.13831], [-43.98545, -20.13826], [-43.98521, -20.13823], [-43.98498, -20.13818], [-43.98475, -20.13813], [-43.98453, -20.138], [-43.98436, -20.13779], [-43.98404, -20.13745], [-43.98388, -20.13726], [-43.98371, -20.13709], [-43.98356, -20.13692], [-43.98339, -20.13676], [-43.9832, -20.13662], [-43.983, -20.13649], [-43.98278, -20.13641], [-43.98255, -20.13633], [-43.98232, -20.13629], [-43.98207, -20.13618], [-43.98191, -20.136], [-43.98175, -20.13584], [-43.98159, -20.13563], [-43.98142, -20.13548], [-43.98128, -20.13529], [-43.98115, -20.1351], [-43.98103, -20.1349], [-43.98092, -20.13461], [-43.98082, -20.13433], [-43.98071, -20.13414], [-43.98049, -20.134], [-43.98025, -20.13392], [-43.97978, -20.1338], [-43.97964, -20.13361], [-43.9795, -20.13341], [-43.97933, -20.13322], [-43.97916, -20.13301], [-43.97896, -20.1329], [-43.97869, -20.13279], [-43.9785, -20.13264], [-43.97831, -20.13252], [-43.97809, -20.13237], [-43.97775, -20.13205], [-43.97739, -20.13158], [-43.9772, -20.13126], [-43.97694, -20.13149], [-43.97671, -20.13167], [-43.97649, -20.13184], [-43.9763, -20.13198], [-43.9761, -20.1322], [-43.97592, -20.13235], [-43.97571, -20.13253], [-43.9755, -20.1327], [-43.97529, -20.13288], [-43.97506, -20.13306], [-43.97484, -20.13326], [-43.97457, -20.13348], [-43.9744, -20.13364], [-43.97424, -20.13384], [-43.97411, -20.13407], [-43.97406, -20.13437], [-43.97406, -20.13509], [-43.97408, -20.13534], [-43.9741, -20.13562], [-43.97401, -20.13594], [-43.97395, -20.13616], [-43.97395, -20.13643], [-43.97394, -20.13665], [-43.97377, -20.13707], [-43.97362, -20.13728], [-43.97328, -20.13768], [-43.97289, -20.13804], [-43.97266, -20.13819], [-43.97238, -20.13836], [-43.97218, -20.13849], [-43.97203, -20.13878], [-43.97203, -20.13912], [-43.97208, -20.13935], [-43.97221, -20.13963], [-43.97241, -20.14], [-43.97252, -20.14042], [-43.9726, -20.14076], [-43.97271, -20.14099], [-43.97284, -20.1413], [-43.97292, -20.1416], [-43.97313, -20.14183], [-43.9733, -20.14205], [-43.97347, -20.14223], [-43.97367, -20.14247], [-43.97379, -20.1427], [-43.97404, -20.14282], [-43.97435, -20.14289], [-43.97462, -20.14306], [-43.97479, -20.14321], [-43.97493, -20.14342], [-43.97514, -20.14375], [-43.97531, -20.14391], [-43.97556, -20.14403], [-43.97579, -20.14415], [-43.97587, -20.14439], [-43.97603, -20.14469], [-43.97609, -20.14491], [-43.97618, -20.14516], [-43.97619, -20.14551], [-43.97618, -20.14576], [-43.97612, -20.14603], [-43.97608, -20.14636], [-43.97608, -20.14659], [-43.97607, -20.14699], [-43.97602, -20.14725], [-43.97591, -20.14753], [-43.97589, -20.14784], [-43.97588, -20.14812], [-43.97585, -20.1487], [-43.97583, -20.14897], [-43.97573, -20.14928], [-43.97569, -20.14954], [-43.97566, -20.14976], [-43.97566, -20.15051], [-43.97565, -20.15079], [-43.97561, -20.15108], [-43.97553, -20.15139], [-43.97544, -20.15163], [-43.97537, -20.15185], [-43.97527, -20.15209], [-43.97511, -20.15239], [-43.97499, -20.15261], [-43.97488, -20.15284], [-43.97477, -20.1531], [-43.97464, -20.15338], [-43.97454, -20.15361], [-43.97448, -20.15393], [-43.97438, -20.15421], [-43.97431, -20.15446], [-43.97429, -20.1547], [-43.97429, -20.15472], [-43.9742, -20.15495], [-43.97418, -20.15519], [-43.97415, -20.15544], [-43.97412, -20.15574], [-43.97409, -20.15596], [-43.97409, -20.15625], [-43.97411, -20.15641], [-43.97413, -20.15657], [-43.97422, -20.1569], [-43.97423, -20.15713], [-43.97423, -20.1577], [-43.97422, -20.15796], [-43.97422, -20.15804], [-43.9742, -20.15826], [-43.97418, -20.1585], [-43.97407, -20.15887], [-43.97404, -20.1592], [-43.97402, -20.15949], [-43.97402, -20.16097], [-43.97404, -20.16124], [-43.97406, -20.16146], [-43.97416, -20.1621], [-43.97425, -20.16246], [-43.97433, -20.16273], [-43.97437, -20.16295], [-43.97444, -20.16326], [-43.97451, -20.16348], [-43.97473, -20.16383], [-43.97488, -20.1641], [-43.97499, -20.1644], [-43.97504, -20.16466], [-43.97508, -20.16487], [-43.97517, -20.16521], [-43.97526, -20.1655], [-43.97527, -20.16574], [-43.9753, -20.16601], [-43.9753, -20.16651], [-43.97531, -20.16676], [-43.97531, -20.16723], [-43.9753, -20.16746], [-43.97523, -20.16773], [-43.97512, -20.168], [-43.97498, -20.16829], [-43.97484, -20.16851], [-43.97465, -20.16867], [-43.97422, -20.16906], [-43.97406, -20.16925], [-43.97392, -20.1695], [-43.97381, -20.16983], [-43.97378, -20.1701], [-43.97379, -20.17033], [-43.97386, -20.17055], [-43.97389, -20.1708], [-43.97391, -20.17108], [-43.97396, -20.17131], [-43.97406, -20.17151], [-43.97411, -20.17176], [-43.97411, -20.17222], [-43.97401, -20.17253], [-43.97387, -20.17273], [-43.97381, -20.17287], [-43.97377, -20.17295], [-43.97374, -20.173], [-43.97371, -20.17307], [-43.97365, -20.17322], [-43.9735, -20.17345], [-43.97339, -20.17365], [-43.97327, -20.17385], [-43.97315, -20.17408], [-43.973, -20.17431], [-43.97287, -20.17461], [-43.97276, -20.17504], [-43.97273, -20.1753], [-43.97267, -20.17552], [-43.97256, -20.17588], [-43.9725, -20.17616], [-43.97247, -20.17638], [-43.97247, -20.17662], [-43.97253, -20.17684], [-43.97268, -20.17705], [-43.97283, -20.17723], [-43.97306, -20.17756], [-43.97315, -20.17768], [-43.97326, -20.17781], [-43.9733, -20.17785], [-43.97349, -20.1781], [-43.97367, -20.17826], [-43.97374, -20.17833], [-43.9739, -20.17849], [-43.97399, -20.17858], [-43.97407, -20.17865], [-43.97433, -20.17888], [-43.97437, -20.1789], [-43.97475, -20.17915], [-43.97489, -20.17931], [-43.97498, -20.17942], [-43.97514, -20.17961], [-43.97524, -20.17971], [-43.97537, -20.17983], [-43.97547, -20.17991], [-43.97564, -20.18005], [-43.97586, -20.18019], [-43.97608, -20.18028], [-43.97632, -20.18039], [-43.97659, -20.18059], [-43.9768, -20.18075], [-43.97688, -20.18083], [-43.97697, -20.18092], [-43.97699, -20.18119], [-43.97694, -20.18141], [-43.97686, -20.18153], [-43.97676, -20.18167], [-43.97669, -20.18192], [-43.97653, -20.1822], [-43.97642, -20.18241], [-43.97635, -20.18256], [-43.9763, -20.18266], [-43.97629, -20.18282], [-43.97629, -20.18295], [-43.97636, -20.18318], [-43.97643, -20.18329], [-43.97648, -20.18337], [-43.97664, -20.18356], [-43.97684, -20.18371], [-43.97685, -20.18372], [-43.97704, -20.1839], [-43.97729, -20.18405], [-43.9775, -20.18422], [-43.97767, -20.18433], [-43.9778, -20.18442], [-43.97807, -20.18452], [-43.97813, -20.18454], [-43.97836, -20.18461], [-43.97861, -20.18474], [-43.97884, -20.18483], [-43.97902, -20.18497], [-43.97913, -20.1851], [-43.9792, -20.18518], [-43.97935, -20.1854], [-43.97942, -20.18556], [-43.97945, -20.18563], [-43.97951, -20.18584], [-43.97957, -20.18612], [-43.97961, -20.18637], [-43.9796, -20.1866], [-43.9796, -20.18668], [-43.97959, -20.18671], [-43.9796, -20.18673], [-43.97961, -20.18688], [-43.97962, -20.18694], [-43.97962, -20.18696], [-43.97963, -20.18704], [-43.97966, -20.18718], [-43.9797, -20.18748], [-43.97975, -20.18773], [-43.97985, -20.188], [-43.97985, -20.18814], [-43.97985, -20.18828], [-43.97983, -20.18858], [-43.97984, -20.18891], [-43.97984, -20.18919], [-43.97979, -20.18942], [-43.97973, -20.18975], [-43.97968, -20.18996], [-43.97961, -20.19021], [-43.97953, -20.19042], [-43.97945, -20.19067], [-43.97939, -20.19093], [-43.97928, -20.19125], [-43.97922, -20.19153], [-43.97917, -20.19182], [-43.97916, -20.19189], [-43.97914, -20.19209], [-43.97911, -20.19223], [-43.97908, -20.19237], [-43.97905, -20.19251], [-43.97903, -20.1926], [-43.97903, -20.19263], [-43.97889, -20.19294], [-43.9788, -20.19328], [-43.9788, -20.19358], [-43.97875, -20.19384], [-43.97869, -20.19411], [-43.97865, -20.19433], [-43.97862, -20.19458], [-43.97859, -20.19482], [-43.97855, -20.19508], [-43.97852, -20.19534], [-43.97851, -20.19557], [-43.97849, -20.1959], [-43.97847, -20.19613], [-43.97847, -20.19636], [-43.97843, -20.19662], [-43.97839, -20.19689], [-43.97836, -20.19714], [-43.97833, -20.19744], [-43.97828, -20.19769], [-43.97819, -20.19796], [-43.97802, -20.19818], [-43.97799, -20.19845], [-43.97792, -20.1987], [-43.97789, -20.19897], [-43.97783, -20.1992], [-43.97777, -20.19948], [-43.97771, -20.1997], [-43.97761, -20.20001], [-43.97757, -20.20029], [-43.97759, -20.20056], [-43.97754, -20.20086], [-43.97749, -20.20115], [-43.97748, -20.20139], [-43.97748, -20.20162], [-43.97756, -20.20193], [-43.9777, -20.20224], [-43.97778, -20.20259], [-43.97779, -20.20294], [-43.97783, -20.20323], [-43.97793, -20.20353], [-43.97803, -20.20396], [-43.97804, -20.20419], [-43.97806, -20.20453], [-43.97806, -20.20478], [-43.97808, -20.20505], [-43.97815, -20.2056], [-43.97819, -20.20582], [-43.9782, -20.20604], [-43.97821, -20.20636], [-43.97827, -20.20666], [-43.97831, -20.2069], [-43.97846, -20.20721], [-43.97857, -20.20757], [-43.97859, -20.20794], [-43.97862, -20.20822], [-43.97862, -20.2091], [-43.97858, -20.20947], [-43.97845, -20.20973], [-43.97841, -20.21001], [-43.97839, -20.21039], [-43.97835, -20.21066], [-43.97834, -20.21095], [-43.97833, -20.2112], [-43.97829, -20.2115], [-43.97825, -20.21176], [-43.97823, -20.21199], [-43.97819, -20.21222], [-43.97818, -20.21247], [-43.97816, -20.21269], [-43.97809, -20.213], [-43.97805, -20.21326], [-43.978, -20.21353], [-43.97796, -20.21376], [-43.97794, -20.2141], [-43.97794, -20.21437], [-43.97789, -20.2147], [-43.97787, -20.21498], [-43.97786, -20.21523], [-43.97783, -20.21548], [-43.9778, -20.21583], [-43.97775, -20.21607], [-43.97775, -20.21634], [-43.97759, -20.21666], [-43.97758, -20.21692], [-43.97758, -20.21718], [-43.97758, -20.21745], [-43.97757, -20.21776], [-43.97754, -20.21798], [-43.97751, -20.2182], [-43.97751, -20.21843], [-43.97746, -20.21873], [-43.97742, -20.21898], [-43.97736, -20.21929], [-43.97729, -20.21952], [-43.97724, -20.21974], [-43.97718, -20.22], [-43.97713, -20.22021], [-43.97706, -20.22048], [-43.97696, -20.22074], [-43.97695, -20.221], [-43.97687, -20.22122], [-43.97661, -20.22177], [-43.97647, -20.22203], [-43.97641, -20.22213], [-43.97634, -20.22226], [-43.97632, -20.22228], [-43.97622, -20.22242], [-43.97621, -20.22245], [-43.97608, -20.22269], [-43.97597, -20.22291], [-43.97584, -20.22309], [-43.97577, -20.22318], [-43.97566, -20.22331], [-43.9755, -20.22353], [-43.97534, -20.2237], [-43.97516, -20.22387], [-43.97496, -20.22407], [-43.97481, -20.22427], [-43.97466, -20.22447], [-43.9745, -20.22467], [-43.97435, -20.22492], [-43.9742, -20.22511], [-43.97393, -20.22552], [-43.97384, -20.22576], [-43.97366, -20.22591], [-43.97349, -20.2261], [-43.97331, -20.22626], [-43.97314, -20.22644], [-43.97299, -20.22664], [-43.9728, -20.2269], [-43.97265, -20.2271], [-43.97253, -20.22729], [-43.97249, -20.22757], [-43.97246, -20.22782], [-43.97242, -20.22805], [-43.97241, -20.22836], [-43.97241, -20.22965], [-43.97242, -20.22987], [-43.97242, -20.23015], [-43.97237, -20.23046], [-43.9723, -20.23073], [-43.97224, -20.23108], [-43.97219, -20.23154], [-43.97218, -20.23183], [-43.97217, -20.23205], [-43.97217, -20.23228], [-43.97216, -20.23251], [-43.97214, -20.23286], [-43.97207, -20.23332], [-43.97202, -20.23367], [-43.97199, -20.23393], [-43.97194, -20.23415], [-43.97185, -20.23442], [-43.97177, -20.23466], [-43.97158, -20.23492], [-43.97145, -20.23511], [-43.97139, -20.23521], [-43.97133, -20.2353], [-43.97116, -20.2355], [-43.97101, -20.23572], [-43.97084, -20.23595], [-43.9707, -20.23612], [-43.97056, -20.2363], [-43.9704, -20.2365], [-43.97025, -20.23675], [-43.97016, -20.23709], [-43.97014, -20.23733], [-43.97006, -20.23755], [-43.97002, -20.23779], [-43.96999, -20.23803], [-43.96995, -20.23827], [-43.96994, -20.23862], [-43.96996, -20.23884], [-43.96999, -20.23911], [-43.97007, -20.23938], [-43.97009, -20.23962], [-43.97013, -20.23984], [-43.97016, -20.24007], [-43.97019, -20.24042], [-43.9702, -20.24069], [-43.97021, -20.24098], [-43.97021, -20.24124], [-43.9702, -20.24154], [-43.97014, -20.2418], [-43.96998, -20.24201], [-43.96996, -20.24224], [-43.96992, -20.24248], [-43.96987, -20.24277], [-43.96986, -20.24301], [-43.96981, -20.24327], [-43.96976, -20.24361], [-43.96973, -20.24383], [-43.96975, -20.24406], [-43.96978, -20.24432], [-43.96978, -20.2446], [-43.96973, -20.24485], [-43.96973, -20.24516], [-43.96968, -20.24544], [-43.96964, -20.24569], [-43.96958, -20.24597], [-43.9695, -20.24622], [-43.96939, -20.24645], [-43.96932, -20.2467], [-43.96913, -20.24694], [-43.96891, -20.2471], [-43.96873, -20.24729], [-43.96857, -20.24754], [-43.96843, -20.24771], [-43.96828, -20.24792], [-43.96813, -20.24816], [-43.96803, -20.24841], [-43.96796, -20.24864], [-43.96792, -20.24891], [-43.96799, -20.24912], [-43.96806, -20.24935], [-43.96828, -20.24978], [-43.96837, -20.25055], [-43.96826, -20.25077], [-43.96806, -20.25093], [-43.96786, -20.25106], [-43.96769, -20.25125], [-43.96752, -20.25149], [-43.96734, -20.25177], [-43.96722, -20.25203], [-43.96717, -20.25233], [-43.96711, -20.25255], [-43.96709, -20.25286], [-43.96707, -20.25311], [-43.96701, -20.25336], [-43.96693, -20.25361], [-43.9668, -20.25384], [-43.96667, -20.25403], [-43.96653, -20.25422], [-43.96637, -20.25442], [-43.96624, -20.25464], [-43.96605, -20.25487], [-43.96589, -20.25513], [-43.96575, -20.25535], [-43.96561, -20.25566], [-43.9655, -20.25594], [-43.9654, -20.25616], [-43.96532, -20.25642], [-43.96525, -20.25668], [-43.96518, -20.25696], [-43.96509, -20.25723], [-43.96498, -20.25753], [-43.96488, -20.25782], [-43.96477, -20.25817], [-43.96475, -20.25846], [-43.96471, -20.25871], [-43.96466, -20.25898], [-43.9646, -20.25929], [-43.96457, -20.25944], [-43.96491, -20.25956], [-43.96522, -20.2595], [-43.96549, -20.25945], [-43.96581, -20.25948], [-43.9661, -20.25956], [-43.96633, -20.25963], [-43.96667, -20.25966], [-43.96711, -20.25967], [-43.96737, -20.2597], [-43.96766, -20.25976], [-43.96802, -20.25982], [-43.96831, -20.25985], [-43.9686, -20.25992], [-43.96901, -20.26002], [-43.96929, -20.26006], [-43.96952, -20.26015], [-43.96984, -20.26025], [-43.97012, -20.26031], [-43.97033, -20.26042], [-43.97058, -20.26052], [-43.97091, -20.26061], [-43.97127, -20.26072], [-43.97155, -20.26078], [-43.97184, -20.26092], [-43.97221, -20.26105], [-43.97244, -20.26115], [-43.9727, -20.26122], [-43.97298, -20.2613], [-43.97324, -20.26136], [-43.9736, -20.26146], [-43.9739, -20.26151], [-43.97405, -20.26163], [-43.97417, -20.26169], [-43.97445, -20.26159], [-43.97472, -20.26159], [-43.97499, -20.26149], [-43.9752, -20.26128], [-43.97551, -20.26115], [-43.97573, -20.26104], [-43.97601, -20.26087], [-43.97624, -20.26073], [-43.97649, -20.26053], [-43.97671, -20.26039], [-43.97701, -20.26019], [-43.97725, -20.26002], [-43.97743, -20.25985], [-43.97767, -20.25965], [-43.97791, -20.25954], [-43.97823, -20.25942], [-43.97847, -20.2594], [-43.9787, -20.25938], [-43.97893, -20.25935], [-43.97918, -20.2592], [-43.97941, -20.25907], [-43.97972, -20.259], [-43.97995, -20.25897], [-43.98023, -20.25889], [-43.98045, -20.2588], [-43.98067, -20.2586], [-43.98088, -20.25845], [-43.98111, -20.25834], [-43.98135, -20.25828], [-43.98164, -20.25822], [-43.98195, -20.25813], [-43.9822, -20.25806], [-43.98256, -20.25798], [-43.9828, -20.25788], [-43.98308, -20.25773], [-43.9833, -20.25764], [-43.98354, -20.25743], [-43.98377, -20.25733], [-43.98401, -20.25728], [-43.9843, -20.25716], [-43.98461, -20.25699], [-43.98482, -20.25688], [-43.98518, -20.25671], [-43.98581, -20.25653], [-43.9862, -20.25641], [-43.98645, -20.2564], [-43.98674, -20.25636], [-43.98701, -20.25632], [-43.98738, -20.25631], [-43.98754, -20.25612], [-43.98781, -20.256], [-43.98806, -20.25592], [-43.9883, -20.25581], [-43.98861, -20.25565], [-43.98906, -20.25555], [-43.98929, -20.25549], [-43.98954, -20.25541], [-43.98979, -20.25537], [-43.98999, -20.25521], [-43.99014, -20.25503], [-43.99032, -20.25487], [-43.9906, -20.25478], [-43.99082, -20.25465], [-43.99107, -20.25458], [-43.99131, -20.2545], [-43.99154, -20.25439], [-43.99177, -20.25435], [-43.99202, -20.25435], [-43.99229, -20.25441], [-43.99247, -20.25455], [-43.99263, -20.25477], [-43.99281, -20.25497], [-43.99298, -20.2552], [-43.99316, -20.25539], [-43.99337, -20.25553], [-43.99361, -20.25553], [-43.99386, -20.25548], [-43.99409, -20.25536], [-43.99428, -20.25517], [-43.99445, -20.25497], [-43.99462, -20.25474], [-43.9948, -20.25459], [-43.99497, -20.25444], [-43.99527, -20.25433], [-43.99551, -20.25429], [-43.99579, -20.25421], [-43.99606, -20.25417], [-43.99631, -20.25415], [-43.99658, -20.25412], [-43.99681, -20.25411], [-43.9971, -20.25411], [-43.99732, -20.25423], [-43.9975, -20.25437], [-43.99765, -20.25457], [-43.99777, -20.2548], [-43.99794, -20.25504], [-43.99809, -20.25522], [-43.99836, -20.25544], [-43.99848, -20.25565], [-43.99859, -20.25591], [-43.99872, -20.25615], [-43.99882, -20.25636], [-43.99887, -20.2566], [-43.99891, -20.25683], [-43.99901, -20.25738], [-43.99912, -20.25763], [-43.99922, -20.25785], [-43.9993, -20.25806], [-43.99939, -20.25832], [-43.99947, -20.25861], [-43.99954, -20.25883], [-43.99968, -20.25901], [-43.99986, -20.25921], [-43.99997, -20.25943], [-44.00002, -20.25952], [-44.00022, -20.25971], [-44.00046, -20.25977], [-44.00069, -20.2598], [-44.00097, -20.2598], [-44.00128, -20.25975], [-44.00155, -20.25956], [-44.00176, -20.25939], [-44.00199, -20.25927], [-44.00224, -20.25925], [-44.00251, -20.25923], [-44.00279, -20.25924], [-44.00298, -20.25939], [-44.00316, -20.25954], [-44.00337, -20.25972], [-44.00353, -20.25988], [-44.00379, -20.26005], [-44.00399, -20.26018], [-44.00431, -20.2603], [-44.00456, -20.26036], [-44.00456, -20.26031], [-44.00463, -20.25991], [-44.00464, -20.25977], [-44.00472, -20.25956], [-44.00484, -20.25935], [-44.0048, -20.25906], [-44.00483, -20.25882], [-44.00482, -20.25856], [-44.00488, -20.25823], [-44.00495, -20.25788], [-44.00501, -20.25755], [-44.00504, -20.25723], [-44.00506, -20.25693], [-44.00497, -20.25675], [-44.00479, -20.25652], [-44.00462, -20.25638], [-44.00444, -20.25615], [-44.00439, -20.25592], [-44.00435, -20.25569], [-44.00425, -20.25546], [-44.00413, -20.25527], [-44.00395, -20.25501], [-44.00379, -20.25481], [-44.00364, -20.25458], [-44.00349, -20.25433], [-44.00346, -20.25408], [-44.00337, -20.25381], [-44.00321, -20.25358], [-44.00315, -20.25336], [-44.003, -20.25309], [-44.00291, -20.25282], [-44.00286, -20.25257], [-44.00291, -20.25226], [-44.00289, -20.25192], [-44.0028, -20.25168], [-44.00268, -20.25148], [-44.0026, -20.25116], [-44.00242, -20.2508], [-44.00213, -20.25039], [-44.00194, -20.25013], [-44.00186, -20.24985], [-44.00173, -20.24958], [-44.00161, -20.24932], [-44.00138, -20.24904], [-44.0012, -20.2487], [-44.001, -20.24814], [-44.00069, -20.24779], [-44.00048, -20.24746], [-44.00031, -20.24708], [-44.00016, -20.24658], [-44.00002, -20.2463], [-43.99985, -20.24614], [-43.99969, -20.24591], [-43.9996, -20.24562], [-43.99951, -20.24523], [-43.99943, -20.24457]]]}}, {"type": "Feature", "properties": {"cd_dist": "310900625", "nm_dist": "São José do Paraopeba", "area_km2": 78.8260453, "populacao": 1388, "domicilios": 981, "alvo": true}, "geometry": {"type": "Polygon", "coordinates": [[[-44.09695, -20.22685], [-44.09688, -20.22696], [-44.09678, -20.22708], [-44.09672, -20.22725], [-44.0967, -20.22741], [-44.09666, -20.2276], [-44.09663, -20.22797], [-44.09661, -20.22832], [-44.09657, -20.2285], [-44.09651, -20.22859], [-44.09628, -20.22857], [-44.09601, -20.2284], [-44.09589, -20.22826], [-44.09572, -20.22815], [-44.09555, -20.22814], [-44.09539, -20.22819], [-44.09522, -20.22832], [-44.09519, -20.22852], [-44.09517, -20.22882], [-44.09518, -20.22918], [-44.09527, -20.22947], [-44.09538, -20.22973], [-44.09561, -20.22985], [-44.09598, -20.22983], [-44.09633, -20.22973], [-44.09655, -20.2297], [-44.09665, -20.22968], [-44.09677, -20.22974], [-44.09702, -20.22991], [-44.09723, -20.22989], [-44.09759, -20.22977], [-44.09779, -20.22977], [-44.09792, -20.22985], [-44.09795, -20.22994], [-44.09787, -20.23006], [-44.09774, -20.23011], [-44.09759, -20.23018], [-44.09752, -20.23025], [-44.0975, -20.23029], [-44.09753, -20.23036], [-44.09761, -20.23041], [-44.09779, -20.23051], [-44.09809, -20.23065], [-44.09834, -20.23078], [-44.09844, -20.2309], [-44.09846, -20.23107], [-44.09835, -20.2312], [-44.09832, -20.23138], [-44.09838, -20.23163], [-44.09833, -20.23175], [-44.09823, -20.23182], [-44.09815, -20.2318], [-44.09812, -20.23171], [-44.09804, -20.23168], [-44.09797, -20.23167], [-44.09789, -20.23174], [-44.09786, -20.2319], [-44.09781, -20.23202], [-44.09782, -20.2322], [-44.09776, -20.23239], [-44.09768, -20.23252], [-44.09754, -20.23274], [-44.09747, -20.23282], [-44.09744, -20.23295], [-44.09751, -20.23312], [-44.09757, -20.23321], [-44.09766, -20.23335], [-44.09769, -20.23353], [-44.09772, -20.23374], [-44.09777, -20.23393], [-44.09796, -20.23406], [-44.09823, -20.23423], [-44.09835, -20.23443], [-44.0984, -20.23471], [-44.09837, -20.23494], [-44.09832, -20.23523], [-44.09824, -20.23531], [-44.09807, -20.23537], [-44.09798, -20.23542], [-44.09797, -20.23553], [-44.09802, -20.23557], [-44.09807, -20.23569], [-44.09803, -20.23579], [-44.09797, -20.23586], [-44.09779, -20.23587], [-44.09748, -20.23591], [-44.09696, -20.23574], [-44.09661, -20.23581], [-44.09628, -20.23605], [-44.09602, -20.23605], [-44.09567, -20.23605], [-44.09529, -20.23611], [-44.095, -20.23607], [-44.0947, -20.23601], [-44.09452, -20.23595], [-44.09429, -20.23592], [-44.09415, -20.23583], [-44.09417, -20.23565], [-44.09439, -20.23551], [-44.09448, -20.23538], [-44.09446, -20.23523], [-44.09421, -20.23515], [-44.09383, -20.2352], [-44.09352, -20.23542], [-44.09316, -20.23544], [-44.09285, -20.23534], [-44.09276, -20.23515], [-44.09281, -20.23487], [-44.0928, -20.23459], [-44.09267, -20.2344], [-44.09244, -20.23432], [-44.09229, -20.2342], [-44.09228, -20.23401], [-44.09229, -20.2337], [-44.09218, -20.23345], [-44.09197, -20.23337], [-44.09177, -20.23331], [-44.09156, -20.23332], [-44.09135, -20.23341], [-44.09119, -20.23359], [-44.09096, -20.23368], [-44.09069, -20.23382], [-44.09041, -20.23394], [-44.09019, -20.23411], [-44.09004, -20.23423], [-44.08991, -20.23442], [-44.08974, -20.23463], [-44.08959, -20.235], [-44.08939, -20.23525], [-44.08926, -20.23557], [-44.08932, -20.23585], [-44.08947, -20.23613], [-44.08952, -20.23636], [-44.0894, -20.23663], [-44.08936, -20.23693], [-44.08931, -20.23715], [-44.08921, -20.23742], [-44.08914, -20.23765], [-44.08896, -20.23784], [-44.08887, -20.23819], [-44.08888, -20.23846], [-44.08886, -20.23867], [-44.08877, -20.23882], [-44.08868, -20.23903], [-44.08866, -20.23921], [-44.08864, -20.23937], [-44.08863, -20.23956], [-44.0888, -20.23977], [-44.08892, -20.23996], [-44.08908, -20.2402], [-44.08915, -20.24035], [-44.08912, -20.2405], [-44.08902, -20.24067], [-44.0888, -20.24094], [-44.08853, -20.24121], [-44.08844, -20.2414], [-44.08827, -20.24158], [-44.08808, -20.24168], [-44.08766, -20.24166], [-44.08728, -20.24174], [-44.08699, -20.24162], [-44.08681, -20.24155], [-44.08639, -20.24158], [-44.08613, -20.2417], [-44.08514, -20.24169], [-44.0848, -20.24169], [-44.08454, -20.2416], [-44.08417, -20.24144], [-44.08388, -20.24143], [-44.08359, -20.24134], [-44.08323, -20.24117], [-44.08281, -20.24108], [-44.08246, -20.24104], [-44.08212, -20.24083], [-44.0819, -20.24053], [-44.08186, -20.24001], [-44.08191, -20.23958], [-44.08187, -20.23932], [-44.08184, -20.23909], [-44.08175, -20.23888], [-44.08163, -20.23866], [-44.0815, -20.23843], [-44.08146, -20.23821], [-44.08139, -20.23796], [-44.08124, -20.2377], [-44.08103, -20.23755], [-44.08079, -20.23746], [-44.08053, -20.23746], [-44.0803, -20.23752], [-44.08007, -20.23764], [-44.07978, -20.23767], [-44.07952, -20.23765], [-44.07927, -20.23769], [-44.07905, -20.23786], [-44.07893, -20.23806], [-44.07883, -20.23828], [-44.07875, -20.23851], [-44.07851, -20.23852], [-44.07828, -20.23871], [-44.07795, -20.23889], [-44.07765, -20.23912], [-44.07742, -20.2394], [-44.07717, -20.23961], [-44.07688, -20.23984], [-44.07665, -20.24003], [-44.07637, -20.24018], [-44.07607, -20.24041], [-44.07584, -20.24061], [-44.07583, -20.24086], [-44.0758, -20.24114], [-44.07568, -20.24139], [-44.07558, -20.24161], [-44.07542, -20.24189], [-44.07525, -20.24212], [-44.07517, -20.24236], [-44.07514, -20.24259], [-44.07511, -20.24273], [-44.07508, -20.24283], [-44.07499, -20.24305], [-44.07493, -20.24327], [-44.07475, -20.24344], [-44.0746, -20.24363], [-44.07444, -20.24384], [-44.0743, -20.24405], [-44.07418, -20.24424], [-44.07411, -20.24446], [-44.07395, -20.24463], [-44.07378, -20.24479], [-44.07364, -20.24499], [-44.07357, -20.24529], [-44.0734, -20.24547], [-44.07314, -20.24549], [-44.07288, -20.24549], [-44.0726, -20.24544], [-44.07229, -20.24538], [-44.07199, -20.24537], [-44.07178, -20.24542], [-44.07136, -20.24528], [-44.07113, -20.24515], [-44.07079, -20.2451], [-44.07052, -20.24518], [-44.0703, -20.24536], [-44.07009, -20.24565], [-44.06982, -20.24589], [-44.06966, -20.24629], [-44.06938, -20.24651], [-44.06916, -20.24683], [-44.06901, -20.24703], [-44.06874, -20.24724], [-44.06828, -20.24731], [-44.06793, -20.24752], [-44.06748, -20.24752], [-44.06713, -20.24759], [-44.06682, -20.24777], [-44.06652, -20.24795], [-44.06625, -20.24823], [-44.06604, -20.24865], [-44.06594, -20.24893], [-44.06566, -20.24915], [-44.06523, -20.24942], [-44.06489, -20.24975], [-44.06469, -20.25003], [-44.06449, -20.25031], [-44.06427, -20.25049], [-44.064, -20.25047], [-44.06372, -20.25058], [-44.06332, -20.25052], [-44.06307, -20.25056], [-44.06281, -20.25055], [-44.06254, -20.25068], [-44.06214, -20.2505], [-44.06179, -20.25035], [-44.06147, -20.25023], [-44.06108, -20.25017], [-44.06065, -20.25003], [-44.0603, -20.24975], [-44.06006, -20.24958], [-44.06004, -20.24922], [-44.05985, -20.24901], [-44.05979, -20.24882], [-44.05978, -20.2486], [-44.05969, -20.24837], [-44.0594, -20.24826], [-44.05912, -20.24811], [-44.05873, -20.2479], [-44.05838, -20.24789], [-44.05797, -20.24795], [-44.05772, -20.24787], [-44.05746, -20.24784], [-44.0572, -20.24783], [-44.05694, -20.24787], [-44.05667, -20.24793], [-44.05622, -20.24811], [-44.05591, -20.24788], [-44.05602, -20.24746], [-44.05597, -20.2472], [-44.0558, -20.24671], [-44.05574, -20.24649], [-44.05537, -20.24632], [-44.05498, -20.24641], [-44.0547, -20.24654], [-44.0544, -20.24643], [-44.05417, -20.24632], [-44.05388, -20.24628], [-44.05364, -20.24623], [-44.05351, -20.24598], [-44.05337, -20.24565], [-44.05311, -20.2456], [-44.05252, -20.24624], [-44.05233, -20.24642], [-44.05215, -20.24658], [-44.05195, -20.24674], [-44.05178, -20.24694], [-44.05165, -20.24713], [-44.0515, -20.24735], [-44.05136, -20.24755], [-44.05118, -20.24772], [-44.051, -20.24791], [-44.05089, -20.24818], [-44.05077, -20.24839], [-44.05063, -20.24861], [-44.05048, -20.24886], [-44.05038, -20.24918], [-44.05023, -20.2495], [-44.04998, -20.24975], [-44.04963, -20.24995], [-44.04935, -20.25017], [-44.04906, -20.25037], [-44.04878, -20.25063], [-44.04834, -20.25097], [-44.04812, -20.25119], [-44.04795, -20.25135], [-44.04779, -20.25157], [-44.04756, -20.25171], [-44.04733, -20.25188], [-44.0471, -20.25207], [-44.0468, -20.25222], [-44.04656, -20.25234], [-44.04627, -20.2524], [-44.04605, -20.25243], [-44.0458, -20.25253], [-44.04565, -20.25259], [-44.04548, -20.25263], [-44.04527, -20.25267], [-44.04499, -20.25274], [-44.04475, -20.25279], [-44.04447, -20.25287], [-44.04426, -20.25287], [-44.04403, -20.25287], [-44.04381, -20.25291], [-44.04354, -20.253], [-44.04334, -20.2531], [-44.04306, -20.25319], [-44.0428, -20.25321], [-44.04252, -20.25322], [-44.04226, -20.25315], [-44.04198, -20.25313], [-44.04165, -20.25317], [-44.04141, -20.25321], [-44.04114, -20.25324], [-44.04086, -20.25325], [-44.04058, -20.25328], [-44.04031, -20.25337], [-44.04004, -20.25333], [-44.03976, -20.25329], [-44.03952, -20.2532], [-44.03921, -20.25313], [-44.03897, -20.25305], [-44.03864, -20.25297], [-44.03828, -20.25285], [-44.03797, -20.25272], [-44.03767, -20.25265], [-44.03737, -20.25262], [-44.03714, -20.2526], [-44.03679, -20.25257], [-44.03653, -20.25271], [-44.03634, -20.25287], [-44.03615, -20.253], [-44.03598, -20.25318], [-44.03582, -20.25334], [-44.03564, -20.25348], [-44.03547, -20.25371], [-44.03535, -20.25397], [-44.03523, -20.25416], [-44.03503, -20.25435], [-44.03496, -20.25458], [-44.03491, -20.25485], [-44.03484, -20.25519], [-44.03481, -20.25544], [-44.03483, -20.25681], [-44.03484, -20.25705], [-44.03487, -20.25728], [-44.0349, -20.25754], [-44.03491, -20.25782], [-44.03492, -20.25835], [-44.03489, -20.2586], [-44.03482, -20.25886], [-44.03472, -20.25909], [-44.03449, -20.25915], [-44.03422, -20.25915], [-44.03397, -20.25913], [-44.03372, -20.25911], [-44.03345, -20.25911], [-44.03313, -20.25911], [-44.03289, -20.25909], [-44.03264, -20.25904], [-44.03239, -20.259], [-44.03216, -20.25889], [-44.0319, -20.25876], [-44.03163, -20.25862], [-44.03136, -20.25842], [-44.03088, -20.25813], [-44.03071, -20.25797], [-44.03045, -20.2578], [-44.03021, -20.25766], [-44.02983, -20.25747], [-44.02955, -20.25726], [-44.02937, -20.25711], [-44.02917, -20.25694], [-44.02896, -20.25677], [-44.02875, -20.25659], [-44.02856, -20.2564], [-44.02826, -20.25622], [-44.028, -20.25603], [-44.02775, -20.25592], [-44.02752, -20.25579], [-44.02727, -20.25571], [-44.02704, -20.25555], [-44.02679, -20.25538], [-44.02662, -20.25521], [-44.02642, -20.25497], [-44.02627, -20.25474], [-44.02616, -20.25449], [-44.02606, -20.25429], [-44.02593, -20.25417], [-44.02585, -20.25412], [-44.02577, -20.25397], [-44.02553, -20.25354], [-44.02537, -20.25314], [-44.02526, -20.25279], [-44.02517, -20.25245], [-44.0251, -20.25233], [-44.025, -20.25228], [-44.02486, -20.25228], [-44.02472, -20.25229], [-44.02457, -20.25237], [-44.0244, -20.25262], [-44.02422, -20.25284], [-44.02402, -20.25293], [-44.02379, -20.25303], [-44.02333, -20.25313], [-44.02276, -20.25326], [-44.02254, -20.25334], [-44.02233, -20.25354], [-44.02212, -20.25373], [-44.02187, -20.25403], [-44.02147, -20.25434], [-44.02107, -20.25455], [-44.02057, -20.25462], [-44.01995, -20.2546], [-44.01943, -20.25451], [-44.01896, -20.25453], [-44.01847, -20.25467], [-44.01807, -20.25483], [-44.01782, -20.25498], [-44.01766, -20.25516], [-44.01752, -20.25537], [-44.01741, -20.25562], [-44.01729, -20.25591], [-44.01719, -20.2562], [-44.01714, -20.25644], [-44.01705, -20.25667], [-44.01688, -20.25698], [-44.01673, -20.25715], [-44.01655, -20.25731], [-44.01637, -20.25745], [-44.01615, -20.25759], [-44.01589, -20.25769], [-44.01562, -20.25775], [-44.01539, -20.25776], [-44.01484, -20.25777], [-44.01457, -20.25776], [-44.01432, -20.25773], [-44.01398, -20.25771], [-44.01367, -20.2577], [-44.01327, -20.25765], [-44.01301, -20.25761], [-44.01255, -20.25757], [-44.01225, -20.2575], [-44.01186, -20.25746], [-44.01158, -20.25743], [-44.01117, -20.25737], [-44.01081, -20.25737], [-44.01041, -20.25754], [-44.00993, -20.25783], [-44.00969, -20.25809], [-44.00941, -20.25833], [-44.00896, -20.25853], [-44.00867, -20.25866], [-44.00835, -20.25884], [-44.00807, -20.25897], [-44.00778, -20.25905], [-44.00746, -20.25924], [-44.00712, -20.25948], [-44.00679, -20.25966], [-44.00641, -20.25993], [-44.00611, -20.26004], [-44.00584, -20.26046], [-44.00584, -20.26047], [-44.00586, -20.26073], [-44.00586, -20.26097], [-44.00581, -20.2613], [-44.00578, -20.26152], [-44.00565, -20.26189], [-44.00556, -20.26208], [-44.00544, -20.26236], [-44.00533, -20.26258], [-44.00524, -20.26287], [-44.00518, -20.2631], [-44.0051, -20.26335], [-44.00505, -20.26358], [-44.00504, -20.2638], [-44.00503, -20.26403], [-44.00501, -20.26451], [-44.00502, -20.26477], [-44.00503, -20.26503], [-44.00506, -20.26527], [-44.00514, -20.2655], [-44.00525, -20.26571], [-44.00542, -20.26587], [-44.00561, -20.26601], [-44.00583, -20.26611], [-44.00611, -20.26618], [-44.00637, -20.26632], [-44.0066, -20.26647], [-44.00684, -20.26651], [-44.00714, -20.26656], [-44.00742, -20.26665], [-44.00763, -20.26677], [-44.00786, -20.26684], [-44.00806, -20.26698], [-44.00826, -20.2671], [-44.00847, -20.26726], [-44.00871, -20.26738], [-44.00894, -20.26748], [-44.00925, -20.26758], [-44.00956, -20.2676], [-44.00986, -20.26763], [-44.01017, -20.26765], [-44.01076, -20.26764], [-44.01102, -20.26763], [-44.0113, -20.2674], [-44.01154, -20.26734], [-44.0118, -20.26729], [-44.01213, -20.26728], [-44.01246, -20.26729], [-44.01274, -20.26739], [-44.01296, -20.26752], [-44.01315, -20.26766], [-44.01334, -20.26782], [-44.01356, -20.26797], [-44.01379, -20.26812], [-44.01408, -20.26825], [-44.01428, -20.26837], [-44.01457, -20.26858], [-44.01487, -20.26877], [-44.01511, -20.2689], [-44.01536, -20.26902], [-44.01558, -20.26915], [-44.01588, -20.26931], [-44.01618, -20.26943], [-44.01651, -20.26956], [-44.01683, -20.26969], [-44.01711, -20.26981], [-44.01737, -20.2699], [-44.01764, -20.27004], [-44.01806, -20.27025], [-44.01834, -20.27034], [-44.01856, -20.27047], [-44.01875, -20.27063], [-44.01931, -20.27062], [-44.01954, -20.2706], [-44.01987, -20.27058], [-44.02015, -20.27052], [-44.02044, -20.27038], [-44.02074, -20.27019], [-44.02095, -20.27008], [-44.02117, -20.26993], [-44.02141, -20.26975], [-44.02164, -20.26961], [-44.02188, -20.26945], [-44.02217, -20.26919], [-44.02246, -20.26896], [-44.02269, -20.26877], [-44.02282, -20.26859], [-44.02307, -20.2684], [-44.02327, -20.26812], [-44.02343, -20.26796], [-44.02378, -20.26787], [-44.02402, -20.26762], [-44.02421, -20.26744], [-44.02439, -20.2673], [-44.02464, -20.26718], [-44.0249, -20.26712], [-44.02518, -20.26707], [-44.02559, -20.26702], [-44.02584, -20.26695], [-44.02608, -20.26676], [-44.02645, -20.26669], [-44.02677, -20.26664], [-44.02705, -20.26658], [-44.02734, -20.26657], [-44.02767, -20.26654], [-44.02801, -20.26651], [-44.02918, -20.2665], [-44.02946, -20.26647], [-44.02969, -20.26645], [-44.03002, -20.26639], [-44.03029, -20.26629], [-44.0306, -20.26617], [-44.03085, -20.26618], [-44.03109, -20.26618], [-44.03129, -20.26604], [-44.0315, -20.2659], [-44.03177, -20.26575], [-44.0321, -20.2656], [-44.03229, -20.26547], [-44.03255, -20.26527], [-44.03275, -20.26511], [-44.03297, -20.26496], [-44.03329, -20.26472], [-44.03349, -20.2646], [-44.03379, -20.26428], [-44.0341, -20.264], [-44.03433, -20.26383], [-44.03453, -20.2637], [-44.03473, -20.26351], [-44.03493, -20.26336], [-44.03516, -20.26331], [-44.03529, -20.26349], [-44.03537, -20.26372], [-44.03529, -20.26394], [-44.03527, -20.26423], [-44.03521, -20.26452], [-44.03516, -20.26476], [-44.0351, -20.265], [-44.03503, -20.26526], [-44.03493, -20.26553], [-44.03488, -20.26575], [-44.03482, -20.266], [-44.0348, -20.26623], [-44.03474, -20.26645], [-44.0347, -20.26667], [-44.03467, -20.26689], [-44.03464, -20.26714], [-44.03463, -20.26737], [-44.03464, -20.26761], [-44.0347, -20.26784], [-44.0348, -20.26806], [-44.03489, -20.26829], [-44.03495, -20.26851], [-44.03498, -20.26872], [-44.03499, -20.26974], [-44.03502, -20.26996], [-44.03505, -20.27021], [-44.03506, -20.27096], [-44.03496, -20.27119], [-44.03478, -20.27141], [-44.03457, -20.27165], [-44.03436, -20.27182], [-44.03419, -20.27197], [-44.03394, -20.27223], [-44.03374, -20.27241], [-44.03354, -20.27259], [-44.03331, -20.27277], [-44.03312, -20.27295], [-44.0329, -20.27309], [-44.03272, -20.27325], [-44.03249, -20.27349], [-44.03232, -20.27366], [-44.03213, -20.27388], [-44.03201, -20.27413], [-44.03187, -20.27433], [-44.03171, -20.27461], [-44.03154, -20.27481], [-44.03136, -20.27497], [-44.03116, -20.27514], [-44.03098, -20.27528], [-44.03086, -20.27547], [-44.03079, -20.27572], [-44.03074, -20.27595], [-44.03068, -20.27618], [-44.03059, -20.27645], [-44.03046, -20.27668], [-44.03036, -20.2769], [-44.03028, -20.2772], [-44.03014, -20.27745], [-44.0299, -20.2777], [-44.02974, -20.27798], [-44.02959, -20.27814], [-44.02944, -20.27834], [-44.02933, -20.27854], [-44.02917, -20.27883], [-44.02901, -20.27912], [-44.02892, -20.27936], [-44.0288, -20.27958], [-44.02867, -20.27984], [-44.02868, -20.28008], [-44.02872, -20.28034], [-44.02873, -20.28081], [-44.02866, -20.28105], [-44.02856, -20.28131], [-44.0284, -20.28154], [-44.02829, -20.28173], [-44.02825, -20.28197], [-44.02816, -20.28217], [-44.02808, -20.28243], [-44.02802, -20.28267], [-44.02802, -20.28292], [-44.02804, -20.28319], [-44.02809, -20.28343], [-44.0282, -20.28367], [-44.02848, -20.28408], [-44.02859, -20.28435], [-44.02874, -20.28452], [-44.02889, -20.28477], [-44.02905, -20.285], [-44.0292, -20.28526], [-44.02931, -20.28555], [-44.02945, -20.28574], [-44.02954, -20.28596], [-44.0296, -20.28618], [-44.02972, -20.28644], [-44.02976, -20.28666], [-44.02982, -20.28702], [-44.02986, -20.28723], [-44.02997, -20.28759], [-44.03003, -20.28789], [-44.03004, -20.28816], [-44.03006, -20.28838], [-44.03007, -20.28863], [-44.03013, -20.28891], [-44.03019, -20.28922], [-44.03022, -20.28966], [-44.03025, -20.28994], [-44.03028, -20.29022], [-44.03029, -20.29045], [-44.0303, -20.29123], [-44.03033, -20.29146], [-44.03034, -20.29205], [-44.03037, -20.29234], [-44.0304, -20.29256], [-44.03047, -20.29289], [-44.03058, -20.29325], [-44.03067, -20.29347], [-44.03072, -20.29374], [-44.03072, -20.29398], [-44.03073, -20.29476], [-44.03072, -20.29499], [-44.03062, -20.29529], [-44.03056, -20.29552], [-44.03052, -20.29576], [-44.03049, -20.29605], [-44.03053, -20.29634], [-44.03052, -20.29657], [-44.03045, -20.2968], [-44.03034, -20.29704], [-44.03025, -20.29728], [-44.03015, -20.2975], [-44.03007, -20.29776], [-44.02997, -20.29798], [-44.02989, -20.29821], [-44.02981, -20.29845], [-44.0298, -20.29867], [-44.02994, -20.29873], [-44.03002, -20.29875], [-44.0304, -20.2987], [-44.03064, -20.29863], [-44.03085, -20.29852], [-44.03108, -20.2984], [-44.03136, -20.29829], [-44.03155, -20.29814], [-44.03183, -20.29807], [-44.03212, -20.29807], [-44.03239, -20.29815], [-44.03271, -20.29827], [-44.03292, -20.29837], [-44.03317, -20.29853], [-44.03336, -20.29869], [-44.03361, -20.29888], [-44.03405, -20.29919], [-44.03435, -20.29937], [-44.0346, -20.29952], [-44.03498, -20.29967], [-44.03525, -20.2998], [-44.03553, -20.29992], [-44.03573, -20.30011], [-44.03595, -20.30048], [-44.03608, -20.30077], [-44.03612, -20.30102], [-44.03624, -20.30129], [-44.0364, -20.30146], [-44.0366, -20.30168], [-44.03675, -20.3019], [-44.03699, -20.30216], [-44.03716, -20.30238], [-44.03738, -20.30263], [-44.03763, -20.30287], [-44.03792, -20.30304], [-44.03829, -20.30331], [-44.03847, -20.30346], [-44.03865, -20.30366], [-44.03889, -20.3039], [-44.03906, -20.30408], [-44.03941, -20.30431], [-44.03975, -20.30449], [-44.04008, -20.30457], [-44.04031, -20.3046], [-44.0406, -20.3047], [-44.04079, -20.30482], [-44.04099, -20.30506], [-44.04115, -20.30531], [-44.0413, -20.30549], [-44.04149, -20.30572], [-44.04164, -20.30591], [-44.04182, -20.30608], [-44.04203, -20.30623], [-44.04234, -20.30642], [-44.04261, -20.30651], [-44.04285, -20.30657], [-44.04312, -20.30659], [-44.04339, -20.30667], [-44.04371, -20.30676], [-44.04394, -20.30678], [-44.04424, -20.3068], [-44.0446, -20.30689], [-44.0449, -20.30696], [-44.04515, -20.30698], [-44.04548, -20.30704], [-44.0459, -20.30714], [-44.04627, -20.3072], [-44.04655, -20.30729], [-44.04683, -20.30736], [-44.04709, -20.30747], [-44.04743, -20.30759], [-44.0478, -20.30766], [-44.04818, -20.30772], [-44.04842, -20.30765], [-44.04881, -20.30766], [-44.04916, -20.3077], [-44.04941, -20.30775], [-44.04977, -20.30782], [-44.05004, -20.30787], [-44.05031, -20.30789], [-44.05062, -20.30799], [-44.05078, -20.30815], [-44.05099, -20.3083], [-44.05123, -20.30834], [-44.05148, -20.30845], [-44.05172, -20.30862], [-44.05188, -20.30885], [-44.05205, -20.30913], [-44.05217, -20.30933], [-44.05231, -20.30961], [-44.05244, -20.30981], [-44.05253, -20.3101], [-44.05262, -20.31034], [-44.05271, -20.31056], [-44.05277, -20.31082], [-44.05287, -20.31109], [-44.05293, -20.31136], [-44.05304, -20.3117], [-44.05325, -20.31189], [-44.05341, -20.3121], [-44.05357, -20.31238], [-44.05375, -20.31267], [-44.05389, -20.31292], [-44.05404, -20.31315], [-44.0542, -20.31336], [-44.05437, -20.31359], [-44.05456, -20.31382], [-44.05472, -20.31398], [-44.0549, -20.31415], [-44.0552, -20.31437], [-44.05545, -20.31453], [-44.05575, -20.31468], [-44.05597, -20.31483], [-44.05618, -20.31493], [-44.05647, -20.31501], [-44.0568, -20.31504], [-44.05709, -20.31501], [-44.05738, -20.31488], [-44.05762, -20.31473], [-44.05789, -20.31451], [-44.05809, -20.31432], [-44.05829, -20.31416], [-44.05852, -20.31399], [-44.05876, -20.31388], [-44.059, -20.31379], [-44.05937, -20.31367], [-44.0597, -20.31366], [-44.05998, -20.31366], [-44.06028, -20.31369], [-44.06051, -20.31374], [-44.06084, -20.3137], [-44.06116, -20.31373], [-44.06141, -20.31379], [-44.06166, -20.3139], [-44.06191, -20.31401], [-44.06221, -20.31421], [-44.06238, -20.31436], [-44.06258, -20.31457], [-44.06287, -20.3149], [-44.06306, -20.31509], [-44.06336, -20.31536], [-44.06369, -20.31556], [-44.06401, -20.31574], [-44.06434, -20.31584], [-44.06461, -20.31591], [-44.06486, -20.31594], [-44.06522, -20.31594], [-44.0669, -20.31592], [-44.0672, -20.31591], [-44.06746, -20.31587], [-44.06778, -20.31586], [-44.0681, -20.31582], [-44.06844, -20.31582], [-44.06892, -20.31581], [-44.06915, -20.31578], [-44.0694, -20.31567], [-44.06971, -20.31552], [-44.06996, -20.31543], [-44.07023, -20.31532], [-44.07042, -20.31516], [-44.07069, -20.31495], [-44.07093, -20.31478], [-44.07117, -20.31472], [-44.07129, -20.31463], [-44.07139, -20.31455], [-44.0717, -20.31451], [-44.07198, -20.31454], [-44.07222, -20.3146], [-44.07248, -20.31467], [-44.07271, -20.31477], [-44.07302, -20.31491], [-44.0733, -20.31503], [-44.07354, -20.31524], [-44.07382, -20.31543], [-44.07402, -20.31558], [-44.07418, -20.31574], [-44.07433, -20.31594], [-44.0745, -20.31614], [-44.0747, -20.3164], [-44.07485, -20.31665], [-44.07502, -20.31683], [-44.07518, -20.31704], [-44.07541, -20.31728], [-44.07567, -20.31752], [-44.07584, -20.31769], [-44.07596, -20.31781], [-44.07609, -20.31793], [-44.07627, -20.31811], [-44.07646, -20.31827], [-44.07663, -20.31841], [-44.07674, -20.31848], [-44.07684, -20.31855], [-44.07708, -20.31857], [-44.07733, -20.31864], [-44.07757, -20.31869], [-44.07783, -20.31869], [-44.07803, -20.31881], [-44.07827, -20.31876], [-44.07851, -20.3187], [-44.07876, -20.31863], [-44.07905, -20.31852], [-44.07926, -20.3184], [-44.07947, -20.31822], [-44.07962, -20.31805], [-44.07971, -20.31784], [-44.07976, -20.31759], [-44.07977, -20.31738], [-44.07976, -20.31708], [-44.07966, -20.31681], [-44.07955, -20.31661], [-44.0794, -20.31637], [-44.07927, -20.31617], [-44.07914, -20.31589], [-44.07899, -20.3157], [-44.07886, -20.3155], [-44.07876, -20.31528], [-44.07865, -20.31506], [-44.07851, -20.31486], [-44.07841, -20.31465], [-44.07832, -20.3144], [-44.07826, -20.31409], [-44.07829, -20.31385], [-44.0783, -20.31359], [-44.0783, -20.31332], [-44.07835, -20.31305], [-44.07839, -20.31281], [-44.0785, -20.31237], [-44.0786, -20.31213], [-44.07867, -20.31188], [-44.07872, -20.31178], [-44.07878, -20.31167], [-44.07879, -20.31144], [-44.07881, -20.31123], [-44.0789, -20.31101], [-44.07906, -20.3108], [-44.07935, -20.31064], [-44.07959, -20.31044], [-44.0798, -20.31032], [-44.07998, -20.31017], [-44.08016, -20.3099], [-44.08035, -20.30972], [-44.08056, -20.30957], [-44.08076, -20.30944], [-44.0811, -20.30911], [-44.08128, -20.30895], [-44.08149, -20.30878], [-44.08166, -20.30867], [-44.08165, -20.30845], [-44.08166, -20.30823], [-44.08167, -20.30798], [-44.08168, -20.3077], [-44.08169, -20.3074], [-44.08165, -20.30708], [-44.08162, -20.30685], [-44.08164, -20.30654], [-44.08167, -20.30631], [-44.08166, -20.30532], [-44.08168, -20.30506], [-44.0817, -20.30473], [-44.08175, -20.30446], [-44.08178, -20.30423], [-44.0819, -20.30398], [-44.08205, -20.30375], [-44.08221, -20.30356], [-44.08244, -20.30352], [-44.08269, -20.30351], [-44.08302, -20.30347], [-44.08336, -20.30344], [-44.08355, -20.30343], [-44.08364, -20.30342], [-44.08392, -20.30334], [-44.08415, -20.3033], [-44.08451, -20.30325], [-44.08486, -20.30323], [-44.0857, -20.30322], [-44.08598, -20.30321], [-44.08721, -20.30319], [-44.08748, -20.30315], [-44.08772, -20.30312], [-44.08802, -20.30314], [-44.08837, -20.30315], [-44.08874, -20.30322], [-44.08897, -20.3033], [-44.08935, -20.30336], [-44.08972, -20.30342], [-44.09, -20.30342], [-44.09028, -20.30347], [-44.09057, -20.3035], [-44.09087, -20.30352], [-44.09122, -20.30351], [-44.09146, -20.30349], [-44.09171, -20.30344], [-44.09194, -20.30342], [-44.09217, -20.30332], [-44.09238, -20.3032], [-44.09261, -20.30309], [-44.09281, -20.30292], [-44.09303, -20.30271], [-44.09318, -20.30252], [-44.09332, -20.30229], [-44.09343, -20.30208], [-44.09361, -20.30183], [-44.09376, -20.30165], [-44.09399, -20.30141], [-44.09414, -20.30124], [-44.09435, -20.30097], [-44.09449, -20.30074], [-44.0946, -20.30055], [-44.09475, -20.30021], [-44.09492, -20.29983], [-44.09501, -20.29954], [-44.09517, -20.29926], [-44.09539, -20.2991], [-44.0955, -20.29908], [-44.09563, -20.29906], [-44.09586, -20.29908], [-44.09597, -20.29928], [-44.09612, -20.29956], [-44.0962, -20.29987], [-44.0962, -20.30015], [-44.09641, -20.30058], [-44.09658, -20.30084], [-44.09675, -20.30103], [-44.09696, -20.30125], [-44.0971, -20.30145], [-44.0972, -20.30166], [-44.09729, -20.30188], [-44.09749, -20.30213], [-44.09776, -20.30228], [-44.09797, -20.30251], [-44.09822, -20.30272], [-44.09848, -20.30294], [-44.09866, -20.30317], [-44.09887, -20.30346], [-44.09906, -20.30363], [-44.09926, -20.30375], [-44.09954, -20.30392], [-44.09987, -20.30403], [-44.10011, -20.30409], [-44.10035, -20.30413], [-44.10064, -20.30416], [-44.10097, -20.30419], [-44.10126, -20.3042], [-44.10217, -20.30419], [-44.10248, -20.3042], [-44.10307, -20.30419], [-44.10335, -20.30421], [-44.10354, -20.30436], [-44.10372, -20.30453], [-44.10385, -20.30473], [-44.10395, -20.30494], [-44.10402, -20.30516], [-44.10414, -20.30554], [-44.10426, -20.30573], [-44.1044, -20.30601], [-44.10454, -20.30634], [-44.10463, -20.30668], [-44.10467, -20.30704], [-44.10471, -20.30726], [-44.10474, -20.30763], [-44.10473, -20.30794], [-44.10458, -20.30812], [-44.10438, -20.30832], [-44.10417, -20.30851], [-44.10396, -20.30865], [-44.10368, -20.30876], [-44.10329, -20.30892], [-44.10304, -20.30903], [-44.10278, -20.30912], [-44.10254, -20.30918], [-44.10221, -20.30928], [-44.10196, -20.30938], [-44.10154, -20.30951], [-44.10115, -20.30967], [-44.10083, -20.30982], [-44.1006, -20.30992], [-44.10032, -20.31005], [-44.10008, -20.31011], [-44.09979, -20.3102], [-44.09953, -20.31027], [-44.09915, -20.31039], [-44.09893, -20.31051], [-44.09864, -20.31069], [-44.09841, -20.31089], [-44.09827, -20.31108], [-44.09812, -20.31128], [-44.09805, -20.31154], [-44.09808, -20.31179], [-44.09823, -20.31205], [-44.09842, -20.31223], [-44.09869, -20.31233], [-44.09898, -20.31245], [-44.09923, -20.31252], [-44.09951, -20.31255], [-44.09986, -20.31259], [-44.10024, -20.31261], [-44.10061, -20.31262], [-44.10161, -20.3126], [-44.1019, -20.31257], [-44.10214, -20.31255], [-44.10244, -20.31248], [-44.10269, -20.31235], [-44.10293, -20.31222], [-44.10316, -20.31209], [-44.10341, -20.31196], [-44.10367, -20.31185], [-44.10395, -20.31172], [-44.10418, -20.31162], [-44.10447, -20.31145], [-44.10472, -20.31135], [-44.10498, -20.31131], [-44.10524, -20.31129], [-44.10551, -20.3113], [-44.10612, -20.3113], [-44.10636, -20.31128], [-44.10663, -20.31123], [-44.1069, -20.31122], [-44.10714, -20.31124], [-44.1075, -20.3113], [-44.10785, -20.31126], [-44.10811, -20.31122], [-44.10838, -20.3111], [-44.10862, -20.31104], [-44.10886, -20.31093], [-44.10914, -20.31082], [-44.10941, -20.31074], [-44.10965, -20.31059], [-44.10992, -20.31053], [-44.1105, -20.31052], [-44.11075, -20.31053], [-44.11104, -20.31054], [-44.1114, -20.31059], [-44.11171, -20.31064], [-44.11197, -20.3107], [-44.11223, -20.31079], [-44.11248, -20.3109], [-44.11276, -20.31106], [-44.11302, -20.31123], [-44.11321, -20.31141], [-44.1134, -20.31161], [-44.1136, -20.31185], [-44.11375, -20.31204], [-44.11386, -20.31225], [-44.11399, -20.31246], [-44.11412, -20.31276], [-44.11424, -20.31296], [-44.11432, -20.31319], [-44.11446, -20.31343], [-44.11466, -20.31369], [-44.11485, -20.31393], [-44.11501, -20.31419], [-44.11512, -20.31438], [-44.11531, -20.31468], [-44.11548, -20.31485], [-44.11569, -20.31503], [-44.1159, -20.31519], [-44.11612, -20.31535], [-44.11638, -20.31549], [-44.11662, -20.31563], [-44.1168, -20.31581], [-44.11693, -20.31603], [-44.11722, -20.31619], [-44.1175, -20.31634], [-44.11774, -20.31647], [-44.11798, -20.31663], [-44.11828, -20.31669], [-44.11853, -20.31669], [-44.11882, -20.31667], [-44.11908, -20.31661], [-44.11938, -20.31655], [-44.11966, -20.3165], [-44.11991, -20.31642], [-44.12017, -20.31625], [-44.12041, -20.31606], [-44.12079, -20.31574], [-44.12103, -20.3155], [-44.12161, -20.31494], [-44.12178, -20.31473], [-44.12196, -20.31453], [-44.12212, -20.31435], [-44.12226, -20.31413], [-44.12237, -20.31383], [-44.1224, -20.31358], [-44.12232, -20.31335], [-44.12228, -20.31304], [-44.12217, -20.31278], [-44.12204, -20.3125], [-44.12194, -20.31229], [-44.12177, -20.31187], [-44.12162, -20.31163], [-44.12146, -20.31144], [-44.12131, -20.31116], [-44.12129, -20.31093], [-44.12126, -20.3106], [-44.12128, -20.31037], [-44.12136, -20.31009], [-44.12145, -20.30982], [-44.12154, -20.30957], [-44.12165, -20.30937], [-44.12169, -20.30913], [-44.12182, -20.3089], [-44.12186, -20.30867], [-44.1219, -20.30834], [-44.12189, -20.30813], [-44.12176, -20.30792], [-44.12169, -20.3078], [-44.12164, -20.30773], [-44.12151, -20.30747], [-44.12132, -20.30729], [-44.12108, -20.30711], [-44.12085, -20.30702], [-44.12057, -20.30692], [-44.12028, -20.30679], [-44.12004, -20.30667], [-44.11979, -20.30658], [-44.11947, -20.30651], [-44.11917, -20.30647], [-44.11889, -20.30642], [-44.11863, -20.30636], [-44.11831, -20.30622], [-44.11795, -20.3061], [-44.11771, -20.30601], [-44.11738, -20.30588], [-44.11698, -20.30577], [-44.11664, -20.30561], [-44.11638, -20.30552], [-44.11599, -20.30541], [-44.1157, -20.30532], [-44.11529, -20.30519], [-44.11485, -20.30493], [-44.11464, -20.3047], [-44.11464, -20.30447], [-44.11469, -20.30423], [-44.1148, -20.30401], [-44.11499, -20.30384], [-44.11521, -20.30371], [-44.11542, -20.3036], [-44.11573, -20.30358], [-44.11603, -20.30358], [-44.11627, -20.30355], [-44.11653, -20.30349], [-44.11681, -20.30338], [-44.1171, -20.30328], [-44.11732, -20.30316], [-44.11755, -20.30302], [-44.11781, -20.30286], [-44.11803, -20.30277], [-44.11826, -20.30261], [-44.1185, -20.30253], [-44.11876, -20.30243], [-44.119, -20.30232], [-44.11954, -20.30206], [-44.11979, -20.30194], [-44.12005, -20.30179], [-44.12023, -20.30162], [-44.12043, -20.30143], [-44.1206, -20.30127], [-44.12078, -20.30106], [-44.12103, -20.30087], [-44.12125, -20.30072], [-44.12147, -20.30053], [-44.12166, -20.3004], [-44.12178, -20.30018], [-44.122, -20.30002], [-44.12228, -20.29989], [-44.12253, -20.29977], [-44.12273, -20.29964], [-44.12331, -20.29931], [-44.12357, -20.29916], [-44.12381, -20.29905], [-44.12405, -20.29898], [-44.12424, -20.29884], [-44.12442, -20.2987], [-44.12459, -20.2985], [-44.12474, -20.29831], [-44.12484, -20.29807], [-44.12486, -20.29777], [-44.12486, -20.29723], [-44.12484, -20.29699], [-44.12481, -20.29667], [-44.12477, -20.29639], [-44.12471, -20.29608], [-44.12464, -20.29584], [-44.12448, -20.29566], [-44.12429, -20.2955], [-44.12406, -20.29535], [-44.12379, -20.29535], [-44.12351, -20.29541], [-44.12326, -20.29544], [-44.12301, -20.29558], [-44.12274, -20.29575], [-44.12243, -20.29584], [-44.12219, -20.29583], [-44.12192, -20.29582], [-44.1217, -20.29571], [-44.12152, -20.29539], [-44.12137, -20.29522], [-44.12133, -20.295], [-44.12108, -20.29495], [-44.12083, -20.29494], [-44.1206, -20.29488], [-44.12034, -20.29482], [-44.1201, -20.29476], [-44.1198, -20.29466], [-44.11957, -20.29457], [-44.11935, -20.29448], [-44.11903, -20.29437], [-44.11872, -20.2942], [-44.11826, -20.294], [-44.11799, -20.29387], [-44.11767, -20.29379], [-44.11741, -20.29374], [-44.11706, -20.29366], [-44.11677, -20.29358], [-44.11653, -20.2935], [-44.11621, -20.29332], [-44.11599, -20.29322], [-44.11563, -20.29302], [-44.11538, -20.29278], [-44.11516, -20.29266], [-44.11495, -20.29252], [-44.11467, -20.29231], [-44.11439, -20.29211], [-44.11409, -20.29191], [-44.11398, -20.2917], [-44.11393, -20.29147], [-44.11387, -20.29121], [-44.11386, -20.29041], [-44.11387, -20.29016], [-44.11389, -20.28993], [-44.11394, -20.28958], [-44.11396, -20.28937], [-44.114, -20.2891], [-44.11407, -20.28886], [-44.1143, -20.28873], [-44.11445, -20.28853], [-44.11453, -20.28832], [-44.11471, -20.2881], [-44.11489, -20.28794], [-44.11504, -20.28775], [-44.11517, -20.28757], [-44.11537, -20.28737], [-44.1156, -20.28718], [-44.11589, -20.28696], [-44.11621, -20.28677], [-44.11645, -20.28665], [-44.11677, -20.28663], [-44.11707, -20.28662], [-44.11735, -20.28663], [-44.11771, -20.28665], [-44.11808, -20.28666], [-44.11844, -20.28664], [-44.11868, -20.2866], [-44.11891, -20.28658], [-44.11923, -20.28655], [-44.1195, -20.28648], [-44.1198, -20.28644], [-44.12005, -20.28643], [-44.12034, -20.28635], [-44.12058, -20.28622], [-44.12074, -20.28601], [-44.12077, -20.28576], [-44.12077, -20.28547], [-44.12075, -20.28522], [-44.1207, -20.28499], [-44.1206, -20.28469], [-44.1205, -20.28438], [-44.12038, -20.28407], [-44.12034, -20.28385], [-44.12025, -20.2836], [-44.12018, -20.28328], [-44.12008, -20.28306], [-44.11995, -20.28283], [-44.11981, -20.28259], [-44.11969, -20.2824], [-44.11944, -20.28219], [-44.11926, -20.28203], [-44.11899, -20.28188], [-44.11868, -20.2817], [-44.11847, -20.28156], [-44.1183, -20.28141], [-44.11805, -20.28115], [-44.11797, -20.28092], [-44.11791, -20.28069], [-44.11787, -20.28042], [-44.11779, -20.28015], [-44.11768, -20.27983], [-44.11756, -20.27957], [-44.11747, -20.27936], [-44.1173, -20.27911], [-44.11714, -20.27895], [-44.117, -20.27872], [-44.11685, -20.2785], [-44.11673, -20.27823], [-44.11655, -20.27794], [-44.11646, -20.27768], [-44.11642, -20.27744], [-44.11643, -20.27715], [-44.11657, -20.27694], [-44.11657, -20.27673], [-44.11663, -20.27651], [-44.11684, -20.2763], [-44.11698, -20.2761], [-44.11721, -20.27606], [-44.11745, -20.27606], [-44.11775, -20.27608], [-44.11798, -20.27611], [-44.11826, -20.27616], [-44.11869, -20.27628], [-44.11906, -20.27632], [-44.11931, -20.27634], [-44.11956, -20.27634], [-44.11985, -20.2763], [-44.12025, -20.27621], [-44.12059, -20.27613], [-44.12092, -20.27606], [-44.12132, -20.276], [-44.12159, -20.27604], [-44.12186, -20.27598], [-44.12224, -20.2758], [-44.12254, -20.27572], [-44.12278, -20.27565], [-44.12309, -20.27553], [-44.12331, -20.27539], [-44.12345, -20.27512], [-44.12357, -20.27481], [-44.1236, -20.27453], [-44.12359, -20.27392], [-44.12356, -20.27369], [-44.12349, -20.27342], [-44.1233, -20.27326], [-44.12318, -20.27303], [-44.12304, -20.27276], [-44.12291, -20.27252], [-44.12276, -20.27225], [-44.12261, -20.27195], [-44.12246, -20.27149], [-44.1223, -20.2711], [-44.12215, -20.27091], [-44.12195, -20.27068], [-44.12175, -20.27048], [-44.12153, -20.27031], [-44.12123, -20.27023], [-44.12096, -20.27012], [-44.12063, -20.27003], [-44.12038, -20.27001], [-44.11989, -20.26999], [-44.11961, -20.26989], [-44.11939, -20.26979], [-44.11902, -20.26964], [-44.11872, -20.26957], [-44.11847, -20.26944], [-44.11816, -20.26933], [-44.11785, -20.26917], [-44.11756, -20.26904], [-44.11731, -20.26886], [-44.11715, -20.26869], [-44.11701, -20.26845], [-44.11686, -20.26814], [-44.1168, -20.26791], [-44.1168, -20.26788], [-44.11695, -20.26772], [-44.11714, -20.26756], [-44.11736, -20.26736], [-44.11753, -20.26722], [-44.11768, -20.26704], [-44.11779, -20.26688], [-44.11789, -20.26673], [-44.11802, -20.26658], [-44.1182, -20.26643], [-44.11823, -20.2664], [-44.11848, -20.2662], [-44.11875, -20.26601], [-44.11898, -20.26581], [-44.11921, -20.26559], [-44.11939, -20.26537], [-44.11954, -20.2651], [-44.11964, -20.26483], [-44.11971, -20.26456], [-44.11977, -20.26427], [-44.11982, -20.26404], [-44.11985, -20.26384], [-44.11986, -20.26359], [-44.11993, -20.26326], [-44.11999, -20.26297], [-44.12001, -20.26278], [-44.12004, -20.26258], [-44.12008, -20.26229], [-44.12011, -20.26209], [-44.12018, -20.26188], [-44.12032, -20.26168], [-44.12053, -20.26155], [-44.12069, -20.26148], [-44.12089, -20.26142], [-44.12098, -20.2614], [-44.12106, -20.26138], [-44.12117, -20.26134], [-44.12127, -20.26131], [-44.12149, -20.2612], [-44.12166, -20.26113], [-44.12218, -20.26083], [-44.12185, -20.2599], [-44.12143, -20.25911], [-44.12095, -20.25881], [-44.12081, -20.25862], [-44.12062, -20.2584], [-44.12058, -20.25834], [-44.12043, -20.25814], [-44.12024, -20.25795], [-44.12, -20.25765], [-44.11984, -20.25748], [-44.11969, -20.25728], [-44.11954, -20.257], [-44.11941, -20.25671], [-44.11927, -20.25648], [-44.11912, -20.25621], [-44.11896, -20.25603], [-44.11884, -20.25583], [-44.1187, -20.25563], [-44.11847, -20.25545], [-44.11829, -20.25524], [-44.11808, -20.25507], [-44.11781, -20.2549], [-44.11762, -20.25476], [-44.11745, -20.2546], [-44.11732, -20.25438], [-44.11716, -20.25412], [-44.11711, -20.25388], [-44.11711, -20.25362], [-44.11712, -20.2534], [-44.11712, -20.25314], [-44.11712, -20.25291], [-44.11711, -20.25269], [-44.11709, -20.25122], [-44.11712, -20.25099], [-44.11718, -20.25075], [-44.11735, -20.25057], [-44.11755, -20.25042], [-44.11783, -20.25033], [-44.1181, -20.25028], [-44.11836, -20.25024], [-44.11861, -20.25023], [-44.11934, -20.25012], [-44.11965, -20.2501], [-44.11988, -20.25007], [-44.12013, -20.25004], [-44.12038, -20.25], [-44.12062, -20.24995], [-44.1209, -20.24992], [-44.12115, -20.24989], [-44.12138, -20.24976], [-44.12162, -20.24962], [-44.12174, -20.2496], [-44.12198, -20.24962], [-44.12221, -20.24955], [-44.12248, -20.24946], [-44.12272, -20.24938], [-44.12296, -20.24932], [-44.12319, -20.24928], [-44.12342, -20.24914], [-44.12356, -20.24891], [-44.12364, -20.24867], [-44.12369, -20.24844], [-44.12369, -20.24821], [-44.12363, -20.24798], [-44.12362, -20.24775], [-44.1236, -20.24753], [-44.1236, -20.24729], [-44.12362, -20.24703], [-44.12379, -20.24687], [-44.12397, -20.24672], [-44.12423, -20.2468], [-44.12444, -20.24691], [-44.12463, -20.24708], [-44.12487, -20.24718], [-44.12509, -20.24727], [-44.12535, -20.24733], [-44.12569, -20.24743], [-44.12601, -20.24745], [-44.12628, -20.24742], [-44.12652, -20.24734], [-44.12688, -20.24733], [-44.12754, -20.24734], [-44.12783, -20.24733], [-44.1281, -20.24726], [-44.12833, -20.24718], [-44.12865, -20.24707], [-44.129, -20.24698], [-44.12923, -20.24694], [-44.12946, -20.24684], [-44.12973, -20.24673], [-44.12998, -20.24667], [-44.13023, -20.24657], [-44.13041, -20.24642], [-44.13068, -20.24638], [-44.13096, -20.2463], [-44.13126, -20.2462], [-44.13153, -20.24617], [-44.13179, -20.24603], [-44.13205, -20.24594], [-44.13234, -20.24587], [-44.1326, -20.24576], [-44.13285, -20.24564], [-44.1331, -20.24552], [-44.13339, -20.24544], [-44.13364, -20.24537], [-44.13392, -20.24537], [-44.13421, -20.24535], [-44.13448, -20.24534], [-44.13501, -20.24535], [-44.13526, -20.24536], [-44.13548, -20.24546], [-44.13566, -20.24567], [-44.13584, -20.24585], [-44.13601, -20.24603], [-44.13623, -20.2462], [-44.13644, -20.24641], [-44.13662, -20.2466], [-44.13685, -20.24681], [-44.13702, -20.24699], [-44.1372, -20.24721], [-44.13744, -20.2474], [-44.13766, -20.2476], [-44.1379, -20.24777], [-44.13811, -20.24794], [-44.1384, -20.2481], [-44.13866, -20.24814], [-44.1389, -20.24821], [-44.13914, -20.24836], [-44.13937, -20.24846], [-44.13957, -20.24857], [-44.13984, -20.24858], [-44.14008, -20.24857], [-44.14036, -20.24854], [-44.14053, -20.24838], [-44.14063, -20.24815], [-44.14072, -20.24795], [-44.14078, -20.2477], [-44.14081, -20.24745], [-44.14081, -20.2472], [-44.14083, -20.24695], [-44.14084, -20.24667], [-44.14085, -20.24644], [-44.14094, -20.24616], [-44.14105, -20.24591], [-44.14116, -20.24569], [-44.14131, -20.24545], [-44.14142, -20.24518], [-44.14148, -20.24496], [-44.1416, -20.24474], [-44.14168, -20.2445], [-44.14182, -20.24425], [-44.14193, -20.24402], [-44.14206, -20.24379], [-44.1422, -20.24358], [-44.1424, -20.24341], [-44.1426, -20.24327], [-44.14281, -20.24311], [-44.143, -20.24297], [-44.14319, -20.24282], [-44.14343, -20.24271], [-44.14368, -20.24265], [-44.14378, -20.24242], [-44.14402, -20.24231], [-44.14426, -20.24229], [-44.1445, -20.24228], [-44.14481, -20.24227], [-44.14509, -20.24225], [-44.14535, -20.24225], [-44.1457, -20.24229], [-44.14589, -20.24242], [-44.14604, -20.24264], [-44.14634, -20.24273], [-44.14663, -20.24278], [-44.14694, -20.24288], [-44.1472, -20.24295], [-44.14748, -20.24302], [-44.14777, -20.24309], [-44.14805, -20.24315], [-44.14828, -20.24322], [-44.1486, -20.24325], [-44.14887, -20.24324], [-44.14919, -20.24331], [-44.14943, -20.24343], [-44.14966, -20.2435], [-44.14988, -20.24358], [-44.15013, -20.24366], [-44.15037, -20.24381], [-44.15063, -20.24388], [-44.15093, -20.24397], [-44.15119, -20.24404], [-44.15145, -20.24399], [-44.15164, -20.24386], [-44.15177, -20.24366], [-44.15185, -20.24343], [-44.1519, -20.24318], [-44.15193, -20.24293], [-44.15204, -20.24265], [-44.15214, -20.24237], [-44.15223, -20.24216], [-44.15235, -20.24191], [-44.15243, -20.24169], [-44.15247, -20.24143], [-44.15248, -20.24121], [-44.15249, -20.2405], [-44.15245, -20.24025], [-44.15246, -20.23997], [-44.15242, -20.23974], [-44.15229, -20.23954], [-44.15211, -20.23936], [-44.15194, -20.23918], [-44.15175, -20.23903], [-44.15147, -20.23885], [-44.15122, -20.23867], [-44.15099, -20.23852], [-44.15074, -20.23843], [-44.15052, -20.23832], [-44.15026, -20.23823], [-44.14977, -20.23799], [-44.14955, -20.23786], [-44.14932, -20.23776], [-44.1491, -20.23761], [-44.14889, -20.2374], [-44.14873, -20.23721], [-44.14861, -20.237], [-44.14862, -20.23674], [-44.14866, -20.23644], [-44.14877, -20.23612], [-44.14887, -20.23584], [-44.14893, -20.23555], [-44.14893, -20.23526], [-44.14901, -20.23502], [-44.14913, -20.23479], [-44.14918, -20.23454], [-44.14923, -20.23432], [-44.14927, -20.2341], [-44.1493, -20.23385], [-44.14928, -20.23357], [-44.14919, -20.23335], [-44.14918, -20.23308], [-44.14898, -20.23294], [-44.14874, -20.23273], [-44.14856, -20.23259], [-44.14831, -20.23249], [-44.14807, -20.23238], [-44.14787, -20.23223], [-44.14769, -20.23209], [-44.14747, -20.23195], [-44.14725, -20.23172], [-44.14705, -20.23151], [-44.14692, -20.23132], [-44.14683, -20.23109], [-44.14675, -20.23087], [-44.14673, -20.23061], [-44.14675, -20.23037], [-44.14675, -20.23013], [-44.14676, -20.2299], [-44.14679, -20.22966], [-44.14686, -20.2294], [-44.1469, -20.22914], [-44.14692, -20.22883], [-44.14692, -20.22806], [-44.14691, -20.22783], [-44.14688, -20.22755], [-44.14684, -20.22733], [-44.14678, -20.22712], [-44.14616, -20.22698], [-44.14554, -20.2269], [-44.14497, -20.22675], [-44.14462, -20.22659], [-44.14397, -20.22644], [-44.14357, -20.22642], [-44.14317, -20.22645], [-44.14258, -20.22665], [-44.14213, -20.22705], [-44.14176, -20.22761], [-44.14163, -20.22821], [-44.1416, -20.22881], [-44.14167, -20.22934], [-44.14177, -20.22996], [-44.1419, -20.23044], [-44.14197, -20.23089], [-44.14201, -20.2315], [-44.14171, -20.23186], [-44.14132, -20.23211], [-44.14086, -20.23226], [-44.14047, -20.23247], [-44.14011, -20.23286], [-44.13964, -20.23341], [-44.1387, -20.2341], [-44.13781, -20.234], [-44.13683, -20.23394], [-44.13557, -20.23373], [-44.13464, -20.2334], [-44.13382, -20.23314], [-44.13285, -20.23327], [-44.13136, -20.23378], [-44.12908, -20.23518], [-44.1273, -20.23578], [-44.12614, -20.23557], [-44.12529, -20.2354], [-44.12432, -20.23504], [-44.12358, -20.23436], [-44.12295, -20.23344], [-44.12297, -20.23282], [-44.1231, -20.2327], [-44.12324, -20.23258], [-44.12338, -20.23247], [-44.12368, -20.23226], [-44.12392, -20.23203], [-44.12413, -20.2319], [-44.12423, -20.23173], [-44.1241, -20.23127], [-44.12341, -20.23085], [-44.12315, -20.2307], [-44.1228, -20.23048], [-44.12226, -20.23019], [-44.12188, -20.22985], [-44.12143, -20.22978], [-44.12103, -20.22969], [-44.12066, -20.22966], [-44.12022, -20.22952], [-44.11983, -20.22931], [-44.11917, -20.229], [-44.11805, -20.22848], [-44.11733, -20.2281], [-44.11641, -20.22735], [-44.11534, -20.22659], [-44.11468, -20.22587], [-44.11445, -20.22527], [-44.11404, -20.22474], [-44.11371, -20.22449], [-44.11347, -20.22426], [-44.11209, -20.22306], [-44.11158, -20.22227], [-44.11157, -20.22189], [-44.1118, -20.22077], [-44.11202, -20.22017], [-44.11235, -20.21933], [-44.11207, -20.21919], [-44.1117, -20.21904], [-44.11144, -20.21876], [-44.11121, -20.2186], [-44.11098, -20.2186], [-44.11065, -20.21868], [-44.11042, -20.21891], [-44.11026, -20.21916], [-44.11007, -20.21945], [-44.11, -20.21968], [-44.10989, -20.21978], [-44.10974, -20.21983], [-44.10946, -20.2199], [-44.1092, -20.22013], [-44.10892, -20.22023], [-44.10862, -20.22022], [-44.10842, -20.22035], [-44.1082, -20.22053], [-44.10801, -20.22085], [-44.10788, -20.2209], [-44.10754, -20.2209], [-44.10739, -20.22094], [-44.10731, -20.2209], [-44.10732, -20.22077], [-44.10734, -20.22062], [-44.10732, -20.2205], [-44.10716, -20.22043], [-44.1069, -20.22041], [-44.10668, -20.22064], [-44.10643, -20.22077], [-44.10624, -20.22095], [-44.10605, -20.22116], [-44.10582, -20.2212], [-44.10566, -20.22123], [-44.10546, -20.22136], [-44.10532, -20.22131], [-44.1051, -20.2212], [-44.1049, -20.22116], [-44.10471, -20.22101], [-44.10461, -20.22091], [-44.10458, -20.22078], [-44.10453, -20.22051], [-44.10453, -20.22036], [-44.10457, -20.22019], [-44.10453, -20.22004], [-44.10442, -20.21991], [-44.10426, -20.21982], [-44.10394, -20.21974], [-44.10346, -20.21968], [-44.10306, -20.2196], [-44.10276, -20.21943], [-44.10226, -20.21925], [-44.10193, -20.21904], [-44.10164, -20.21891], [-44.10134, -20.21889], [-44.10122, -20.21903], [-44.1012, -20.2192], [-44.10121, -20.21936], [-44.10121, -20.21952], [-44.10133, -20.2197], [-44.10141, -20.21984], [-44.10137, -20.21992], [-44.10124, -20.21994], [-44.1009, -20.21983], [-44.10068, -20.21977], [-44.10053, -20.21975], [-44.10035, -20.2197], [-44.10023, -20.21956], [-44.1002, -20.21941], [-44.1002, -20.21926], [-44.1002, -20.21913], [-44.10016, -20.21898], [-44.10001, -20.21883], [-44.09982, -20.2187], [-44.09969, -20.2186], [-44.09959, -20.21852], [-44.09947, -20.21847], [-44.09934, -20.21842], [-44.09917, -20.21838], [-44.09896, -20.21833], [-44.09881, -20.21829], [-44.09869, -20.21823], [-44.09849, -20.21806], [-44.09824, -20.21802], [-44.09803, -20.21805], [-44.09796, -20.21814], [-44.09794, -20.21834], [-44.09802, -20.21851], [-44.09815, -20.21867], [-44.09823, -20.21881], [-44.09825, -20.21893], [-44.09821, -20.21909], [-44.09827, -20.21934], [-44.09834, -20.21949], [-44.0984, -20.21962], [-44.09848, -20.21974], [-44.09863, -20.21986], [-44.09873, -20.21999], [-44.09883, -20.22003], [-44.09886, -20.22005], [-44.09893, -20.22019], [-44.09897, -20.22036], [-44.09897, -20.2206], [-44.09895, -20.22078], [-44.09897, -20.22091], [-44.09907, -20.221], [-44.09915, -20.22103], [-44.09919, -20.2211], [-44.09918, -20.22122], [-44.09918, -20.22136], [-44.09913, -20.22152], [-44.09908, -20.22166], [-44.09905, -20.22181], [-44.099, -20.22196], [-44.09895, -20.22211], [-44.09882, -20.22225], [-44.0987, -20.22235], [-44.09861, -20.22254], [-44.09853, -20.22279], [-44.09845, -20.22297], [-44.09835, -20.22308], [-44.09824, -20.22321], [-44.0981, -20.22336], [-44.09794, -20.22352], [-44.09773, -20.2236], [-44.0976, -20.22359], [-44.09746, -20.22361], [-44.0973, -20.22364], [-44.09721, -20.22367], [-44.09713, -20.22376], [-44.09707, -20.22383], [-44.09708, -20.22393], [-44.09715, -20.22405], [-44.09722, -20.22412], [-44.09725, -20.22417], [-44.09725, -20.22423], [-44.09721, -20.22427], [-44.09717, -20.22428], [-44.09702, -20.2242], [-44.09686, -20.22409], [-44.09668, -20.22395], [-44.0965, -20.22385], [-44.09633, -20.22378], [-44.09615, -20.22375], [-44.09607, -20.22378], [-44.09598, -20.22389], [-44.09595, -20.22406], [-44.09596, -20.22423], [-44.09598, -20.22437], [-44.09603, -20.2245], [-44.09615, -20.2246], [-44.09626, -20.22468], [-44.09638, -20.22477], [-44.09652, -20.22485], [-44.09664, -20.22493], [-44.09678, -20.22502], [-44.09688, -20.22513], [-44.09692, -20.22522], [-44.09696, -20.22531], [-44.09699, -20.22543], [-44.09699, -20.22557], [-44.09697, -20.22581], [-44.09696, -20.226], [-44.09697, -20.22626], [-44.09699, -20.22649], [-44.09699, -20.22664], [-44.09696, -20.22677], [-44.09695, -20.22685]]]}}]}