{"type": "FeatureCollection", "indicadores": {"esgoto_rede": "Esgoto em rede geral ou pluvial", "agua_rede": "Água da rede geral", "lixo_coletado": "Lixo coletado por serviço de limpeza"}, "features": [{"type": "Feature", "properties": {"cd_setor": "310900615000001", "distrito": "Conceição de Itaguá", "situacao": "Urbana", "area_km2": 0.158861530006303, "populacao": 998.0, "domicilios": 328.0, "esgoto_rede": 100.0, "agua_rede": 100.0, "lixo_coletado": 100.0}, "geometry": {"type": "Polygon", "coordinates": [[[-44.21878, -20.14915], [-44.21943, -20.14944], [-44.21994, -20.14965], [-44.22026, -20.14976], [-44.22043, -20.14984], [-44.22055, -20.14993], [-44.22065, -20.15002], [-44.22075, -20.15014], [-44.22086, -20.15023], [-44.22097, -20.1503], [-44.22128, -20.15045], [-44.22152, -20.15054], [-44.22177, -20.15062], [-44.22193, -20.15069], [-44.22207, -20.15072], [-44.22222, -20.15075], [-44.22237, -20.15075], [-44.22254, -20.15072], [-44.22273, -20.15068], [-44.22286, -20.15066], [-44.22294, -20.15068], [-44.22304, -20.15072], [-44.22318, -20.15082], [-44.2233, -20.15092], [-44.22345, -20.15106], [-44.22358, -20.1512], [-44.22388, -20.15147], [-44.22394, -20.15149], [-44.22402, -20.1515], [-44.22421, -20.15146], [-44.22436, -20.15141], [-44.22452, -20.15129], [-44.2248, -20.15147], [-44.22503, -20.15161], [-44.22522, -20.15173], [-44.22547, -20.15182], [-44.22567, -20.15188], [-44.22587, -20.15192], [-44.22643, -20.15197], [-44.22688, -20.15199], [-44.22724, -20.152], [-44.22756, -20.15199], [-44.22773, -20.15195], [-44.22799, -20.15188], [-44.22828, -20.15173], [-44.22851, -20.15155], [-44.2287, -20.15138], [-44.22833, -20.15108], [-44.22795, -20.15079], [-44.2276, -20.15052], [-44.22731, -20.1503], [-44.22732, -20.14969], [-44.22732, -20.14962], [-44.22712, -20.14966], [-44.22657, -20.14971], [-44.22604, -20.14968], [-44.22547, -20.14963], [-44.22535, -20.14962], [-44.22483, -20.14957], [-44.22417, -20.14951], [-44.22349, -20.14944], [-44.2223, -20.14937], [-44.22081, -20.14927], [-44.22021, -20.14924], [-44.21975, -20.14922], [-44.21948, -20.14914], [-44.21922, -20.14904], [-44.21882, -20.14882], [-44.21878, -20.14915]]]}}, {"type": "Feature", "properties": {"cd_setor": "310900615000002", "distrito": "Conceição de Itaguá", "situacao": "Urbana", "area_km2": 0.11097598812168, "populacao": 739.0, "domicilios": 249.0, "esgoto_rede": 100.0, "agua_rede": 100.0, "lixo_coletado": 100.0}, "geometry": {"type": "Polygon", "coordinates": [[[-44.22402, -20.1515], [-44.2242, -20.15163], [-44.22436, -20.15174], [-44.22462, -20.1519], [-44.22482, -20.15203], [-44.22498, -20.15212], [-44.22518, -20.1522], [-44.22534, -20.15227], [-44.2254, -20.15231], [-44.22548, -20.15252], [-44.22554, -20.15279], [-44.22558, -20.15302], [-44.2257, -20.15331], [-44.22581, -20.15355], [-44.22598, -20.15401], [-44.2261, -20.15429], [-44.22626, -20.15457], [-44.2264, -20.15483], [-44.22719, -20.15424], [-44.22811, -20.15348], [-44.22823, -20.15364], [-44.22835, -20.15356], [-44.22994, -20.15174], [-44.22978, -20.1516], [-44.2293, -20.15124], [-44.22732, -20.14969], [-44.22731, -20.1503], [-44.2276, -20.15052], [-44.22795, -20.15079], [-44.22833, -20.15108], [-44.2287, -20.15138], [-44.22851, -20.15155], [-44.22828, -20.15173], [-44.22799, -20.15188], [-44.22773, -20.15195], [-44.22756, -20.15199], [-44.22724, -20.152], [-44.22688, -20.15199], [-44.22643, -20.15197], [-44.22587, -20.15192], [-44.22567, -20.15188], [-44.22547, -20.15182], [-44.22522, -20.15173], [-44.22503, -20.15161], [-44.2248, -20.15147], [-44.22452, -20.15129], [-44.22436, -20.15141], [-44.22421, -20.15146], [-44.22402, -20.1515]]]}}, {"type": "Feature", "properties": {"cd_setor": "310900615000003", "distrito": "Conceição de Itaguá", "situacao": "Urbana", "area_km2": 0.796379271882114, "populacao": 894.0, "domicilios": 292.0, "esgoto_rede": 21.379310344827587, "agua_rede": 96.53979238754326, "lixo_coletado": 98.97260273972603}, "geometry": {"type": "Polygon", "coordinates": [[[-44.23829, -20.14909], [-44.2381, -20.14913], [-44.23794, -20.14915], [-44.23754, -20.14917], [-44.23721, -20.14917], [-44.23691, -20.14919], [-44.23675, -20.14982], [-44.23665, -20.14983], [-44.23647, -20.15019], [-44.23631, -20.15057], [-44.23653, -20.15043], [-44.2367, -20.15035], [-44.2368, -20.15033], [-44.23718, -20.15026], [-44.23775, -20.15016], [-44.23786, -20.15016], [-44.23797, -20.15023], [-44.23807, -20.15038], [-44.23812, -20.1506], [-44.23817, -20.15075], [-44.23827, -20.15094], [-44.23836, -20.15112], [-44.23868, -20.15152], [-44.23897, -20.15186], [-44.23907, -20.15196], [-44.23927, -20.15211], [-44.23949, -20.15222], [-44.23971, -20.15228], [-44.23992, -20.15231], [-44.24017, -20.1523], [-44.24045, -20.15224], [-44.24083, -20.15217], [-44.24135, -20.15213], [-44.24194, -20.15216], [-44.24213, -20.15214], [-44.24228, -20.15209], [-44.24242, -20.152], [-44.24251, -20.1521], [-44.24261, -20.15231], [-44.24272, -20.15249], [-44.24324, -20.15327], [-44.24342, -20.15353], [-44.24364, -20.15384], [-44.24375, -20.15404], [-44.24379, -20.15417], [-44.24381, -20.15457], [-44.24382, -20.15505], [-44.24391, -20.1553], [-44.24403, -20.15548], [-44.24551, -20.1555], [-44.24751, -20.15548], [-44.24863, -20.15533], [-44.24944, -20.15523], [-44.25147, -20.15488], [-44.25348, -20.15387], [-44.25321, -20.1536], [-44.25299, -20.15338], [-44.25273, -20.15311], [-44.25239, -20.15283], [-44.25187, -20.15236], [-44.25167, -20.15219], [-44.25156, -20.15204], [-44.25134, -20.15163], [-44.25113, -20.15126], [-44.25104, -20.15106], [-44.25085, -20.15079], [-44.25076, -20.15067], [-44.25058, -20.15042], [-44.25017, -20.14992], [-44.24998, -20.14972], [-44.24963, -20.14673], [-44.24944, -20.14672], [-44.24923, -20.14675], [-44.249, -20.14682], [-44.24878, -20.14685], [-44.24848, -20.14681], [-44.24826, -20.14673], [-44.24797, -20.14661], [-44.24769, -20.14652], [-44.2474, -20.14647], [-44.24726, -20.14636], [-44.24712, -20.14626], [-44.24693, -20.14619], [-44.24666, -20.1462], [-44.24646, -20.14622], [-44.24624, -20.14626], [-44.24595, -20.14639], [-44.24582, -20.14646], [-44.24574, -20.14653], [-44.24573, -20.14665], [-44.24579, -20.14685], [-44.24582, -20.147], [-44.24582, -20.14719], [-44.24574, -20.14746], [-44.24568, -20.14764], [-44.24559, -20.14774], [-44.24545, -20.14783], [-44.24536, -20.14793], [-44.24526, -20.14808], [-44.24507, -20.14832], [-44.24497, -20.14849], [-44.24482, -20.14879], [-44.24466, -20.14896], [-44.24453, -20.14903], [-44.24442, -20.14909], [-44.2442, -20.14929], [-44.24404, -20.14971], [-44.24394, -20.15001], [-44.24381, -20.15032], [-44.24378, -20.15048], [-44.24365, -20.15059], [-44.24352, -20.15062], [-44.24335, -20.15056], [-44.24316, -20.15051], [-44.24303, -20.15045], [-44.24293, -20.15044], [-44.24282, -20.15049], [-44.24272, -20.15059], [-44.2427, -20.1507], [-44.24269, -20.15086], [-44.24267, -20.15107], [-44.24255, -20.15131], [-44.2424, -20.15151], [-44.24226, -20.1516], [-44.24196, -20.1516], [-44.2415, -20.15163], [-44.24092, -20.15175], [-44.24073, -20.15184], [-44.24044, -20.15187], [-44.24019, -20.15175], [-44.24007, -20.15164], [-44.23996, -20.15137], [-44.23988, -20.15115], [-44.23981, -20.15094], [-44.23973, -20.15076], [-44.23963, -20.1506], [-44.23952, -20.15047], [-44.2394, -20.15032], [-44.23932, -20.15016], [-44.23915, -20.1499], [-44.2388, -20.14959], [-44.23869, -20.1495], [-44.23857, -20.14938], [-44.23846, -20.14927], [-44.23836, -20.14919], [-44.23831, -20.14912], [-44.23829, -20.14909]]]}}, {"type": "Feature", "properties": {"cd_setor": "310900615000004", "distrito": "Conceição de Itaguá", "situacao": "Urbana", "area_km2": 0.14763993547998, "populacao": 359.0, "domicilios": 125.0, "esgoto_rede": 73.38709677419355, "agua_rede": 90.4, "lixo_coletado": 100.0}, "geometry": {"type": "Polygon", "coordinates": [[[-44.23578, -20.14823], [-44.23582, -20.14836], [-44.23584, -20.14849], [-44.23587, -20.14868], [-44.23597, -20.14923], [-44.23601, -20.14947], [-44.23605, -20.14953], [-44.23637, -20.14972], [-44.23665, -20.14983], [-44.23675, -20.14982], [-44.23691, -20.14919], [-44.23721, -20.14917], [-44.23754, -20.14917], [-44.23794, -20.14915], [-44.2381, -20.14913], [-44.23829, -20.14909], [-44.23852, -20.14902], [-44.23883, -20.14891], [-44.23909, -20.14881], [-44.23938, -20.14865], [-44.23965, -20.14852], [-44.23978, -20.14869], [-44.23986, -20.14892], [-44.23997, -20.14909], [-44.24008, -20.14921], [-44.24023, -20.1493], [-44.24039, -20.14945], [-44.24055, -20.14962], [-44.24066, -20.14972], [-44.24078, -20.14983], [-44.24099, -20.14994], [-44.24119, -20.15001], [-44.24134, -20.15006], [-44.24144, -20.15003], [-44.24153, -20.14988], [-44.24155, -20.14961], [-44.24149, -20.14935], [-44.24138, -20.14916], [-44.24125, -20.14895], [-44.2411, -20.14874], [-44.24128, -20.14863], [-44.2413, -20.14843], [-44.24128, -20.14809], [-44.24124, -20.1478], [-44.24124, -20.14762], [-44.24127, -20.14748], [-44.24131, -20.14738], [-44.24143, -20.14706], [-44.24149, -20.14687], [-44.24148, -20.14668], [-44.24144, -20.14652], [-44.24137, -20.14639], [-44.24131, -20.14627], [-44.24107, -20.14625], [-44.24089, -20.14627], [-44.24068, -20.14648], [-44.24058, -20.14665], [-44.2405, -20.14681], [-44.24039, -20.14692], [-44.2402, -20.14697], [-44.24007, -20.147], [-44.24, -20.14703], [-44.23986, -20.14713], [-44.23968, -20.14736], [-44.23956, -20.14746], [-44.2395, -20.14743], [-44.23933, -20.14731], [-44.23914, -20.14719], [-44.239, -20.14706], [-44.23891, -20.14694], [-44.2388, -20.14682], [-44.23858, -20.14678], [-44.23836, -20.14671], [-44.23818, -20.14666], [-44.23805, -20.14667], [-44.23768, -20.14676], [-44.23731, -20.14685], [-44.23712, -20.14684], [-44.23692, -20.14684], [-44.23683, -20.14685], [-44.23628, -20.14762], [-44.23603, -20.14797], [-44.23578, -20.14823]]]}}, {"type": "Feature", "properties": {"cd_setor": "310900615000006", "distrito": "Conceição de Itaguá", "situacao": "Urbana", "area_km2": 0.182635398903484, "populacao": 1023.0, "domicilios": 332.0, "esgoto_rede": 81.15501519756839, "agua_rede": 100.0, "lixo_coletado": 100.0}, "geometry": {"type": "Polygon", "coordinates": [[[-44.21767, -20.13677], [-44.21767, -20.1368], [-44.21764, -20.13691], [-44.21761, -20.13705], [-44.21754, -20.13725], [-44.21748, -20.13744], [-44.21742, -20.13759], [-44.21741, -20.13764], [-44.2234, -20.14046], [-44.22345, -20.14049], [-44.22419, -20.13808], [-44.22395, -20.13801], [-44.22367, -20.13797], [-44.22339, -20.13796], [-44.22318, -20.13796], [-44.223, -20.13789], [-44.22274, -20.13781], [-44.22255, -20.13759], [-44.22237, -20.13717], [-44.22221, -20.13694], [-44.222, -20.13672], [-44.22161, -20.1367], [-44.22129, -20.13672], [-44.22101, -20.13671], [-44.22061, -20.13655], [-44.2203, -20.13644], [-44.21992, -20.13627], [-44.21952, -20.13621], [-44.21921, -20.13615], [-44.21907, -20.13609], [-44.21894, -20.13592], [-44.21891, -20.13572], [-44.21896, -20.13556], [-44.21911, -20.13534], [-44.21915, -20.1351], [-44.21838, -20.13501], [-44.21852, -20.13526], [-44.21847, -20.13544], [-44.21837, -20.13572], [-44.21831, -20.13585], [-44.21817, -20.13604], [-44.21811, -20.1362], [-44.218, -20.13637], [-44.21786, -20.13652], [-44.2177, -20.13674], [-44.21767, -20.13677]]]}}, {"type": "Feature", "properties": {"cd_setor": "310900615000007", "distrito": "Conceição de Itaguá", "situacao": "Urbana", "area_km2": 0.079464204484448, "populacao": 558.0, "domicilios": 199.0, "esgoto_rede": 100.0, "agua_rede": 100.0, "lixo_coletado": 100.0}, "geometry": {"type": "Polygon", "coordinates": [[[-44.21374, -20.14013], [-44.21419, -20.14028], [-44.21441, -20.14036], [-44.21461, -20.14044], [-44.21489, -20.14055], [-44.21516, -20.14067], [-44.21536, -20.14081], [-44.21547, -20.1409], [-44.2156, -20.14104], [-44.21569, -20.14117], [-44.21588, -20.14147], [-44.21591, -20.14158], [-44.21595, -20.14173], [-44.21598, -20.14192], [-44.21599, -20.14207], [-44.21597, -20.14228], [-44.21596, -20.14243], [-44.2157, -20.14353], [-44.21569, -20.14358], [-44.21565, -20.14371], [-44.21539, -20.14367], [-44.2153, -20.14394], [-44.2152, -20.14415], [-44.21518, -20.1442], [-44.21529, -20.14432], [-44.21533, -20.14437], [-44.21544, -20.14453], [-44.21551, -20.14466], [-44.21577, -20.14504], [-44.21597, -20.14483], [-44.21606, -20.14441], [-44.21617, -20.14398], [-44.21632, -20.14334], [-44.21638, -20.14305], [-44.21646, -20.14276], [-44.2165, -20.14252], [-44.21656, -20.14216], [-44.21649, -20.14185], [-44.21638, -20.14131], [-44.2163, -20.14092], [-44.2161, -20.14013], [-44.21605, -20.13985], [-44.21597, -20.13955], [-44.21587, -20.13917], [-44.21583, -20.13896], [-44.21613, -20.13876], [-44.2152, -20.13797], [-44.21494, -20.13825], [-44.21458, -20.13867], [-44.21432, -20.139], [-44.21413, -20.13928], [-44.21405, -20.13941], [-44.21395, -20.13964], [-44.21388, -20.13978], [-44.21374, -20.14013]]]}}, {"type": "Feature", "properties": {"cd_setor": "310900615000008", "distrito": "Conceição de Itaguá", "situacao": "Urbana", "area_km2": 0.121861780680547, "populacao": 645.0, "domicilios": 226.0, "esgoto_rede": 100.0, "agua_rede": 100.0, "lixo_coletado": 100.0}, "geometry": {"type": "Polygon", "coordinates": [[[-44.2152, -20.13797], [-44.21613, -20.13876], [-44.21583, -20.13896], [-44.21587, -20.13917], [-44.21597, -20.13955], [-44.21605, -20.13985], [-44.2161, -20.14013], [-44.2163, -20.14092], [-44.21638, -20.14131], [-44.21649, -20.14185], [-44.21656, -20.14216], [-44.21664, -20.14243], [-44.21668, -20.14261], [-44.21672, -20.14278], [-44.21676, -20.14294], [-44.21681, -20.14316], [-44.21687, -20.14339], [-44.21696, -20.14357], [-44.21715, -20.14382], [-44.21732, -20.144], [-44.21744, -20.14417], [-44.21751, -20.14414], [-44.21769, -20.14399], [-44.21788, -20.14389], [-44.21804, -20.14386], [-44.21818, -20.14387], [-44.21831, -20.14391], [-44.21863, -20.14403], [-44.21885, -20.14414], [-44.21907, -20.14427], [-44.21931, -20.14442], [-44.21947, -20.14457], [-44.21961, -20.14475], [-44.21975, -20.14494], [-44.21981, -20.14508], [-44.21984, -20.14517], [-44.21988, -20.14526], [-44.21995, -20.14531], [-44.22017, -20.14536], [-44.22038, -20.14543], [-44.22037, -20.14511], [-44.22037, -20.14459], [-44.22069, -20.14433], [-44.22064, -20.14414], [-44.2206, -20.14393], [-44.22056, -20.14369], [-44.22052, -20.14347], [-44.22046, -20.14339], [-44.2204, -20.14335], [-44.22034, -20.14334], [-44.22024, -20.14337], [-44.22006, -20.14349], [-44.21991, -20.14359], [-44.21974, -20.14365], [-44.21955, -20.14365], [-44.21935, -20.14365], [-44.21916, -20.14357], [-44.21902, -20.14354], [-44.21888, -20.14356], [-44.21862, -20.14354], [-44.21843, -20.14339], [-44.21832, -20.14326], [-44.21819, -20.14309], [-44.21808, -20.14294], [-44.21799, -20.14278], [-44.2179, -20.14254], [-44.21783, -20.14242], [-44.21772, -20.14232], [-44.21756, -20.14215], [-44.2175, -20.14206], [-44.21742, -20.14193], [-44.21736, -20.14184], [-44.21729, -20.14174], [-44.21723, -20.1416], [-44.21716, -20.14147], [-44.21708, -20.14127], [-44.21704, -20.14107], [-44.21704, -20.14088], [-44.21706, -20.1407], [-44.21709, -20.14055], [-44.21712, -20.14037], [-44.21712, -20.14024], [-44.21713, -20.14009], [-44.2171, -20.1399], [-44.21706, -20.1397], [-44.21701, -20.13954], [-44.21697, -20.13936], [-44.21693, -20.13915], [-44.21692, -20.13901], [-44.21689, -20.13889], [-44.21682, -20.13871], [-44.21676, -20.13849], [-44.21682, -20.13833], [-44.21701, -20.13815], [-44.21723, -20.138], [-44.21732, -20.1379], [-44.21741, -20.13764], [-44.21742, -20.13759], [-44.21748, -20.13744], [-44.21754, -20.13725], [-44.21761, -20.13705], [-44.21764, -20.13691], [-44.21767, -20.1368], [-44.21767, -20.13677], [-44.2173, -20.13687], [-44.21702, -20.13699], [-44.21674, -20.13702], [-44.21653, -20.13706], [-44.21629, -20.13712], [-44.21617, -20.13718], [-44.21598, -20.13728], [-44.21576, -20.13744], [-44.21555, -20.13761], [-44.21535, -20.13781], [-44.2152, -20.13797]]]}}, {"type": "Feature", "properties": {"cd_setor": "310900615000009", "distrito": "Conceição de Itaguá", "situacao": "Urbana", "area_km2": 0.188590397073311, "populacao": 604.0, "domicilios": 202.0, "esgoto_rede": 95.02487562189054, "agua_rede": 100.0, "lixo_coletado": 100.0}, "geometry": {"type": "Polygon", "coordinates": [[[-44.21577, -20.14504], [-44.21626, -20.14559], [-44.2167, -20.14605], [-44.21694, -20.14632], [-44.21713, -20.14656], [-44.21735, -20.14687], [-44.21749, -20.14711], [-44.21782, -20.14765], [-44.21819, -20.14819], [-44.21832, -20.14835], [-44.21851, -20.14854], [-44.21882, -20.14882], [-44.21922, -20.14904], [-44.21948, -20.14914], [-44.21953, -20.14854], [-44.2196, -20.14805], [-44.21967, -20.14768], [-44.21973, -20.14746], [-44.21984, -20.14727], [-44.22003, -20.14706], [-44.22019, -20.14688], [-44.22036, -20.14677], [-44.22065, -20.14649], [-44.22105, -20.14604], [-44.22133, -20.14572], [-44.22152, -20.14551], [-44.22183, -20.14509], [-44.22175, -20.14503], [-44.22158, -20.14497], [-44.22135, -20.14493], [-44.22118, -20.1449], [-44.22103, -20.14482], [-44.22094, -20.14472], [-44.2208, -20.14454], [-44.22069, -20.14433], [-44.22037, -20.14459], [-44.22037, -20.14511], [-44.22038, -20.14543], [-44.22017, -20.14536], [-44.21995, -20.14531], [-44.21988, -20.14526], [-44.21984, -20.14517], [-44.21981, -20.14508], [-44.21975, -20.14494], [-44.21961, -20.14475], [-44.21947, -20.14457], [-44.21931, -20.14442], [-44.21907, -20.14427], [-44.21885, -20.14414], [-44.21863, -20.14403], [-44.21831, -20.14391], [-44.21818, -20.14387], [-44.21804, -20.14386], [-44.21788, -20.14389], [-44.21769, -20.14399], [-44.21751, -20.14414], [-44.21744, -20.14417], [-44.21732, -20.144], [-44.21715, -20.14382], [-44.21696, -20.14357], [-44.21687, -20.14339], [-44.21681, -20.14316], [-44.21676, -20.14294], [-44.21672, -20.14278], [-44.21668, -20.14261], [-44.21664, -20.14243], [-44.21656, -20.14216], [-44.2165, -20.14252], [-44.21646, -20.14276], [-44.21638, -20.14305], [-44.21632, -20.14334], [-44.21617, -20.14398], [-44.21606, -20.14441], [-44.21597, -20.14483], [-44.21577, -20.14504]]]}}, {"type": "Feature", "properties": {"cd_setor": "310900615000010", "distrito": "Conceição de Itaguá", "situacao": "Rural", "area_km2": 5.661646417995002, "populacao": 20.0, "domicilios": 8.0, "esgoto_rede": 0.0, "agua_rede": 37.5, "lixo_coletado": 100.0}, "geometry": {"type": "Polygon", "coordinates": [[[-44.24403, -20.15548], [-44.24066, -20.15828], [-44.24031, -20.15839], [-44.23903, -20.15868], [-44.2383, -20.15872], [-44.23771, -20.15864], [-44.23684, -20.15844], [-44.23604, -20.15846], [-44.23388, -20.15853], [-44.23209, -20.15834], [-44.23119, -20.15824], [-44.2299, -20.15842], [-44.22914, -20.15866], [-44.22832, -20.15916], [-44.22883, -20.15973], [-44.22955, -20.16012], [-44.22976, -20.16028], [-44.22995, -20.16044], [-44.23016, -20.16058], [-44.23036, -20.1607], [-44.23062, -20.1608], [-44.23086, -20.16094], [-44.23116, -20.16106], [-44.23141, -20.16115], [-44.23169, -20.16125], [-44.23197, -20.16137], [-44.23222, -20.16146], [-44.23241, -20.16159], [-44.23262, -20.16175], [-44.23278, -20.16196], [-44.23296, -20.1622], [-44.23307, -20.16241], [-44.23315, -20.16266], [-44.23323, -20.16293], [-44.23332, -20.16321], [-44.2334, -20.1635], [-44.23348, -20.16377], [-44.23349, -20.16402], [-44.23352, -20.16429], [-44.23354, -20.16456], [-44.2336, -20.16487], [-44.23367, -20.16512], [-44.23377, -20.16543], [-44.23386, -20.1657], [-44.23397, -20.16595], [-44.23409, -20.16615], [-44.23426, -20.1664], [-44.23439, -20.1666], [-44.23452, -20.16684], [-44.23474, -20.16726], [-44.23485, -20.16749], [-44.23502, -20.16776], [-44.2352, -20.16805], [-44.23537, -20.1684], [-44.2355, -20.16868], [-44.23556, -20.1689], [-44.23555, -20.16913], [-44.23551, -20.16941], [-44.2355, -20.17005], [-44.23553, -20.1703], [-44.23555, -20.17061], [-44.23556, -20.17084], [-44.23556, -20.1712], [-44.23565, -20.17146], [-44.23569, -20.1717], [-44.23567, -20.17206], [-44.23565, -20.17232], [-44.2356, -20.17257], [-44.23547, -20.17286], [-44.23541, -20.17309], [-44.2353, -20.17338], [-44.23514, -20.17367], [-44.23492, -20.1738], [-44.23477, -20.17397], [-44.23453, -20.17399], [-44.2343, -20.17414], [-44.23402, -20.17421], [-44.23378, -20.17428], [-44.23348, -20.17436], [-44.23326, -20.17444], [-44.23303, -20.1745], [-44.23284, -20.17464], [-44.23264, -20.17474], [-44.23245, -20.17492], [-44.23225, -20.17504], [-44.23209, -20.1752], [-44.23187, -20.17533], [-44.23169, -20.17552], [-44.23152, -20.17572], [-44.23136, -20.17589], [-44.2312, -20.1761], [-44.23104, -20.17626], [-44.23084, -20.17642], [-44.23044, -20.17676], [-44.2303, -20.17698], [-44.23019, -20.17721], [-44.23018, -20.17744], [-44.23032, -20.17763], [-44.23049, -20.17783], [-44.23068, -20.178], [-44.23095, -20.17813], [-44.23119, -20.17823], [-44.23144, -20.17829], [-44.2317, -20.17838], [-44.23197, -20.17846], [-44.23222, -20.1785], [-44.23245, -20.17854], [-44.23277, -20.17858], [-44.23313, -20.17859], [-44.23341, -20.17861], [-44.23403, -20.17862], [-44.23435, -20.17866], [-44.23475, -20.17859], [-44.23499, -20.17859], [-44.23532, -20.17863], [-44.23561, -20.17871], [-44.23586, -20.17884], [-44.23609, -20.179], [-44.23628, -20.17909], [-44.23649, -20.1792], [-44.23675, -20.17933], [-44.23696, -20.17945], [-44.23723, -20.17954], [-44.23749, -20.17959], [-44.23773, -20.17969], [-44.23796, -20.17982], [-44.23821, -20.17994], [-44.23844, -20.18003], [-44.23866, -20.18021], [-44.23887, -20.18036], [-44.23906, -20.18049], [-44.23929, -20.18066], [-44.23952, -20.18083], [-44.23972, -20.18094], [-44.23994, -20.18111], [-44.24009, -20.18129], [-44.23994, -20.18161], [-44.24002, -20.18193], [-44.2402, -20.18258], [-44.24055, -20.18332], [-44.24086, -20.18396], [-44.24102, -20.18481], [-44.24102, -20.18515], [-44.24093, -20.18534], [-44.24067, -20.18568], [-44.24229, -20.18456], [-44.24385, -20.1843], [-44.24773, -20.18437], [-44.24828, -20.18349], [-44.24851, -20.18328], [-44.24874, -20.18323], [-44.2499, -20.18312], [-44.2504, -20.18227], [-44.25097, -20.1815], [-44.25076, -20.18094], [-44.2509, -20.18031], [-44.25104, -20.18009], [-44.25112, -20.17951], [-44.25141, -20.17894], [-44.25139, -20.17866], [-44.25111, -20.17807], [-44.25108, -20.17747], [-44.25145, -20.17676], [-44.25142, -20.1765], [-44.25141, -20.17534], [-44.25271, -20.17439], [-44.25206, -20.17387], [-44.25153, -20.17347], [-44.25104, -20.17317], [-44.25064, -20.17294], [-44.25037, -20.17278], [-44.25021, -20.17267], [-44.2501, -20.17257], [-44.24977, -20.1723], [-44.24942, -20.17201], [-44.24924, -20.1719], [-44.24903, -20.17179], [-44.24867, -20.17164], [-44.2483, -20.17152], [-44.248, -20.17144], [-44.24778, -20.17141], [-44.24752, -20.1714], [-44.24727, -20.17136], [-44.24708, -20.17132], [-44.24698, -20.17127], [-44.24692, -20.1712], [-44.24687, -20.17108], [-44.24682, -20.17086], [-44.24668, -20.17062], [-44.24655, -20.17026], [-44.2465, -20.16997], [-44.2465, -20.16964], [-44.24641, -20.16946], [-44.24627, -20.16926], [-44.24623, -20.16918], [-44.24688, -20.16881], [-44.24741, -20.16855], [-44.24799, -20.16836], [-44.24832, -20.16825], [-44.24916, -20.16818], [-44.24963, -20.16804], [-44.24975, -20.16797], [-44.24981, -20.16788], [-44.24977, -20.16763], [-44.2497, -20.16725], [-44.24969, -20.16703], [-44.24982, -20.1664], [-44.24981, -20.16586], [-44.24986, -20.16532], [-44.25067, -20.16534], [-44.25129, -20.16548], [-44.25138, -20.16544], [-44.2515, -20.16509], [-44.25153, -20.16473], [-44.25157, -20.16449], [-44.25166, -20.16418], [-44.25174, -20.16393], [-44.25179, -20.16361], [-44.25187, -20.16346], [-44.25194, -20.16333], [-44.25217, -20.16312], [-44.25224, -20.16301], [-44.25232, -20.16286], [-44.25257, -20.1626], [-44.25276, -20.16251], [-44.25285, -20.16246], [-44.25319, -20.16213], [-44.25341, -20.16172], [-44.25351, -20.16147], [-44.25364, -20.16132], [-44.25387, -20.16109], [-44.25396, -20.16104], [-44.25403, -20.16103], [-44.25408, -20.16099], [-44.25408, -20.16089], [-44.25411, -20.1608], [-44.25425, -20.16074], [-44.25436, -20.16071], [-44.25445, -20.16069], [-44.25449, -20.16061], [-44.25454, -20.1603], [-44.25456, -20.16014], [-44.25454, -20.15995], [-44.25451, -20.15981], [-44.25453, -20.15967], [-44.25458, -20.15957], [-44.25467, -20.1595], [-44.25721, -20.16078], [-44.25943, -20.16213], [-44.25991, -20.16034], [-44.2595, -20.15933], [-44.25918, -20.15808], [-44.25908, -20.15743], [-44.2589, -20.1568], [-44.25897, -20.15652], [-44.25892, -20.15618], [-44.25881, -20.15603], [-44.25865, -20.156], [-44.25829, -20.15609], [-44.25799, -20.15604], [-44.25735, -20.15558], [-44.25698, -20.15543], [-44.25661, -20.15543], [-44.25568, -20.15502], [-44.25438, -20.15438], [-44.25348, -20.15387], [-44.25147, -20.15488], [-44.24944, -20.15523], [-44.24863, -20.15533], [-44.24751, -20.15548], [-44.24551, -20.1555], [-44.24403, -20.15548]]]}}, {"type": "Feature", "properties": {"cd_setor": "310900615000011", "distrito": "Conceição de Itaguá", "situacao": "Rural", "area_km2": 69.02466016561978, "populacao": 46.0, "domicilios": 21.0, "esgoto_rede": 50.0, "agua_rede": 42.857142857142854, "lixo_coletado": 100.0}, "geometry": {"type": "Polygon", "coordinates": [[[-44.25236, -20.14084], [-44.25088, -20.14433], [-44.24949, -20.14559], [-44.24963, -20.14673], [-44.24998, -20.14972], [-44.25017, -20.14992], [-44.25058, -20.15042], [-44.25076, -20.15067], [-44.25085, -20.15079], [-44.25104, -20.15106], [-44.25113, -20.15126], [-44.25134, -20.15163], [-44.25156, -20.15204], [-44.25167, -20.15219], [-44.25187, -20.15236], [-44.25239, -20.15283], [-44.25273, -20.15311], [-44.25299, -20.15338], [-44.25321, -20.1536], [-44.25348, -20.15387], [-44.25438, -20.15438], [-44.25568, -20.15502], [-44.25661, -20.15543], [-44.25698, -20.15543], [-44.25735, -20.15558], [-44.25799, -20.15604], [-44.25829, -20.15609], [-44.25865, -20.156], [-44.25881, -20.15603], [-44.25892, -20.15618], [-44.25897, -20.15652], [-44.2589, -20.1568], [-44.25908, -20.15743], [-44.25918, -20.15808], [-44.2595, -20.15933], [-44.25991, -20.16034], [-44.25943, -20.16213], [-44.25927, -20.16273], [-44.25898, -20.16317], [-44.25859, -20.16375], [-44.25797, -20.1647], [-44.2577, -20.16511], [-44.25751, -20.16545], [-44.25726, -20.16591], [-44.25721, -20.16619], [-44.25711, -20.16671], [-44.25715, -20.16707], [-44.25722, -20.16737], [-44.25762, -20.16806], [-44.25763, -20.16813], [-44.25761, -20.16822], [-44.25719, -20.16896], [-44.25724, -20.16959], [-44.25647, -20.17008], [-44.25603, -20.17051], [-44.25548, -20.17109], [-44.25501, -20.17159], [-44.25459, -20.17209], [-44.25449, -20.17219], [-44.25436, -20.17222], [-44.25422, -20.17223], [-44.25404, -20.1723], [-44.25391, -20.17237], [-44.25386, -20.17241], [-44.2536, -20.17275], [-44.25356, -20.17284], [-44.25358, -20.17296], [-44.25366, -20.17314], [-44.25374, -20.17326], [-44.25375, -20.17333], [-44.25298, -20.17424], [-44.25287, -20.17435], [-44.25271, -20.17439], [-44.25141, -20.17534], [-44.25142, -20.1765], [-44.25145, -20.17676], [-44.25108, -20.17747], [-44.25111, -20.17807], [-44.25139, -20.17866], [-44.25141, -20.17894], [-44.25112, -20.17951], [-44.25104, -20.18009], [-44.2509, -20.18031], [-44.25076, -20.18094], [-44.25097, -20.1815], [-44.2504, -20.18227], [-44.2499, -20.18312], [-44.24874, -20.18323], [-44.24851, -20.18328], [-44.24828, -20.18349], [-44.24773, -20.18437], [-44.24385, -20.1843], [-44.24229, -20.18456], [-44.24067, -20.18568], [-44.24043, -20.18623], [-44.24022, -20.18661], [-44.24005, -20.18704], [-44.23997, -20.18738], [-44.2398, -20.18768], [-44.23964, -20.18815], [-44.23949, -20.18851], [-44.23925, -20.18913], [-44.23906, -20.18971], [-44.2391, -20.19013], [-44.23918, -20.19046], [-44.2392, -20.19074], [-44.23924, -20.19109], [-44.23936, -20.19146], [-44.23953, -20.19208], [-44.23969, -20.19262], [-44.23973, -20.19282], [-44.23967, -20.19303], [-44.23949, -20.19351], [-44.2393, -20.19396], [-44.23928, -20.19425], [-44.23925, -20.19456], [-44.23918, -20.195], [-44.239, -20.19556], [-44.23886, -20.19581], [-44.23856, -20.19611], [-44.23824, -20.19635], [-44.23797, -20.19667], [-44.2378, -20.19699], [-44.23776, -20.19732], [-44.23744, -20.19796], [-44.23724, -20.19813], [-44.23701, -20.19831], [-44.23678, -20.19845], [-44.23655, -20.19854], [-44.23627, -20.19859], [-44.23546, -20.19869], [-44.23514, -20.19874], [-44.23486, -20.1988], [-44.23463, -20.19888], [-44.23438, -20.19886], [-44.23417, -20.19901], [-44.234, -20.19916], [-44.23386, -20.1994], [-44.23378, -20.19968], [-44.23374, -20.19992], [-44.23371, -20.20014], [-44.2337, -20.20134], [-44.23374, -20.20163], [-44.23376, -20.20186], [-44.23376, -20.2026], [-44.23373, -20.20283], [-44.23373, -20.2033], [-44.23374, -20.20354], [-44.23375, -20.20378], [-44.23378, -20.20405], [-44.23378, -20.2049], [-44.23374, -20.20515], [-44.23367, -20.20537], [-44.23353, -20.20562], [-44.2334, -20.20585], [-44.23325, -20.20605], [-44.23309, -20.20629], [-44.23291, -20.20645], [-44.23266, -20.20663], [-44.23237, -20.20674], [-44.2321, -20.20682], [-44.23178, -20.20698], [-44.23155, -20.20718], [-44.23134, -20.20741], [-44.23121, -20.20764], [-44.23114, -20.20789], [-44.23109, -20.20813], [-44.23102, -20.20836], [-44.23095, -20.20859], [-44.23084, -20.20893], [-44.23077, -20.20918], [-44.23074, -20.2094], [-44.23058, -20.20966], [-44.23049, -20.20988], [-44.23032, -20.21006], [-44.23011, -20.21023], [-44.22989, -20.21041], [-44.2296, -20.21056], [-44.22935, -20.2106], [-44.22911, -20.21065], [-44.22892, -20.21077], [-44.22857, -20.21112], [-44.22845, -20.21134], [-44.22842, -20.21161], [-44.22844, -20.21187], [-44.22859, -20.21217], [-44.22873, -20.21239], [-44.22885, -20.21262], [-44.22895, -20.21283], [-44.22906, -20.21313], [-44.22925, -20.21334], [-44.22948, -20.21348], [-44.22976, -20.21366], [-44.22996, -20.2138], [-44.23019, -20.21397], [-44.2304, -20.21411], [-44.23064, -20.21427], [-44.23083, -20.21449], [-44.23102, -20.2147], [-44.2312, -20.2149], [-44.23144, -20.21512], [-44.23159, -20.21536], [-44.23179, -20.2155], [-44.23223, -20.21576], [-44.23247, -20.21589], [-44.23276, -20.21596], [-44.23305, -20.21603], [-44.2333, -20.21612], [-44.23352, -20.2162], [-44.2338, -20.21632], [-44.23405, -20.21638], [-44.2344, -20.21651], [-44.23461, -20.21661], [-44.2351, -20.21685], [-44.2354, -20.21699], [-44.23567, -20.21715], [-44.23586, -20.2173], [-44.23605, -20.21752], [-44.23618, -20.21774], [-44.2363, -20.21799], [-44.23639, -20.21824], [-44.23645, -20.21847], [-44.23649, -20.21876], [-44.2365, -20.21904], [-44.2365, -20.21929], [-44.23645, -20.21962], [-44.23625, -20.21982], [-44.23614, -20.22005], [-44.23605, -20.22033], [-44.23593, -20.22056], [-44.23579, -20.22075], [-44.2357, -20.22098], [-44.23559, -20.22125], [-44.23555, -20.22148], [-44.2355, -20.22174], [-44.23551, -20.22201], [-44.23553, -20.22225], [-44.23553, -20.22277], [-44.23552, -20.22301], [-44.23545, -20.2233], [-44.23532, -20.22364], [-44.23522, -20.22387], [-44.23496, -20.22435], [-44.23476, -20.22458], [-44.23456, -20.2248], [-44.23446, -20.225], [-44.23433, -20.22527], [-44.23423, -20.2255], [-44.23413, -20.22576], [-44.23406, -20.22599], [-44.23397, -20.22627], [-44.23388, -20.22652], [-44.23381, -20.22677], [-44.23373, -20.22707], [-44.23363, -20.22734], [-44.23355, -20.22756], [-44.23345, -20.22777], [-44.23337, -20.22797], [-44.23329, -20.2282], [-44.23323, -20.22846], [-44.23313, -20.22872], [-44.23307, -20.22895], [-44.23301, -20.22924], [-44.23299, -20.2295], [-44.23297, -20.22975], [-44.23297, -20.23053], [-44.233, -20.23083], [-44.23307, -20.23137], [-44.23311, -20.23161], [-44.23314, -20.2319], [-44.23318, -20.23212], [-44.23317, -20.23288], [-44.23324, -20.23305], [-44.23334, -20.23328], [-44.23344, -20.23349], [-44.23354, -20.23373], [-44.2337, -20.23397], [-44.23386, -20.23416], [-44.23399, -20.2344], [-44.23417, -20.23467], [-44.23434, -20.23494], [-44.23443, -20.23517], [-44.23445, -20.2354], [-44.23447, -20.23566], [-44.23446, -20.23597], [-44.23439, -20.23626], [-44.23439, -20.23679], [-44.23435, -20.2371], [-44.23433, -20.23736], [-44.23431, -20.23758], [-44.23429, -20.23784], [-44.23428, -20.2381], [-44.23427, -20.23841], [-44.23427, -20.23871], [-44.23426, -20.23969], [-44.23423, -20.23992], [-44.23418, -20.24014], [-44.23415, -20.24039], [-44.23412, -20.2406], [-44.23411, -20.24082], [-44.23412, -20.24106], [-44.23407, -20.24127], [-44.23394, -20.2415], [-44.23388, -20.24172], [-44.2338, -20.24199], [-44.23373, -20.24221], [-44.23363, -20.24247], [-44.23358, -20.2427], [-44.23345, -20.243], [-44.23334, -20.24324], [-44.23322, -20.24351], [-44.23309, -20.24371], [-44.23295, -20.24394], [-44.2328, -20.24413], [-44.23264, -20.24438], [-44.23251, -20.24459], [-44.23241, -20.24485], [-44.23228, -20.24512], [-44.23215, -20.24544], [-44.23208, -20.24566], [-44.23205, -20.24589], [-44.23203, -20.24611], [-44.23206, -20.24634], [-44.23212, -20.24659], [-44.2322, -20.24685], [-44.23231, -20.24704], [-44.23247, -20.24722], [-44.23264, -20.24747], [-44.2328, -20.24765], [-44.233, -20.2478], [-44.23306, -20.24783], [-44.23325, -20.24793], [-44.23345, -20.24807], [-44.2337, -20.24821], [-44.23395, -20.24821], [-44.23424, -20.24826], [-44.23447, -20.24837], [-44.2347, -20.2485], [-44.23492, -20.24865], [-44.23511, -20.24878], [-44.23532, -20.24893], [-44.23542, -20.24915], [-44.2355, -20.24937], [-44.23555, -20.24959], [-44.23556, -20.24975], [-44.23571, -20.25009], [-44.23587, -20.25025], [-44.23606, -20.25039], [-44.23629, -20.25054], [-44.23652, -20.25062], [-44.23677, -20.25066], [-44.237, -20.2507], [-44.23752, -20.25084], [-44.23779, -20.2509], [-44.23805, -20.25094], [-44.23829, -20.251], [-44.23859, -20.25105], [-44.23884, -20.25112], [-44.23906, -20.25121], [-44.23931, -20.25137], [-44.23948, -20.25153], [-44.23966, -20.25167], [-44.23985, -20.25184], [-44.24002, -20.25205], [-44.2402, -20.2522], [-44.24035, -20.25239], [-44.24056, -20.25264], [-44.24069, -20.25285], [-44.24094, -20.25296], [-44.24111, -20.2532], [-44.24135, -20.25346], [-44.24155, -20.25366], [-44.24177, -20.25383], [-44.24199, -20.25403], [-44.24218, -20.2542], [-44.24236, -20.25436], [-44.24262, -20.25456], [-44.24283, -20.25473], [-44.24304, -20.25489], [-44.24323, -20.25507], [-44.24353, -20.25528], [-44.24378, -20.25546], [-44.24399, -20.25558], [-44.24421, -20.25575], [-44.24442, -20.25589], [-44.24463, -20.25601], [-44.24489, -20.2561], [-44.24515, -20.2562], [-44.24538, -20.25616], [-44.24562, -20.25607], [-44.24585, -20.25603], [-44.24643, -20.25602], [-44.24668, -20.25608], [-44.24686, -20.25628], [-44.24698, -20.25648], [-44.24709, -20.25668], [-44.24723, -20.2569], [-44.24741, -20.25715], [-44.24754, -20.25734], [-44.24777, -20.25758], [-44.24795, -20.25772], [-44.24816, -20.25784], [-44.24839, -20.25789], [-44.24862, -20.25787], [-44.24887, -20.25781], [-44.24912, -20.25773], [-44.24935, -20.25764], [-44.24957, -20.25756], [-44.24978, -20.25742], [-44.25031, -20.25708], [-44.25052, -20.25695], [-44.25076, -20.25677], [-44.25104, -20.25655], [-44.25126, -20.25644], [-44.2515, -20.25631], [-44.25178, -20.25621], [-44.25203, -20.25628], [-44.25227, -20.25637], [-44.25247, -20.25657], [-44.25267, -20.25672], [-44.25294, -20.25672], [-44.25321, -20.25654], [-44.25335, -20.25636], [-44.25353, -20.25612], [-44.2538, -20.25559], [-44.25391, -20.25532], [-44.254, -20.25511], [-44.25411, -20.2549], [-44.25423, -20.25467], [-44.25431, -20.25446], [-44.25445, -20.25427], [-44.25464, -20.25412], [-44.25484, -20.25398], [-44.25508, -20.25388], [-44.25534, -20.25383], [-44.2556, -20.25375], [-44.25584, -20.25372], [-44.2561, -20.25371], [-44.25635, -20.25367], [-44.25661, -20.2536], [-44.25683, -20.2537], [-44.2571, -20.25366], [-44.25734, -20.25355], [-44.25754, -20.25334], [-44.25767, -20.25302], [-44.25775, -20.25274], [-44.25783, -20.25248], [-44.25795, -20.2522], [-44.25804, -20.25199], [-44.25817, -20.25175], [-44.25831, -20.25153], [-44.25852, -20.25134], [-44.25875, -20.2512], [-44.25905, -20.2511], [-44.25933, -20.25104], [-44.25954, -20.25091], [-44.25978, -20.25076], [-44.26, -20.25065], [-44.26022, -20.2505], [-44.26044, -20.25042], [-44.26069, -20.2504], [-44.26095, -20.25038], [-44.26127, -20.25038], [-44.26154, -20.25037], [-44.26182, -20.25037], [-44.26205, -20.25026], [-44.26229, -20.25022], [-44.26253, -20.25021], [-44.26378, -20.25021], [-44.26413, -20.25038], [-44.26444, -20.25039], [-44.26511, -20.2504], [-44.26534, -20.25041], [-44.26593, -20.25041], [-44.26621, -20.25042], [-44.26644, -20.25048], [-44.26675, -20.25065], [-44.26662, -20.25016], [-44.26651, -20.24991], [-44.26644, -20.24967], [-44.2663, -20.24933], [-44.26619, -20.24913], [-44.26606, -20.24882], [-44.26596, -20.24856], [-44.26591, -20.24827], [-44.26589, -20.24801], [-44.26589, -20.2475], [-44.26591, -20.24728], [-44.26597, -20.24702], [-44.26603, -20.24676], [-44.26608, -20.24653], [-44.26618, -20.24628], [-44.26624, -20.24604], [-44.26634, -20.24567], [-44.26638, -20.24543], [-44.26641, -20.24512], [-44.26644, -20.24475], [-44.26645, -20.24443], [-44.26645, -20.24411], [-44.26646, -20.24387], [-44.26649, -20.24353], [-44.26652, -20.24329], [-44.26653, -20.24306], [-44.26657, -20.2428], [-44.26661, -20.24242], [-44.26663, -20.24218], [-44.26668, -20.24195], [-44.26673, -20.24167], [-44.26686, -20.24111], [-44.26688, -20.2408], [-44.26701, -20.24044], [-44.26713, -20.24007], [-44.26725, -20.23973], [-44.2673, -20.2394], [-44.2673, -20.23914], [-44.26742, -20.23887], [-44.26758, -20.23862], [-44.26768, -20.23841], [-44.26779, -20.23818], [-44.26788, -20.23797], [-44.26799, -20.23777], [-44.26816, -20.23755], [-44.26834, -20.23728], [-44.26849, -20.23707], [-44.26869, -20.23683], [-44.26888, -20.2365], [-44.26903, -20.23627], [-44.26914, -20.23608], [-44.26926, -20.23582], [-44.26939, -20.23559], [-44.26946, -20.23528], [-44.26949, -20.23496], [-44.26949, -20.23441], [-44.26944, -20.23406], [-44.26935, -20.23382], [-44.2693, -20.23358], [-44.26929, -20.23331], [-44.2693, -20.23203], [-44.26938, -20.23171], [-44.26941, -20.23145], [-44.26942, -20.23114], [-44.26944, -20.23092], [-44.26942, -20.2307], [-44.26939, -20.23044], [-44.26934, -20.23016], [-44.26924, -20.22986], [-44.26917, -20.22963], [-44.26912, -20.22936], [-44.26908, -20.22914], [-44.26888, -20.22863], [-44.26882, -20.22839], [-44.26877, -20.22817], [-44.26874, -20.2279], [-44.2687, -20.22767], [-44.26868, -20.22731], [-44.26865, -20.22704], [-44.26861, -20.22673], [-44.26861, -20.2265], [-44.2687, -20.22627], [-44.26885, -20.2261], [-44.26902, -20.22594], [-44.26922, -20.22579], [-44.26939, -20.22561], [-44.26954, -20.22544], [-44.26972, -20.22528], [-44.27009, -20.22494], [-44.27029, -20.22477], [-44.27052, -20.22468], [-44.27075, -20.22458], [-44.27098, -20.22448], [-44.27122, -20.22434], [-44.27148, -20.22429], [-44.27174, -20.22427], [-44.27198, -20.22426], [-44.27245, -20.22424], [-44.27277, -20.22418], [-44.27304, -20.22414], [-44.27328, -20.22409], [-44.27382, -20.224], [-44.27412, -20.22393], [-44.27433, -20.22383], [-44.27456, -20.22374], [-44.27478, -20.22362], [-44.27498, -20.22345], [-44.27515, -20.22329], [-44.27529, -20.22311], [-44.27532, -20.22285], [-44.27536, -20.22263], [-44.27529, -20.2224], [-44.27526, -20.22199], [-44.27523, -20.22174], [-44.2752, -20.22151], [-44.27519, -20.2211], [-44.27518, -20.22078], [-44.27518, -20.22052], [-44.2752, -20.22027], [-44.27529, -20.21997], [-44.2753, -20.21963], [-44.27532, -20.21923], [-44.27534, -20.219], [-44.27539, -20.2187], [-44.27544, -20.21843], [-44.2755, -20.21818], [-44.27557, -20.21789], [-44.27555, -20.21756], [-44.27555, -20.21665], [-44.27554, -20.21634], [-44.27552, -20.21612], [-44.27545, -20.21583], [-44.27534, -20.21554], [-44.27529, -20.21532], [-44.27524, -20.21507], [-44.27524, -20.21458], [-44.27533, -20.21437], [-44.27555, -20.21421], [-44.27575, -20.21408], [-44.27593, -20.21394], [-44.27614, -20.21379], [-44.27631, -20.21363], [-44.27647, -20.21347], [-44.27672, -20.21325], [-44.27683, -20.21305], [-44.27684, -20.21253], [-44.27689, -20.21228], [-44.27698, -20.21205], [-44.27711, -20.21184], [-44.27708, -20.21162], [-44.27707, -20.2114], [-44.27704, -20.21116], [-44.277, -20.21088], [-44.2772, -20.2107], [-44.27738, -20.21055], [-44.27756, -20.2107], [-44.27774, -20.21088], [-44.27795, -20.21105], [-44.2782, -20.21098], [-44.27841, -20.21082], [-44.27862, -20.21068], [-44.27878, -20.21046], [-44.27869, -20.21016], [-44.27876, -20.2099], [-44.27885, -20.2097], [-44.27865, -20.20946], [-44.27848, -20.2093], [-44.27824, -20.20918], [-44.27812, -20.20895], [-44.27803, -20.2087], [-44.27802, -20.20848], [-44.278, -20.20826], [-44.278, -20.20776], [-44.27805, -20.2073], [-44.27805, -20.20704], [-44.278, -20.20682], [-44.27796, -20.20659], [-44.27796, -20.20608], [-44.27805, -20.20587], [-44.27816, -20.20568], [-44.27832, -20.20551], [-44.27843, -20.2053], [-44.27853, -20.20504], [-44.2786, -20.20479], [-44.2787, -20.20453], [-44.27881, -20.2043], [-44.27895, -20.20412], [-44.27917, -20.20399], [-44.2794, -20.20395], [-44.27966, -20.20397], [-44.27991, -20.20388], [-44.28012, -20.20376], [-44.28026, -20.20354], [-44.28025, -20.20331], [-44.28011, -20.20307], [-44.27991, -20.20279], [-44.27975, -20.20259], [-44.27961, -20.20241], [-44.27956, -20.20219], [-44.27956, -20.20195], [-44.27967, -20.20176], [-44.27986, -20.20153], [-44.28002, -20.20137], [-44.28009, -20.20112], [-44.28012, -20.2009], [-44.28012, -20.20065], [-44.28003, -20.20041], [-44.27992, -20.2002], [-44.27986, -20.19997], [-44.27977, -20.19968], [-44.27961, -20.19946], [-44.27936, -20.19935], [-44.27913, -20.1992], [-44.27891, -20.19908], [-44.27867, -20.19895], [-44.27844, -20.19885], [-44.27818, -20.19878], [-44.27793, -20.19875], [-44.27766, -20.19869], [-44.27743, -20.19861], [-44.27721, -20.19852], [-44.27702, -20.19839], [-44.27689, -20.19818], [-44.27678, -20.19795], [-44.27669, -20.19774], [-44.2766, -20.19749], [-44.27647, -20.1972], [-44.27625, -20.19701], [-44.27604, -20.19685], [-44.27587, -20.19668], [-44.27585, -20.19646], [-44.27587, -20.19624], [-44.27585, -20.196], [-44.2757, -20.19578], [-44.27556, -20.19558], [-44.27533, -20.19544], [-44.27512, -20.1953], [-44.27495, -20.19512], [-44.27484, -20.19492], [-44.27475, -20.1947], [-44.27457, -20.19454], [-44.27457, -20.19431], [-44.27465, -20.19407], [-44.27475, -20.19379], [-44.27472, -20.19351], [-44.27463, -20.1933], [-44.27448, -20.19309], [-44.27435, -20.19289], [-44.27408, -20.1928], [-44.27383, -20.19264], [-44.27359, -20.19243], [-44.27339, -20.19227], [-44.27328, -20.19201], [-44.27331, -20.19178], [-44.27337, -20.19153], [-44.27341, -20.1913], [-44.27342, -20.19108], [-44.27345, -20.19083], [-44.27354, -20.19062], [-44.27378, -20.19057], [-44.27404, -20.19056], [-44.27431, -20.19048], [-44.27447, -20.19032], [-44.27458, -20.19006], [-44.27441, -20.18985], [-44.27418, -20.18979], [-44.27415, -20.18957], [-44.27419, -20.18933], [-44.27424, -20.18911], [-44.27426, -20.18867], [-44.27424, -20.18844], [-44.2742, -20.18817], [-44.27417, -20.18788], [-44.27422, -20.18763], [-44.2743, -20.18734], [-44.27431, -20.187], [-44.27434, -20.18675], [-44.27436, -20.18651], [-44.27437, -20.18592], [-44.27436, -20.1857], [-44.27424, -20.18546], [-44.27419, -20.18515], [-44.27415, -20.18487], [-44.27409, -20.1846], [-44.27398, -20.18434], [-44.27384, -20.18408], [-44.27378, -20.18385], [-44.27377, -20.18363], [-44.27377, -20.18336], [-44.2739, -20.18307], [-44.274, -20.18287], [-44.27424, -20.18274], [-44.27445, -20.1826], [-44.27465, -20.18245], [-44.27495, -20.1824], [-44.27518, -20.18235], [-44.27543, -20.18229], [-44.27567, -20.18217], [-44.27589, -20.18209], [-44.2761, -20.18199], [-44.27626, -20.1818], [-44.27645, -20.1816], [-44.27646, -20.18138], [-44.27641, -20.18116], [-44.27629, -20.18093], [-44.27612, -20.18075], [-44.27595, -20.18058], [-44.27594, -20.18035], [-44.27594, -20.18006], [-44.27597, -20.17983], [-44.27611, -20.17966], [-44.27636, -20.1796], [-44.27651, -20.17943], [-44.27666, -20.17923], [-44.27678, -20.179], [-44.27684, -20.17876], [-44.27679, -20.1785], [-44.2768, -20.17826], [-44.27679, -20.17799], [-44.27677, -20.17776], [-44.27678, -20.17753], [-44.2768, -20.17729], [-44.2768, -20.17699], [-44.27684, -20.17672], [-44.27672, -20.17648], [-44.27659, -20.17625], [-44.27659, -20.17596], [-44.2765, -20.17569], [-44.27651, -20.17489], [-44.27647, -20.17457], [-44.27646, -20.17429], [-44.27646, -20.17401], [-44.2766, -20.17376], [-44.27666, -20.17351], [-44.27671, -20.17328], [-44.27686, -20.17306], [-44.27699, -20.1728], [-44.27709, -20.17256], [-44.27712, -20.1723], [-44.27713, -20.17202], [-44.27715, -20.17176], [-44.27705, -20.17154], [-44.27704, -20.17129], [-44.2773, -20.1714], [-44.27753, -20.17152], [-44.27774, -20.17166], [-44.27796, -20.17183], [-44.27813, -20.17203], [-44.27838, -20.17217], [-44.2786, -20.17235], [-44.27883, -20.17252], [-44.2791, -20.17269], [-44.27936, -20.17287], [-44.27956, -20.17305], [-44.27976, -20.17331], [-44.27996, -20.17349], [-44.28014, -20.17363], [-44.28037, -20.17366], [-44.28062, -20.17369], [-44.28076, -20.17388], [-44.28097, -20.17399], [-44.28125, -20.17404], [-44.28143, -20.1742], [-44.28163, -20.17435], [-44.28189, -20.17452], [-44.28191, -20.17482], [-44.28181, -20.1751], [-44.28174, -20.17534], [-44.28174, -20.17557], [-44.28177, -20.17582], [-44.28187, -20.17604], [-44.28205, -20.17618], [-44.28224, -20.17639], [-44.28257, -20.17639], [-44.28281, -20.17624], [-44.28306, -20.1761], [-44.28329, -20.176], [-44.28356, -20.17589], [-44.28381, -20.17587], [-44.28402, -20.17601], [-44.28406, -20.17624], [-44.28406, -20.17648], [-44.28402, -20.17671], [-44.28402, -20.17694], [-44.28406, -20.17716], [-44.28423, -20.17736], [-44.2844, -20.17751], [-44.28469, -20.17752], [-44.28495, -20.17748], [-44.28517, -20.17738], [-44.28541, -20.1774], [-44.28558, -20.17756], [-44.28572, -20.17779], [-44.28584, -20.17801], [-44.28599, -20.17823], [-44.28612, -20.17844], [-44.28626, -20.17863], [-44.28645, -20.17893], [-44.28665, -20.17911], [-44.28693, -20.17916], [-44.2872, -20.17914], [-44.28743, -20.17899], [-44.28763, -20.17882], [-44.28784, -20.17868], [-44.28813, -20.17857], [-44.28839, -20.17847], [-44.28862, -20.17844], [-44.28888, -20.17856], [-44.289, -20.17878], [-44.28929, -20.17877], [-44.28948, -20.17864], [-44.28968, -20.1785], [-44.28973, -20.17827], [-44.28995, -20.17814], [-44.29017, -20.17803], [-44.29026, -20.17782], [-44.29041, -20.17765], [-44.29059, -20.17748], [-44.29069, -20.17722], [-44.2909, -20.17706], [-44.29114, -20.17699], [-44.29138, -20.17696], [-44.29165, -20.17698], [-44.29186, -20.17715], [-44.29205, -20.17732], [-44.2922, -20.17749], [-44.29245, -20.17774], [-44.29267, -20.17794], [-44.29284, -20.17813], [-44.293, -20.1783], [-44.29316, -20.17847], [-44.29336, -20.17863], [-44.29359, -20.17872], [-44.29386, -20.17876], [-44.29425, -20.17877], [-44.29437, -20.17896], [-44.29464, -20.17902], [-44.29489, -20.17907], [-44.29514, -20.17908], [-44.29545, -20.17908], [-44.29568, -20.17905], [-44.29589, -20.17888], [-44.29613, -20.17876], [-44.29632, -20.17864], [-44.29651, -20.17844], [-44.29675, -20.17829], [-44.29697, -20.17818], [-44.29721, -20.17821], [-44.29737, -20.17845], [-44.29741, -20.17867], [-44.29745, -20.17894], [-44.29755, -20.17921], [-44.29772, -20.17936], [-44.29801, -20.17936], [-44.29818, -20.1792], [-44.29822, -20.17898], [-44.29825, -20.17869], [-44.29831, -20.1784], [-44.29821, -20.17816], [-44.2982, -20.17787], [-44.29822, -20.1776], [-44.2984, -20.17742], [-44.29863, -20.17729], [-44.29893, -20.17726], [-44.29922, -20.17727], [-44.29949, -20.17733], [-44.2998, -20.17738], [-44.30005, -20.17744], [-44.3003, -20.17748], [-44.30054, -20.17752], [-44.30085, -20.17756], [-44.3011, -20.17758], [-44.30137, -20.17762], [-44.30163, -20.17771], [-44.30187, -20.1778], [-44.30207, -20.17797], [-44.30218, -20.17817], [-44.30222, -20.17842], [-44.30222, -20.17867], [-44.30229, -20.17893], [-44.30244, -20.17912], [-44.30267, -20.17929], [-44.30293, -20.17935], [-44.30318, -20.17942], [-44.30342, -20.17944], [-44.30365, -20.17948], [-44.30391, -20.1795], [-44.30413, -20.17961], [-44.30466, -20.17984], [-44.30493, -20.17991], [-44.30522, -20.17997], [-44.30553, -20.17999], [-44.3058, -20.18005], [-44.30601, -20.18018], [-44.30612, -20.18041], [-44.30619, -20.1807], [-44.30624, -20.18095], [-44.30624, -20.18126], [-44.30625, -20.18154], [-44.3063, -20.1818], [-44.30637, -20.18206], [-44.30652, -20.18223], [-44.30676, -20.18223], [-44.30684, -20.18201], [-44.30687, -20.18176], [-44.30695, -20.18153], [-44.30705, -20.1813], [-44.30714, -20.18105], [-44.30731, -20.1809], [-44.30754, -20.18089], [-44.30779, -20.18089], [-44.30802, -20.18086], [-44.30824, -20.18078], [-44.30853, -20.18065], [-44.30877, -20.1806], [-44.30903, -20.18053], [-44.30927, -20.18045], [-44.30949, -20.18036], [-44.30982, -20.18043], [-44.3101, -20.18045], [-44.31034, -20.1805], [-44.31059, -20.18055], [-44.31085, -20.18058], [-44.31115, -20.18063], [-44.31139, -20.18061], [-44.31164, -20.18062], [-44.31187, -20.18068], [-44.31218, -20.18073], [-44.31241, -20.18076], [-44.31325, -20.18077], [-44.31349, -20.18072], [-44.31374, -20.18069], [-44.31398, -20.18067], [-44.31424, -20.18059], [-44.31448, -20.18048], [-44.31474, -20.18037], [-44.31496, -20.18029], [-44.31517, -20.18019], [-44.31541, -20.18009], [-44.3157, -20.18004], [-44.31595, -20.17999], [-44.31618, -20.1799], [-44.31634, -20.17974], [-44.31651, -20.17951], [-44.31663, -20.17928], [-44.31673, -20.17907], [-44.31682, -20.1788], [-44.31682, -20.17832], [-44.31683, -20.17807], [-44.31698, -20.17788], [-44.31722, -20.1778], [-44.31749, -20.17779], [-44.31776, -20.17771], [-44.31795, -20.17755], [-44.3181, -20.17736], [-44.31824, -20.17717], [-44.31838, -20.17698], [-44.31853, -20.17681], [-44.3187, -20.17659], [-44.31888, -20.17606], [-44.31908, -20.17592], [-44.3193, -20.17583], [-44.31954, -20.17578], [-44.3198, -20.17577], [-44.32006, -20.17581], [-44.32026, -20.17596], [-44.32046, -20.1761], [-44.32063, -20.17625], [-44.32094, -20.17634], [-44.32116, -20.17643], [-44.32141, -20.17648], [-44.32166, -20.17652], [-44.32197, -20.17653], [-44.32223, -20.17657], [-44.32248, -20.17653], [-44.32282, -20.17642], [-44.32306, -20.17631], [-44.32328, -20.17621], [-44.32357, -20.17601], [-44.32386, -20.17581], [-44.32403, -20.17563], [-44.32416, -20.17544], [-44.3243, -20.1752], [-44.32444, -20.17499], [-44.32447, -20.1747], [-44.32449, -20.17441], [-44.32446, -20.17419], [-44.3244, -20.17392], [-44.32434, -20.17365], [-44.32433, -20.17343], [-44.32448, -20.17326], [-44.32467, -20.17307], [-44.32486, -20.17294], [-44.32506, -20.17276], [-44.32523, -20.17256], [-44.32536, -20.17236], [-44.32571, -20.17202], [-44.32592, -20.17188], [-44.32614, -20.17172], [-44.3264, -20.17185], [-44.32669, -20.17175], [-44.32693, -20.17162], [-44.32711, -20.17147], [-44.32736, -20.17132], [-44.32757, -20.17121], [-44.32776, -20.17108], [-44.32799, -20.17098], [-44.32826, -20.17093], [-44.3285, -20.17095], [-44.32873, -20.17103], [-44.32892, -20.17123], [-44.32909, -20.1714], [-44.32922, -20.17159], [-44.32944, -20.17174], [-44.32967, -20.17183], [-44.32991, -20.17187], [-44.33015, -20.17187], [-44.33041, -20.1719], [-44.33058, -20.17207], [-44.3308, -20.17231], [-44.33093, -20.1725], [-44.33101, -20.17272], [-44.3311, -20.17296], [-44.33122, -20.17316], [-44.33137, -20.17338], [-44.3316, -20.17348], [-44.33186, -20.17349], [-44.33209, -20.17339], [-44.33231, -20.17324], [-44.33245, -20.17303], [-44.33251, -20.17276], [-44.33258, -20.17251], [-44.33263, -20.17228], [-44.33263, -20.17204], [-44.33262, -20.17181], [-44.33259, -20.17156], [-44.33268, -20.17126], [-44.33283, -20.17094], [-44.33287, -20.17083], [-44.33101, -20.17022], [-44.32873, -20.16957], [-44.32317, -20.16891], [-44.32088, -20.16792], [-44.31916, -20.1674], [-44.31762, -20.16643], [-44.31731, -20.16289], [-44.31737, -20.16101], [-44.31602, -20.16003], [-44.31333, -20.15981], [-44.30785, -20.15381], [-44.30746, -20.15145], [-44.30584, -20.14899], [-44.30601, -20.1463], [-44.30639, -20.14404], [-44.30729, -20.14207], [-44.30827, -20.14031], [-44.30856, -20.13892], [-44.30735, -20.1376], [-44.30528, -20.13721], [-44.30369, -20.13671], [-44.30246, -20.13552], [-44.30169, -20.13353], [-44.30206, -20.13288], [-44.30258, -20.13162], [-44.30295, -20.13103], [-44.30354, -20.13018], [-44.30339, -20.1293], [-44.30311, -20.12811], [-44.30287, -20.12724], [-44.30257, -20.12654], [-44.30202, -20.1255], [-44.30109, -20.12393], [-44.30052, -20.12285], [-44.30052, -20.12242], [-44.30075, -20.12202], [-44.30143, -20.12155], [-44.30192, -20.12129], [-44.3022, -20.12102], [-44.30234, -20.1207], [-44.3024, -20.12037], [-44.30233, -20.11987], [-44.30221, -20.11925], [-44.30211, -20.11879], [-44.30218, -20.11834], [-44.30232, -20.11799], [-44.30171, -20.11796], [-44.3012, -20.11795], [-44.30085, -20.11804], [-44.30049, -20.11841], [-44.29987, -20.11903], [-44.29903, -20.11936], [-44.29825, -20.11962], [-44.2977, -20.11984], [-44.29675, -20.1202], [-44.29583, -20.12052], [-44.29492, -20.12117], [-44.29402, -20.12165], [-44.29294, -20.12257], [-44.29203, -20.12305], [-44.29163, -20.12348], [-44.29121, -20.12374], [-44.29044, -20.12382], [-44.28991, -20.12378], [-44.28966, -20.12368], [-44.28949, -20.12331], [-44.28952, -20.12281], [-44.28956, -20.12226], [-44.28938, -20.12205], [-44.28797, -20.12163], [-44.28769, -20.12151], [-44.28727, -20.12112], [-44.28639, -20.12054], [-44.28578, -20.12007], [-44.28501, -20.11962], [-44.28461, -20.11954], [-44.28358, -20.11932], [-44.28225, -20.11909], [-44.28187, -20.11893], [-44.2814, -20.11867], [-44.28106, -20.11833], [-44.28075, -20.11784], [-44.28054, -20.11761], [-44.28026, -20.11758], [-44.28012, -20.11779], [-44.28018, -20.11816], [-44.28026, -20.11843], [-44.28008, -20.11872], [-44.27982, -20.11887], [-44.27913, -20.11894], [-44.27893, -20.11886], [-44.27873, -20.1186], [-44.27852, -20.11831], [-44.2783, -20.1182], [-44.27808, -20.11828], [-44.2779, -20.1185], [-44.27788, -20.11874], [-44.27806, -20.11901], [-44.27813, -20.11924], [-44.278, -20.11939], [-44.27782, -20.11947], [-44.27752, -20.11948], [-44.27603, -20.11926], [-44.27555, -20.11931], [-44.27533, -20.11975], [-44.27511, -20.11993], [-44.27469, -20.11991], [-44.27408, -20.11977], [-44.27364, -20.11958], [-44.27339, -20.11956], [-44.27321, -20.11967], [-44.27312, -20.11993], [-44.27328, -20.12064], [-44.2734, -20.12097], [-44.27319, -20.12134], [-44.27293, -20.1214], [-44.27247, -20.12128], [-44.27193, -20.12127], [-44.27168, -20.12119], [-44.27137, -20.12102], [-44.27104, -20.12106], [-44.2707, -20.12125], [-44.27057, -20.12164], [-44.27047, -20.12245], [-44.2703, -20.12283], [-44.26995, -20.12301], [-44.26961, -20.12312], [-44.26914, -20.12341], [-44.26889, -20.12335], [-44.26836, -20.12348], [-44.2677, -20.12353], [-44.2673, -20.1238], [-44.26696, -20.12383], [-44.26683, -20.12366], [-44.26696, -20.12343], [-44.26725, -20.12316], [-44.26758, -20.12276], [-44.26758, -20.12253], [-44.26738, -20.12242], [-44.26715, -20.12241], [-44.26673, -20.12237], [-44.26606, -20.12243], [-44.26546, -20.12265], [-44.26505, -20.12305], [-44.26474, -20.12348], [-44.26447, -20.12377], [-44.26415, -20.12386], [-44.26291, -20.12384], [-44.26233, -20.12404], [-44.26134, -20.12448], [-44.26068, -20.12502], [-44.25982, -20.12579], [-44.25886, -20.12642], [-44.25797, -20.12658], [-44.25739, -20.12655], [-44.25638, -20.1264], [-44.25601, -20.12643], [-44.25581, -20.12663], [-44.25533, -20.12714], [-44.25464, -20.12752], [-44.25444, -20.12803], [-44.25442, -20.12837], [-44.25426, -20.12866], [-44.25413, -20.12879], [-44.25463, -20.13149], [-44.25453, -20.13395], [-44.25451, -20.13528], [-44.25498, -20.13582], [-44.25472, -20.13701], [-44.25369, -20.13811], [-44.25255, -20.13946], [-44.25236, -20.14084]]]}}, {"type": "Feature", "properties": {"cd_setor": "310900615000012", "distrito": "Conceição de Itaguá", "situacao": "Rural", "area_km2": 19.961177460407022, "populacao": 43.0, "domicilios": 19.0, "esgoto_rede": 0.0, "agua_rede": 0.0, "lixo_coletado": 70.58823529411765}, "geometry": {"type": "Polygon", "coordinates": [[[-44.30458, -20.1158], [-44.30438, -20.11623], [-44.30415, -20.11659], [-44.30375, -20.11695], [-44.30323, -20.11735], [-44.30256, -20.11783], [-44.30232, -20.11799], [-44.30218, -20.11834], [-44.30211, -20.11879], [-44.30221, -20.11925], [-44.30233, -20.11987], [-44.3024, -20.12037], [-44.30234, -20.1207], [-44.3022, -20.12102], [-44.30192, -20.12129], [-44.30143, -20.12155], [-44.30075, -20.12202], [-44.30052, -20.12242], [-44.30052, -20.12285], [-44.30109, -20.12393], [-44.30202, -20.1255], [-44.30257, -20.12654], [-44.30287, -20.12724], [-44.30311, -20.12811], [-44.30339, -20.1293], [-44.30354, -20.13018], [-44.30295, -20.13103], [-44.30258, -20.13162], [-44.30206, -20.13288], [-44.30169, -20.13353], [-44.30246, -20.13552], [-44.30369, -20.13671], [-44.30528, -20.13721], [-44.30735, -20.1376], [-44.30856, -20.13892], [-44.30827, -20.14031], [-44.30729, -20.14207], [-44.30639, -20.14404], [-44.30601, -20.1463], [-44.30584, -20.14899], [-44.30746, -20.15145], [-44.30785, -20.15381], [-44.31333, -20.15981], [-44.31602, -20.16003], [-44.31737, -20.16101], [-44.31731, -20.16289], [-44.31762, -20.16643], [-44.31916, -20.1674], [-44.32088, -20.16792], [-44.32317, -20.16891], [-44.32873, -20.16957], [-44.33101, -20.17022], [-44.33287, -20.17083], [-44.33291, -20.17071], [-44.33296, -20.17045], [-44.33293, -20.17015], [-44.33288, -20.16989], [-44.33288, -20.16962], [-44.33304, -20.16946], [-44.33328, -20.16932], [-44.33355, -20.16916], [-44.33384, -20.16909], [-44.33405, -20.1689], [-44.33419, -20.16868], [-44.33424, -20.16841], [-44.33424, -20.16816], [-44.33423, -20.16793], [-44.33422, -20.16759], [-44.33427, -20.16735], [-44.3344, -20.16713], [-44.33457, -20.16695], [-44.33481, -20.1668], [-44.33499, -20.16664], [-44.33509, -20.16641], [-44.33513, -20.16619], [-44.33515, -20.16596], [-44.33525, -20.16574], [-44.33539, -20.16556], [-44.33559, -20.16542], [-44.33584, -20.16537], [-44.33611, -20.16546], [-44.33635, -20.16545], [-44.33656, -20.16533], [-44.3367, -20.16516], [-44.33698, -20.16517], [-44.33719, -20.1653], [-44.33743, -20.16536], [-44.33766, -20.16521], [-44.33775, -20.16499], [-44.33793, -20.16484], [-44.33816, -20.16487], [-44.33842, -20.16492], [-44.33869, -20.16492], [-44.33889, -20.16494], [-44.33895, -20.16495], [-44.33908, -20.16473], [-44.33916, -20.1645], [-44.33906, -20.16426], [-44.33894, -20.16407], [-44.3389, -20.16385], [-44.33895, -20.16363], [-44.33919, -20.16366], [-44.33939, -20.16383], [-44.33954, -20.16401], [-44.33971, -20.16424], [-44.33986, -20.16444], [-44.34009, -20.16449], [-44.34032, -20.16448], [-44.34054, -20.16437], [-44.34058, -20.16413], [-44.34066, -20.16388], [-44.34079, -20.16369], [-44.34088, -20.16348], [-44.3409, -20.16324], [-44.34082, -20.163], [-44.34055, -20.16272], [-44.34045, -20.16248], [-44.34047, -20.16216], [-44.34063, -20.16196], [-44.34085, -20.16186], [-44.34112, -20.1619], [-44.34161, -20.16206], [-44.34182, -20.16218], [-44.34207, -20.16232], [-44.34232, -20.16245], [-44.34256, -20.16248], [-44.34282, -20.16242], [-44.34302, -20.16228], [-44.34321, -20.1621], [-44.34336, -20.16191], [-44.34348, -20.16168], [-44.34368, -20.16155], [-44.34388, -20.1614], [-44.34414, -20.16132], [-44.34436, -20.16124], [-44.34462, -20.16111], [-44.34486, -20.16095], [-44.34508, -20.16087], [-44.34529, -20.1607], [-44.34552, -20.16055], [-44.34582, -20.16041], [-44.34605, -20.16033], [-44.34625, -20.16021], [-44.34648, -20.16005], [-44.34675, -20.15995], [-44.34704, -20.15991], [-44.34729, -20.15991], [-44.34757, -20.15992], [-44.34811, -20.15993], [-44.34835, -20.15994], [-44.34858, -20.16004], [-44.34873, -20.16024], [-44.34885, -20.16047], [-44.34908, -20.16055], [-44.34931, -20.16058], [-44.34944, -20.16031], [-44.34958, -20.16013], [-44.34973, -20.15985], [-44.34995, -20.15974], [-44.35046, -20.15969], [-44.35079, -20.15973], [-44.35079, -20.15958], [-44.35069, -20.15934], [-44.3505, -20.15916], [-44.35032, -20.15901], [-44.35012, -20.15887], [-44.34986, -20.15874], [-44.34964, -20.15861], [-44.3493, -20.15842], [-44.34905, -20.1583], [-44.34877, -20.15816], [-44.34842, -20.15794], [-44.34811, -20.15776], [-44.34782, -20.15763], [-44.34754, -20.15746], [-44.34721, -20.15726], [-44.34691, -20.15703], [-44.34655, -20.15677], [-44.34629, -20.15663], [-44.34606, -20.15651], [-44.34584, -20.15639], [-44.34558, -20.15622], [-44.34534, -20.15597], [-44.34519, -20.15578], [-44.34497, -20.15558], [-44.34483, -20.15534], [-44.34465, -20.15506], [-44.34453, -20.15485], [-44.34447, -20.15462], [-44.34439, -20.1544], [-44.34421, -20.15409], [-44.34402, -20.15382], [-44.34391, -20.15357], [-44.34385, -20.15332], [-44.3437, -20.15302], [-44.34355, -20.15281], [-44.34335, -20.15256], [-44.34317, -20.15232], [-44.34301, -20.15211], [-44.34288, -20.15189], [-44.34281, -20.15166], [-44.34276, -20.1513], [-44.34275, -20.15104], [-44.34274, -20.15076], [-44.34274, -20.14975], [-44.34278, -20.1495], [-44.34283, -20.14916], [-44.34288, -20.1489], [-44.34292, -20.14856], [-44.34297, -20.14824], [-44.34306, -20.14798], [-44.34311, -20.14775], [-44.34319, -20.14744], [-44.34327, -20.1472], [-44.3434, -20.14694], [-44.34358, -20.14664], [-44.34371, -20.14638], [-44.34381, -20.14611], [-44.34383, -20.14582], [-44.34379, -20.14557], [-44.34371, -20.1453], [-44.34366, -20.145], [-44.34352, -20.14477], [-44.34342, -20.14452], [-44.34317, -20.14434], [-44.343, -20.14414], [-44.34283, -20.14399], [-44.34268, -20.14379], [-44.34251, -20.14361], [-44.34215, -20.1433], [-44.34191, -20.14311], [-44.34165, -20.14291], [-44.34133, -20.14262], [-44.34094, -20.14222], [-44.34069, -20.142], [-44.34031, -20.14173], [-44.34012, -20.14159], [-44.33988, -20.14135], [-44.33964, -20.14113], [-44.33939, -20.14092], [-44.33911, -20.14072], [-44.33892, -20.14052], [-44.33873, -20.14036], [-44.33854, -20.14021], [-44.33835, -20.14005], [-44.33819, -20.13987], [-44.33802, -20.13967], [-44.33778, -20.13948], [-44.33768, -20.13927], [-44.33763, -20.13905], [-44.33752, -20.13883], [-44.33741, -20.13855], [-44.33734, -20.13828], [-44.33724, -20.13802], [-44.33711, -20.13751], [-44.33706, -20.13725], [-44.337, -20.13697], [-44.33695, -20.13671], [-44.33693, -20.13649], [-44.33685, -20.13623], [-44.33679, -20.13601], [-44.33673, -20.13572], [-44.33669, -20.13548], [-44.33664, -20.13526], [-44.33663, -20.13499], [-44.33672, -20.13473], [-44.33677, -20.13438], [-44.33678, -20.13398], [-44.33681, -20.1336], [-44.33681, -20.13294], [-44.33674, -20.13261], [-44.33664, -20.13234], [-44.33661, -20.13205], [-44.33656, -20.13183], [-44.33652, -20.1316], [-44.33648, -20.13136], [-44.33645, -20.13114], [-44.33646, -20.13065], [-44.33647, -20.13033], [-44.33651, -20.1301], [-44.33653, -20.12988], [-44.33656, -20.12965], [-44.33663, -20.12941], [-44.33669, -20.12918], [-44.33671, -20.12895], [-44.33672, -20.12869], [-44.33672, -20.1284], [-44.33674, -20.12807], [-44.33679, -20.12784], [-44.33687, -20.12757], [-44.33692, -20.12726], [-44.33694, -20.12704], [-44.33698, -20.12679], [-44.33699, -20.12656], [-44.337, -20.12621], [-44.337, -20.12598], [-44.33694, -20.12571], [-44.33688, -20.12543], [-44.3369, -20.12519], [-44.33692, -20.12482], [-44.33694, -20.12454], [-44.337, -20.12431], [-44.33711, -20.12408], [-44.33722, -20.12381], [-44.3373, -20.12358], [-44.33741, -20.12329], [-44.33751, -20.12309], [-44.33762, -20.12285], [-44.33769, -20.12258], [-44.33773, -20.12225], [-44.33774, -20.12106], [-44.33777, -20.12084], [-44.33776, -20.1206], [-44.33773, -20.12032], [-44.33772, -20.12005], [-44.33775, -20.11981], [-44.3378, -20.11955], [-44.33717, -20.11943], [-44.33694, -20.11944], [-44.33665, -20.11945], [-44.33478, -20.11944], [-44.33447, -20.11942], [-44.33413, -20.11939], [-44.33384, -20.11931], [-44.33353, -20.11925], [-44.33325, -20.11923], [-44.33301, -20.1192], [-44.33266, -20.11917], [-44.33243, -20.11915], [-44.33217, -20.11913], [-44.33173, -20.11908], [-44.33141, -20.11904], [-44.33118, -20.11899], [-44.33087, -20.11896], [-44.33058, -20.11888], [-44.33032, -20.11882], [-44.32993, -20.11867], [-44.32965, -20.11861], [-44.32939, -20.11854], [-44.32916, -20.11847], [-44.32875, -20.1183], [-44.32853, -20.1182], [-44.32833, -20.11809], [-44.32807, -20.11798], [-44.32778, -20.11784], [-44.3275, -20.1177], [-44.32718, -20.11756], [-44.32695, -20.11743], [-44.32672, -20.11734], [-44.32631, -20.11713], [-44.32605, -20.11699], [-44.32575, -20.11679], [-44.32549, -20.11664], [-44.32525, -20.11651], [-44.3249, -20.11631], [-44.32466, -20.11617], [-44.32437, -20.11603], [-44.32396, -20.11596], [-44.32364, -20.11583], [-44.32342, -20.11571], [-44.32311, -20.11555], [-44.32281, -20.1154], [-44.32251, -20.11527], [-44.32221, -20.11516], [-44.32188, -20.11505], [-44.32164, -20.11495], [-44.32138, -20.11487], [-44.32109, -20.1148], [-44.32078, -20.11475], [-44.32052, -20.11472], [-44.32014, -20.11467], [-44.31988, -20.11465], [-44.31946, -20.11457], [-44.31909, -20.11434], [-44.31874, -20.11425], [-44.31849, -20.1142], [-44.31826, -20.11415], [-44.31802, -20.11411], [-44.31757, -20.114], [-44.31726, -20.11396], [-44.31695, -20.11393], [-44.31625, -20.11385], [-44.31597, -20.11383], [-44.31566, -20.11381], [-44.31528, -20.1138], [-44.31497, -20.11378], [-44.31463, -20.11376], [-44.31427, -20.11374], [-44.31405, -20.11382], [-44.31379, -20.11388], [-44.31349, -20.11388], [-44.3132, -20.11389], [-44.31289, -20.1139], [-44.31262, -20.11393], [-44.31233, -20.11397], [-44.31193, -20.11399], [-44.3115, -20.11388], [-44.3109, -20.11388], [-44.31044, -20.11397], [-44.31007, -20.11404], [-44.30983, -20.11409], [-44.30971, -20.11413], [-44.30958, -20.11416], [-44.30945, -20.11419], [-44.3092, -20.11424], [-44.30886, -20.11433], [-44.30857, -20.11444], [-44.30828, -20.11454], [-44.30803, -20.11462], [-44.30771, -20.11471], [-44.3075, -20.11481], [-44.30726, -20.11493], [-44.30701, -20.11502], [-44.30656, -20.11528], [-44.30615, -20.11543], [-44.30588, -20.1155], [-44.30564, -20.11556], [-44.30528, -20.11564], [-44.30496, -20.11571], [-44.30458, -20.1158]]]}}, {"type": "Feature", "properties": {"cd_setor": "310900615000013", "distrito": "Conceição de Itaguá", "situacao": "Rural", "area_km2": 16.39719810330869, "populacao": 35.0, "domicilios": 11.0, "esgoto_rede": 0.0, "agua_rede": 44.44444444444444, "lixo_coletado": 100.0}, "geometry": {"type": "Polygon", "coordinates": [[[-44.20905, -20.12273], [-44.20906, -20.12301], [-44.20957, -20.12377], [-44.20999, -20.12443], [-44.21046, -20.12559], [-44.21074, -20.12681], [-44.21133, -20.12755], [-44.21209, -20.12813], [-44.21256, -20.12865], [-44.21292, -20.12929], [-44.21419, -20.13051], [-44.21487, -20.13119], [-44.21567, -20.1321], [-44.21636, -20.13318], [-44.21661, -20.1332], [-44.21674, -20.13327], [-44.21682, -20.13342], [-44.21688, -20.13362], [-44.21686, -20.13375], [-44.21684, -20.13387], [-44.2168, -20.13397], [-44.21679, -20.13418], [-44.21687, -20.13437], [-44.21698, -20.13442], [-44.2171, -20.13449], [-44.21734, -20.13446], [-44.21759, -20.13446], [-44.21765, -20.13446], [-44.2177, -20.13446], [-44.2179, -20.13448], [-44.21816, -20.13454], [-44.21823, -20.13459], [-44.21833, -20.13475], [-44.21838, -20.13501], [-44.21915, -20.1351], [-44.21911, -20.13534], [-44.21896, -20.13556], [-44.21891, -20.13572], [-44.21894, -20.13592], [-44.21907, -20.13609], [-44.21921, -20.13615], [-44.21952, -20.13621], [-44.21992, -20.13627], [-44.2203, -20.13644], [-44.22061, -20.13655], [-44.22101, -20.13671], [-44.22129, -20.13672], [-44.22161, -20.1367], [-44.222, -20.13672], [-44.22221, -20.13694], [-44.22237, -20.13717], [-44.22255, -20.13759], [-44.22274, -20.13781], [-44.223, -20.13789], [-44.22318, -20.13796], [-44.22339, -20.13796], [-44.22367, -20.13797], [-44.22395, -20.13801], [-44.22419, -20.13808], [-44.22345, -20.14049], [-44.22351, -20.1407], [-44.22356, -20.14082], [-44.22365, -20.14093], [-44.22406, -20.14128], [-44.22435, -20.1414], [-44.22487, -20.14137], [-44.22537, -20.14134], [-44.22604, -20.14132], [-44.2265, -20.14133], [-44.22693, -20.14139], [-44.22736, -20.14147], [-44.22768, -20.14158], [-44.22799, -20.14168], [-44.22823, -20.14177], [-44.2285, -20.14176], [-44.22895, -20.14167], [-44.22945, -20.14151], [-44.22995, -20.14136], [-44.23035, -20.14119], [-44.23058, -20.14106], [-44.23072, -20.14093], [-44.23084, -20.14077], [-44.23104, -20.14039], [-44.23143, -20.13969], [-44.23192, -20.13901], [-44.23252, -20.13821], [-44.23289, -20.13778], [-44.23333, -20.13738], [-44.23378, -20.1371], [-44.23482, -20.13659], [-44.2356, -20.13623], [-44.23633, -20.1359], [-44.2366, -20.13566], [-44.23708, -20.13509], [-44.23712, -20.13513], [-44.23761, -20.13568], [-44.23834, -20.13677], [-44.2393, -20.13802], [-44.24056, -20.13966], [-44.24161, -20.14131], [-44.24439, -20.1412], [-44.25236, -20.14084], [-44.25255, -20.13946], [-44.25369, -20.13811], [-44.25472, -20.13701], [-44.25498, -20.13582], [-44.25451, -20.13528], [-44.25453, -20.13395], [-44.25463, -20.13149], [-44.25413, -20.12879], [-44.25426, -20.12866], [-44.25442, -20.12837], [-44.25444, -20.12803], [-44.25464, -20.12752], [-44.25533, -20.12714], [-44.25581, -20.12663], [-44.25601, -20.12643], [-44.25638, -20.1264], [-44.25739, -20.12655], [-44.25797, -20.12658], [-44.25886, -20.12642], [-44.25982, -20.12579], [-44.26068, -20.12502], [-44.26134, -20.12448], [-44.26233, -20.12404], [-44.26291, -20.12384], [-44.26415, -20.12386], [-44.26447, -20.12377], [-44.26474, -20.12348], [-44.26505, -20.12305], [-44.26546, -20.12265], [-44.26606, -20.12243], [-44.26673, -20.12237], [-44.26715, -20.12241], [-44.26738, -20.12242], [-44.26758, -20.12253], [-44.26758, -20.12276], [-44.26725, -20.12316], [-44.26696, -20.12343], [-44.26683, -20.12366], [-44.26696, -20.12383], [-44.2673, -20.1238], [-44.2677, -20.12353], [-44.26836, -20.12348], [-44.26889, -20.12335], [-44.26914, -20.12341], [-44.26961, -20.12312], [-44.26995, -20.12301], [-44.2703, -20.12283], [-44.27047, -20.12245], [-44.27057, -20.12164], [-44.2707, -20.12125], [-44.27104, -20.12106], [-44.27137, -20.12102], [-44.27168, -20.12119], [-44.27193, -20.12127], [-44.27247, -20.12128], [-44.27293, -20.1214], [-44.27319, -20.12134], [-44.2734, -20.12097], [-44.27328, -20.12064], [-44.27312, -20.11993], [-44.27321, -20.11967], [-44.27339, -20.11956], [-44.27364, -20.11958], [-44.27408, -20.11977], [-44.27469, -20.11991], [-44.27511, -20.11993], [-44.27533, -20.11975], [-44.27555, -20.11931], [-44.27603, -20.11926], [-44.27752, -20.11948], [-44.27782, -20.11947], [-44.278, -20.11939], [-44.27813, -20.11924], [-44.27806, -20.11901], [-44.27788, -20.11874], [-44.2779, -20.1185], [-44.27808, -20.11828], [-44.2783, -20.1182], [-44.27852, -20.11831], [-44.27873, -20.1186], [-44.27893, -20.11886], [-44.27913, -20.11894], [-44.27982, -20.11887], [-44.28008, -20.11872], [-44.28026, -20.11843], [-44.28018, -20.11816], [-44.28012, -20.11779], [-44.28026, -20.11758], [-44.28054, -20.11761], [-44.28075, -20.11784], [-44.28106, -20.11833], [-44.2814, -20.11867], [-44.28187, -20.11893], [-44.28225, -20.11909], [-44.28358, -20.11932], [-44.28461, -20.11954], [-44.28501, -20.11962], [-44.28578, -20.12007], [-44.28639, -20.12054], [-44.28727, -20.12112], [-44.28769, -20.12151], [-44.28797, -20.12163], [-44.28938, -20.12205], [-44.28956, -20.12226], [-44.28952, -20.12281], [-44.28949, -20.12331], [-44.28966, -20.12368], [-44.28991, -20.12378], [-44.29044, -20.12382], [-44.29121, -20.12374], [-44.29163, -20.12348], [-44.29203, -20.12305], [-44.29294, -20.12257], [-44.29402, -20.12165], [-44.29492, -20.12117], [-44.29583, -20.12052], [-44.29675, -20.1202], [-44.2977, -20.11984], [-44.29825, -20.11962], [-44.29903, -20.11936], [-44.29987, -20.11903], [-44.30049, -20.11841], [-44.30085, -20.11804], [-44.3012, -20.11795], [-44.30171, -20.11796], [-44.30232, -20.11799], [-44.30256, -20.11783], [-44.30323, -20.11735], [-44.30375, -20.11695], [-44.30415, -20.11659], [-44.30438, -20.11623], [-44.30458, -20.1158], [-44.30417, -20.11577], [-44.30388, -20.11579], [-44.30362, -20.11586], [-44.30326, -20.116], [-44.30298, -20.11607], [-44.30261, -20.11609], [-44.30226, -20.1161], [-44.30194, -20.11611], [-44.30103, -20.11611], [-44.30037, -20.11601], [-44.30013, -20.11594], [-44.29992, -20.11583], [-44.29971, -20.11567], [-44.29955, -20.11546], [-44.29942, -20.11528], [-44.2992, -20.11513], [-44.29905, -20.11489], [-44.29892, -20.11466], [-44.2988, -20.11433], [-44.29862, -20.11398], [-44.29845, -20.11374], [-44.29829, -20.11356], [-44.29811, -20.11338], [-44.2979, -20.11318], [-44.29762, -20.11303], [-44.29762, -20.11302], [-44.2974, -20.11293], [-44.29699, -20.11281], [-44.29672, -20.11275], [-44.29635, -20.11265], [-44.296, -20.11258], [-44.29577, -20.11254], [-44.29545, -20.11253], [-44.29521, -20.11252], [-44.29494, -20.11251], [-44.29465, -20.11256], [-44.29442, -20.11265], [-44.29409, -20.11271], [-44.29375, -20.11279], [-44.29306, -20.11302], [-44.29278, -20.11313], [-44.29224, -20.11331], [-44.29192, -20.1134], [-44.29166, -20.11347], [-44.29141, -20.11352], [-44.29102, -20.11362], [-44.29065, -20.1137], [-44.29042, -20.11373], [-44.29018, -20.11374], [-44.28981, -20.11379], [-44.28958, -20.11389], [-44.28931, -20.11391], [-44.289, -20.1139], [-44.28866, -20.11388], [-44.28829, -20.11383], [-44.28785, -20.11375], [-44.28759, -20.11369], [-44.28715, -20.11346], [-44.28688, -20.11336], [-44.28664, -20.11327], [-44.28622, -20.11315], [-44.28589, -20.11305], [-44.28561, -20.11296], [-44.28514, -20.11287], [-44.28485, -20.11282], [-44.28451, -20.11278], [-44.28366, -20.11278], [-44.28336, -20.11283], [-44.28299, -20.11288], [-44.28275, -20.1129], [-44.28239, -20.11295], [-44.28214, -20.11293], [-44.2819, -20.11281], [-44.28162, -20.11258], [-44.28137, -20.11237], [-44.2811, -20.1121], [-44.28085, -20.11185], [-44.28062, -20.11165], [-44.28047, -20.11144], [-44.28019, -20.11133], [-44.27987, -20.11133], [-44.27947, -20.1113], [-44.27879, -20.1113], [-44.27855, -20.11134], [-44.27823, -20.11138], [-44.27798, -20.11142], [-44.27765, -20.11143], [-44.27733, -20.11145], [-44.27701, -20.11157], [-44.27674, -20.11157], [-44.2764, -20.11161], [-44.27617, -20.11166], [-44.27603, -20.11169], [-44.27589, -20.11174], [-44.27564, -20.11178], [-44.27537, -20.11189], [-44.2751, -20.112], [-44.27484, -20.11211], [-44.27463, -20.11224], [-44.27444, -20.11246], [-44.27426, -20.11266], [-44.27413, -20.11285], [-44.27396, -20.11315], [-44.27366, -20.11361], [-44.2735, -20.1138], [-44.2733, -20.11399], [-44.27306, -20.11418], [-44.27277, -20.11415], [-44.27254, -20.11408], [-44.2722, -20.11398], [-44.27194, -20.1139], [-44.27162, -20.1138], [-44.27137, -20.1138], [-44.27112, -20.11385], [-44.27097, -20.11402], [-44.27075, -20.11419], [-44.27048, -20.11434], [-44.27028, -20.11449], [-44.27006, -20.11466], [-44.26982, -20.1148], [-44.26969, -20.11504], [-44.26961, -20.11525], [-44.26951, -20.11546], [-44.26937, -20.11569], [-44.26922, -20.1159], [-44.26903, -20.11612], [-44.26879, -20.11639], [-44.2686, -20.1166], [-44.26841, -20.11679], [-44.26821, -20.11691], [-44.26797, -20.11705], [-44.26771, -20.11718], [-44.26744, -20.11727], [-44.26715, -20.1173], [-44.26691, -20.11735], [-44.26667, -20.11738], [-44.26643, -20.11743], [-44.26614, -20.11753], [-44.26591, -20.11756], [-44.2656, -20.11765], [-44.2654, -20.11781], [-44.26519, -20.11793], [-44.26491, -20.11814], [-44.2647, -20.11832], [-44.26465, -20.11854], [-44.26448, -20.11878], [-44.26429, -20.119], [-44.26388, -20.11939], [-44.26369, -20.11955], [-44.26348, -20.11972], [-44.26314, -20.11995], [-44.26284, -20.12012], [-44.2625, -20.12016], [-44.26228, -20.12024], [-44.26202, -20.12035], [-44.26171, -20.12047], [-44.26149, -20.12057], [-44.26122, -20.12063], [-44.26087, -20.12076], [-44.26062, -20.12079], [-44.26025, -20.12089], [-44.25991, -20.12097], [-44.25965, -20.12105], [-44.25944, -20.12116], [-44.25921, -20.12127], [-44.25899, -20.1214], [-44.25874, -20.12145], [-44.2584, -20.12159], [-44.25815, -20.12172], [-44.25796, -20.1219], [-44.25778, -20.12212], [-44.25755, -20.12228], [-44.25723, -20.12247], [-44.25696, -20.12265], [-44.25676, -20.1228], [-44.25652, -20.12292], [-44.25628, -20.12307], [-44.25606, -20.12322], [-44.25562, -20.12345], [-44.25535, -20.1236], [-44.25506, -20.12374], [-44.25477, -20.12384], [-44.25454, -20.12385], [-44.25426, -20.12388], [-44.254, -20.12392], [-44.25376, -20.12395], [-44.25352, -20.124], [-44.25326, -20.12407], [-44.25306, -20.12421], [-44.25283, -20.12441], [-44.25269, -20.12459], [-44.25257, -20.12478], [-44.25241, -20.12499], [-44.25218, -20.12513], [-44.25194, -20.12521], [-44.25176, -20.12506], [-44.25166, -20.12481], [-44.25153, -20.12458], [-44.25141, -20.12438], [-44.25135, -20.12427], [-44.25133, -20.12424], [-44.25128, -20.12416], [-44.25116, -20.12395], [-44.25093, -20.12368], [-44.25069, -20.1235], [-44.25045, -20.12342], [-44.25026, -20.12331], [-44.25022, -20.12329], [-44.25001, -20.12317], [-44.24983, -20.12303], [-44.24976, -20.12281], [-44.24953, -20.12267], [-44.24932, -20.12255], [-44.24909, -20.12246], [-44.24887, -20.12237], [-44.24866, -20.12224], [-44.24842, -20.1221], [-44.24816, -20.12195], [-44.24796, -20.12183], [-44.24777, -20.12169], [-44.24758, -20.12155], [-44.2474, -20.12139], [-44.24723, -20.12121], [-44.2471, -20.12095], [-44.24695, -20.12074], [-44.24676, -20.12052], [-44.24647, -20.1201], [-44.2463, -20.11994], [-44.24613, -20.11976], [-44.24579, -20.11943], [-44.24563, -20.11927], [-44.24543, -20.11914], [-44.24523, -20.11903], [-44.24502, -20.11892], [-44.24478, -20.1188], [-44.2445, -20.1187], [-44.24424, -20.11866], [-44.244, -20.11863], [-44.24351, -20.11865], [-44.24321, -20.11866], [-44.24291, -20.11867], [-44.24263, -20.11867], [-44.24235, -20.11862], [-44.24207, -20.11861], [-44.24128, -20.11861], [-44.24102, -20.11857], [-44.24076, -20.11849], [-44.24048, -20.1184], [-44.24026, -20.1183], [-44.24004, -20.11818], [-44.23981, -20.11812], [-44.23956, -20.11805], [-44.23937, -20.11784], [-44.23919, -20.11769], [-44.2389, -20.11756], [-44.23864, -20.11748], [-44.2384, -20.11738], [-44.23813, -20.11726], [-44.2379, -20.11714], [-44.23769, -20.117], [-44.23747, -20.11687], [-44.23725, -20.11673], [-44.23705, -20.11663], [-44.23684, -20.11647], [-44.23664, -20.11633], [-44.2364, -20.11628], [-44.23582, -20.11609], [-44.23547, -20.11596], [-44.23523, -20.11587], [-44.23504, -20.11574], [-44.23484, -20.11554], [-44.23461, -20.11546], [-44.23437, -20.11536], [-44.23411, -20.11525], [-44.23384, -20.11513], [-44.23362, -20.11501], [-44.23336, -20.11491], [-44.23314, -20.11481], [-44.23288, -20.11467], [-44.23267, -20.11456], [-44.23244, -20.11444], [-44.23221, -20.11434], [-44.232, -20.11423], [-44.23175, -20.1141], [-44.23151, -20.11397], [-44.23127, -20.11384], [-44.23099, -20.11367], [-44.23076, -20.11352], [-44.23056, -20.11341], [-44.23035, -20.11328], [-44.23014, -20.11315], [-44.22994, -20.11297], [-44.22968, -20.1129], [-44.22945, -20.11278], [-44.22896, -20.11257], [-44.22867, -20.11244], [-44.22846, -20.1123], [-44.22827, -20.11216], [-44.22805, -20.11202], [-44.22781, -20.11184], [-44.22756, -20.11157], [-44.22739, -20.11141], [-44.22719, -20.11126], [-44.22692, -20.11105], [-44.22671, -20.11078], [-44.22656, -20.11057], [-44.22638, -20.11039], [-44.22619, -20.11022], [-44.22602, -20.11007], [-44.22579, -20.10992], [-44.22555, -20.10978], [-44.22533, -20.10961], [-44.22492, -20.1093], [-44.22472, -20.10916], [-44.22454, -20.10901], [-44.22435, -20.10886], [-44.22414, -20.10876], [-44.22393, -20.10858], [-44.22375, -20.10843], [-44.22352, -20.10827], [-44.22329, -20.10813], [-44.22307, -20.10796], [-44.22284, -20.10784], [-44.22252, -20.10771], [-44.2223, -20.1076], [-44.222, -20.10744], [-44.22174, -20.1073], [-44.22149, -20.10718], [-44.2213, -20.10704], [-44.2211, -20.10689], [-44.2209, -20.10675], [-44.22073, -20.10658], [-44.22053, -20.10642], [-44.22033, -20.10628], [-44.22011, -20.10614], [-44.21987, -20.10599], [-44.21965, -20.10585], [-44.21945, -20.10568], [-44.21921, -20.10555], [-44.219, -20.10538], [-44.21879, -20.10521], [-44.21859, -20.10507], [-44.21836, -20.10496], [-44.2181, -20.10483], [-44.21784, -20.10473], [-44.21735, -20.10452], [-44.21712, -20.10445], [-44.21684, -20.10432], [-44.21655, -20.10425], [-44.21633, -20.10416], [-44.2161, -20.10408], [-44.21585, -20.10402], [-44.2156, -20.10395], [-44.21535, -20.10389], [-44.21512, -20.10386], [-44.21485, -20.10381], [-44.21461, -20.10375], [-44.21438, -20.10371], [-44.2141, -20.10365], [-44.21382, -20.10355], [-44.21351, -20.10346], [-44.21327, -20.10338], [-44.21302, -20.10328], [-44.21283, -20.10315], [-44.21265, -20.10297], [-44.21251, -20.10278], [-44.21239, -20.10256], [-44.21227, -20.10232], [-44.2121, -20.10211], [-44.21204, -20.10187], [-44.21195, -20.10165], [-44.2118, -20.10146], [-44.21149, -20.10111], [-44.21127, -20.10099], [-44.21104, -20.10094], [-44.21072, -20.10089], [-44.2105, -20.1008], [-44.21028, -20.10068], [-44.21015, -20.10061], [-44.2101, -20.10086], [-44.21003, -20.10108], [-44.20988, -20.10134], [-44.20973, -20.10167], [-44.2096, -20.10188], [-44.20952, -20.10212], [-44.2094, -20.10238], [-44.20932, -20.10259], [-44.20923, -20.10284], [-44.20919, -20.10334], [-44.20921, -20.10374], [-44.20935, -20.10468], [-44.20933, -20.10513], [-44.20926, -20.10557], [-44.20918, -20.10609], [-44.20933, -20.10667], [-44.20924, -20.10704], [-44.20924, -20.10726], [-44.20938, -20.1076], [-44.20966, -20.10795], [-44.20973, -20.10827], [-44.20975, -20.10853], [-44.20975, -20.10881], [-44.20975, -20.10928], [-44.20969, -20.10948], [-44.20954, -20.10969], [-44.20926, -20.11008], [-44.20906, -20.11035], [-44.20893, -20.11055], [-44.20869, -20.1108], [-44.20827, -20.11113], [-44.20804, -20.11135], [-44.20779, -20.11167], [-44.20754, -20.11198], [-44.20727, -20.11228], [-44.20715, -20.11273], [-44.20706, -20.11324], [-44.20697, -20.11444], [-44.20711, -20.11536], [-44.20734, -20.11635], [-44.20732, -20.11675], [-44.20748, -20.11714], [-44.20788, -20.11739], [-44.2085, -20.11781], [-44.20884, -20.11806], [-44.20909, -20.11839], [-44.20917, -20.11862], [-44.20922, -20.11886], [-44.20932, -20.11922], [-44.20936, -20.12019], [-44.20949, -20.12099], [-44.20958, -20.12181], [-44.20938, -20.1224], [-44.20905, -20.12273]]]}}, {"type": "Feature", "properties": {"cd_setor": "310900615000014", "distrito": "Conceição de Itaguá", "situacao": "Urbana", "area_km2": 1.288997260744908, "populacao": 222.0, "domicilios": 74.0, "esgoto_rede": 27.027027027027028, "agua_rede": 36.486486486486484, "lixo_coletado": 100.0}, "geometry": {"type": "Polygon", "coordinates": [[[-44.22732, -20.14962], [-44.22732, -20.14969], [-44.2293, -20.15124], [-44.22978, -20.1516], [-44.22994, -20.15174], [-44.22835, -20.15356], [-44.22823, -20.15364], [-44.22811, -20.15348], [-44.22719, -20.15424], [-44.2264, -20.15483], [-44.22619, -20.15498], [-44.22616, -20.155], [-44.22634, -20.15551], [-44.22648, -20.15583], [-44.22656, -20.15598], [-44.22664, -20.15603], [-44.22683, -20.15612], [-44.22698, -20.15619], [-44.22709, -20.15627], [-44.22724, -20.15639], [-44.22739, -20.15655], [-44.22774, -20.15699], [-44.22891, -20.15828], [-44.22914, -20.15866], [-44.2299, -20.15842], [-44.23119, -20.15824], [-44.23209, -20.15834], [-44.23388, -20.15853], [-44.23604, -20.15846], [-44.23684, -20.15844], [-44.23771, -20.15864], [-44.2383, -20.15872], [-44.23903, -20.15868], [-44.24031, -20.15839], [-44.24066, -20.15828], [-44.24403, -20.15548], [-44.24391, -20.1553], [-44.24382, -20.15505], [-44.24381, -20.15457], [-44.24379, -20.15417], [-44.24375, -20.15404], [-44.24364, -20.15384], [-44.24342, -20.15353], [-44.24324, -20.15327], [-44.24272, -20.15249], [-44.24261, -20.15231], [-44.24251, -20.1521], [-44.24242, -20.152], [-44.24228, -20.15209], [-44.24213, -20.15214], [-44.24194, -20.15216], [-44.24135, -20.15213], [-44.24083, -20.15217], [-44.24045, -20.15224], [-44.24017, -20.1523], [-44.23992, -20.15231], [-44.23971, -20.15228], [-44.23949, -20.15222], [-44.23927, -20.15211], [-44.23907, -20.15196], [-44.23897, -20.15186], [-44.23868, -20.15152], [-44.23836, -20.15112], [-44.23827, -20.15094], [-44.23817, -20.15075], [-44.23812, -20.1506], [-44.23807, -20.15038], [-44.23797, -20.15023], [-44.23786, -20.15016], [-44.23775, -20.15016], [-44.23718, -20.15026], [-44.2368, -20.15033], [-44.2367, -20.15035], [-44.23653, -20.15043], [-44.23631, -20.15057], [-44.23624, -20.15064], [-44.23601, -20.1507], [-44.23583, -20.1507], [-44.23564, -20.15069], [-44.23503, -20.1506], [-44.23484, -20.15057], [-44.23469, -20.15056], [-44.23449, -20.15058], [-44.2342, -20.15068], [-44.23397, -20.15076], [-44.23353, -20.1509], [-44.23335, -20.15094], [-44.23318, -20.15096], [-44.23293, -20.15093], [-44.23269, -20.15087], [-44.23233, -20.15079], [-44.23201, -20.15069], [-44.23151, -20.15049], [-44.23133, -20.15038], [-44.23118, -20.15032], [-44.23097, -20.15026], [-44.2308, -20.15023], [-44.23063, -20.15022], [-44.2303, -20.1502], [-44.22993, -20.15019], [-44.2293, -20.15019], [-44.22858, -20.15017], [-44.22845, -20.15015], [-44.2282, -20.15001], [-44.22782, -20.14976], [-44.22759, -20.14961], [-44.22746, -20.14959], [-44.22738, -20.1496], [-44.22732, -20.14962]]]}}, {"type": "Feature", "properties": {"cd_setor": "310900615000016", "distrito": "Conceição de Itaguá", "situacao": "Urbana", "area_km2": 0.204345282371818, "populacao": 0.0, "domicilios": 0.0, "esgoto_rede": null, "agua_rede": null, "lixo_coletado": null}, "geometry": {"type": "Polygon", "coordinates": [[[-44.21293, -20.13983], [-44.21346, -20.14002], [-44.21368, -20.1401], [-44.21374, -20.14013], [-44.21388, -20.13978], [-44.21395, -20.13964], [-44.21405, -20.13941], [-44.21413, -20.13928], [-44.21432, -20.139], [-44.21458, -20.13867], [-44.21494, -20.13825], [-44.2152, -20.13797], [-44.21535, -20.13781], [-44.21555, -20.13761], [-44.21576, -20.13744], [-44.21598, -20.13728], [-44.21617, -20.13718], [-44.21629, -20.13712], [-44.21653, -20.13706], [-44.21674, -20.13702], [-44.21702, -20.13699], [-44.2173, -20.13687], [-44.21767, -20.13677], [-44.2177, -20.13674], [-44.21786, -20.13652], [-44.218, -20.13637], [-44.21811, -20.1362], [-44.21817, -20.13604], [-44.21831, -20.13585], [-44.21837, -20.13572], [-44.21847, -20.13544], [-44.21852, -20.13526], [-44.21838, -20.13501], [-44.21833, -20.13475], [-44.21823, -20.13459], [-44.21816, -20.13454], [-44.2179, -20.13448], [-44.2177, -20.13446], [-44.21765, -20.13446], [-44.21759, -20.13446], [-44.21734, -20.13446], [-44.2171, -20.13449], [-44.21698, -20.13442], [-44.21687, -20.13437], [-44.21679, -20.13418], [-44.2168, -20.13397], [-44.21684, -20.13387], [-44.21686, -20.13375], [-44.21688, -20.13362], [-44.21682, -20.13342], [-44.21674, -20.13327], [-44.21661, -20.1332], [-44.21636, -20.13318], [-44.21638, -20.13332], [-44.21635, -20.1335], [-44.2163, -20.13359], [-44.21621, -20.13375], [-44.2158, -20.13409], [-44.21521, -20.13442], [-44.21501, -20.13454], [-44.21482, -20.13461], [-44.21468, -20.13472], [-44.21449, -20.13479], [-44.21434, -20.13476], [-44.21421, -20.13455], [-44.21406, -20.13443], [-44.21392, -20.13434], [-44.21372, -20.13437], [-44.21348, -20.13455], [-44.21335, -20.13484], [-44.21327, -20.13502], [-44.21321, -20.13531], [-44.21318, -20.1355], [-44.21326, -20.13583], [-44.21324, -20.13612], [-44.21325, -20.13651], [-44.21337, -20.13677], [-44.21346, -20.13689], [-44.21366, -20.13718], [-44.21379, -20.13745], [-44.21382, -20.13763], [-44.21376, -20.13789], [-44.21351, -20.13805], [-44.21336, -20.13815], [-44.21324, -20.13856], [-44.21313, -20.13926], [-44.21293, -20.13983]]]}}, {"type": "Feature", "properties": {"cd_setor": "310900615000017", "distrito": "Conceição de Itaguá", "situacao": "Urbana", "area_km2": 0.461754694617845, "populacao": 153.0, "domicilios": 55.0, "esgoto_rede": 55.76923076923077, "agua_rede": 92.72727272727273, "lixo_coletado": 100.0}, "geometry": {"type": "Polygon", "coordinates": [[[-44.21948, -20.14914], [-44.21975, -20.14922], [-44.22021, -20.14924], [-44.22081, -20.14927], [-44.2223, -20.14937], [-44.22349, -20.14944], [-44.22417, -20.14951], [-44.22483, -20.14957], [-44.22535, -20.14962], [-44.22547, -20.14963], [-44.22604, -20.14968], [-44.22657, -20.14971], [-44.22712, -20.14966], [-44.22732, -20.14962], [-44.22738, -20.1496], [-44.22746, -20.14959], [-44.22759, -20.14961], [-44.22782, -20.14976], [-44.2282, -20.15001], [-44.22845, -20.15015], [-44.22858, -20.15017], [-44.2293, -20.15019], [-44.22993, -20.15019], [-44.2303, -20.1502], [-44.23063, -20.15022], [-44.2308, -20.15023], [-44.23097, -20.15026], [-44.23118, -20.15032], [-44.23133, -20.15038], [-44.23151, -20.15049], [-44.23201, -20.15069], [-44.23233, -20.15079], [-44.23269, -20.15087], [-44.23293, -20.15093], [-44.23318, -20.15096], [-44.23335, -20.15094], [-44.23353, -20.1509], [-44.23397, -20.15076], [-44.2342, -20.15068], [-44.23449, -20.15058], [-44.23469, -20.15056], [-44.23484, -20.15057], [-44.23503, -20.1506], [-44.23564, -20.15069], [-44.23583, -20.1507], [-44.23601, -20.1507], [-44.23624, -20.15064], [-44.23631, -20.15057], [-44.23647, -20.15019], [-44.23665, -20.14983], [-44.23637, -20.14972], [-44.23605, -20.14953], [-44.23601, -20.14947], [-44.23597, -20.14923], [-44.23594, -20.14922], [-44.23549, -20.14918], [-44.23532, -20.1491], [-44.23515, -20.14906], [-44.23493, -20.1491], [-44.23476, -20.14921], [-44.23459, -20.14927], [-44.23432, -20.14928], [-44.23409, -20.14925], [-44.23392, -20.14924], [-44.23379, -20.14924], [-44.23364, -20.14932], [-44.23344, -20.14953], [-44.2333, -20.14972], [-44.2332, -20.14983], [-44.23312, -20.14997], [-44.23299, -20.15011], [-44.23286, -20.15023], [-44.23264, -20.15034], [-44.23239, -20.15039], [-44.23217, -20.1504], [-44.23201, -20.15037], [-44.23185, -20.15031], [-44.23166, -20.15024], [-44.23155, -20.15012], [-44.2315, -20.14995], [-44.23153, -20.14986], [-44.23161, -20.14973], [-44.23167, -20.1496], [-44.2317, -20.14943], [-44.23169, -20.14929], [-44.23164, -20.14916], [-44.2316, -20.14898], [-44.23151, -20.1488], [-44.23138, -20.14863], [-44.23127, -20.14855], [-44.23115, -20.14847], [-44.23104, -20.1484], [-44.23093, -20.14829], [-44.23077, -20.14796], [-44.2307, -20.14782], [-44.23058, -20.14767], [-44.23045, -20.14759], [-44.23025, -20.14757], [-44.23009, -20.1476], [-44.22985, -20.14772], [-44.22963, -20.14784], [-44.22948, -20.14796], [-44.22939, -20.14805], [-44.22932, -20.14823], [-44.22925, -20.14838], [-44.22898, -20.14849], [-44.22868, -20.14858], [-44.22832, -20.14864], [-44.22816, -20.14859], [-44.22802, -20.14848], [-44.2279, -20.14837], [-44.22779, -20.14823], [-44.2277, -20.14802], [-44.22772, -20.14785], [-44.22772, -20.14772], [-44.22766, -20.14756], [-44.2275, -20.14744], [-44.22735, -20.14731], [-44.2272, -20.14718], [-44.227, -20.14702], [-44.22688, -20.14693], [-44.22675, -20.14683], [-44.22657, -20.14671], [-44.22645, -20.14664], [-44.22616, -20.14645], [-44.22603, -20.14637], [-44.22586, -20.14625], [-44.22565, -20.14614], [-44.22551, -20.14605], [-44.22534, -20.14599], [-44.22514, -20.14599], [-44.22488, -20.14604], [-44.22469, -20.14608], [-44.22455, -20.14606], [-44.22441, -20.14604], [-44.22429, -20.14596], [-44.2242, -20.14585], [-44.2241, -20.14576], [-44.22393, -20.14568], [-44.22374, -20.14562], [-44.22359, -20.14555], [-44.22341, -20.14551], [-44.22319, -20.14546], [-44.22298, -20.14542], [-44.22278, -20.14542], [-44.22264, -20.14542], [-44.22248, -20.1454], [-44.22227, -20.14533], [-44.22206, -20.14526], [-44.2219, -20.14514], [-44.22183, -20.14509], [-44.22152, -20.14551], [-44.22133, -20.14572], [-44.22105, -20.14604], [-44.22065, -20.14649], [-44.22036, -20.14677], [-44.22019, -20.14688], [-44.22003, -20.14706], [-44.21984, -20.14727], [-44.21973, -20.14746], [-44.21967, -20.14768], [-44.2196, -20.14805], [-44.21953, -20.14854], [-44.21948, -20.14914]]]}}, {"type": "Feature", "properties": {"cd_setor": "310900615000018", "distrito": "Conceição de Itaguá", "situacao": "Urbana", "area_km2": 1.066796011158587, "populacao": 124.0, "domicilios": 43.0, "esgoto_rede": 0.0, "agua_rede": 0.0, "lixo_coletado": 100.0}, "geometry": {"type": "Polygon", "coordinates": [[[-44.25271, -20.17439], [-44.25287, -20.17435], [-44.25298, -20.17424], [-44.25375, -20.17333], [-44.25374, -20.17326], [-44.25366, -20.17314], [-44.25358, -20.17296], [-44.25356, -20.17284], [-44.2536, -20.17275], [-44.25386, -20.17241], [-44.25391, -20.17237], [-44.25404, -20.1723], [-44.25422, -20.17223], [-44.25436, -20.17222], [-44.25449, -20.17219], [-44.25459, -20.17209], [-44.25501, -20.17159], [-44.25548, -20.17109], [-44.25603, -20.17051], [-44.25647, -20.17008], [-44.25724, -20.16959], [-44.25719, -20.16896], [-44.25761, -20.16822], [-44.25763, -20.16813], [-44.25762, -20.16806], [-44.25722, -20.16737], [-44.25715, -20.16707], [-44.25711, -20.16671], [-44.25721, -20.16619], [-44.25726, -20.16591], [-44.25751, -20.16545], [-44.2577, -20.16511], [-44.25797, -20.1647], [-44.25859, -20.16375], [-44.25898, -20.16317], [-44.25927, -20.16273], [-44.25943, -20.16213], [-44.25721, -20.16078], [-44.25467, -20.1595], [-44.25458, -20.15957], [-44.25453, -20.15967], [-44.25451, -20.15981], [-44.25454, -20.15995], [-44.25456, -20.16014], [-44.25454, -20.1603], [-44.25449, -20.16061], [-44.25445, -20.16069], [-44.25436, -20.16071], [-44.25425, -20.16074], [-44.25411, -20.1608], [-44.25408, -20.16089], [-44.25408, -20.16099], [-44.25403, -20.16103], [-44.25396, -20.16104], [-44.25387, -20.16109], [-44.25364, -20.16132], [-44.25351, -20.16147], [-44.25341, -20.16172], [-44.25319, -20.16213], [-44.25285, -20.16246], [-44.25276, -20.16251], [-44.25257, -20.1626], [-44.25232, -20.16286], [-44.25224, -20.16301], [-44.25217, -20.16312], [-44.25194, -20.16333], [-44.25187, -20.16346], [-44.25179, -20.16361], [-44.25174, -20.16393], [-44.25166, -20.16418], [-44.25157, -20.16449], [-44.25153, -20.16473], [-44.2515, -20.16509], [-44.25138, -20.16544], [-44.25129, -20.16548], [-44.25067, -20.16534], [-44.24986, -20.16532], [-44.24981, -20.16586], [-44.24982, -20.1664], [-44.24969, -20.16703], [-44.2497, -20.16725], [-44.24977, -20.16763], [-44.24981, -20.16788], [-44.24975, -20.16797], [-44.24963, -20.16804], [-44.24916, -20.16818], [-44.24832, -20.16825], [-44.24799, -20.16836], [-44.24741, -20.16855], [-44.24688, -20.16881], [-44.24623, -20.16918], [-44.24627, -20.16926], [-44.24641, -20.16946], [-44.2465, -20.16964], [-44.2465, -20.16997], [-44.24655, -20.17026], [-44.24668, -20.17062], [-44.24682, -20.17086], [-44.24687, -20.17108], [-44.24692, -20.1712], [-44.24698, -20.17127], [-44.24708, -20.17132], [-44.24727, -20.17136], [-44.24752, -20.1714], [-44.24778, -20.17141], [-44.248, -20.17144], [-44.2483, -20.17152], [-44.24867, -20.17164], [-44.24903, -20.17179], [-44.24924, -20.1719], [-44.24942, -20.17201], [-44.24977, -20.1723], [-44.2501, -20.17257], [-44.25021, -20.17267], [-44.25037, -20.17278], [-44.25064, -20.17294], [-44.25104, -20.17317], [-44.25153, -20.17347], [-44.25206, -20.17387], [-44.25271, -20.17439]]]}}, {"type": "Feature", "properties": {"cd_setor": "310900615000019", "distrito": "Conceição de Itaguá", "situacao": "Urbana", "area_km2": 2.983581718703523, "populacao": 641.0, "domicilios": 221.0, "esgoto_rede": 63.013698630136986, "agua_rede": 67.12328767123287, "lixo_coletado": 100.0}, "geometry": {"type": "Polygon", "coordinates": [[[-44.22768, -20.14158], [-44.22736, -20.14147], [-44.22693, -20.14139], [-44.2265, -20.14133], [-44.22604, -20.14132], [-44.22537, -20.14134], [-44.22487, -20.14137], [-44.22435, -20.1414], [-44.22406, -20.14128], [-44.22365, -20.14093], [-44.22356, -20.14082], [-44.22351, -20.1407], [-44.22345, -20.14049], [-44.2234, -20.14046], [-44.21741, -20.13764], [-44.21732, -20.1379], [-44.21723, -20.138], [-44.21701, -20.13815], [-44.21682, -20.13833], [-44.21676, -20.13849], [-44.21682, -20.13871], [-44.21689, -20.13889], [-44.21692, -20.13901], [-44.21693, -20.13915], [-44.21697, -20.13936], [-44.21701, -20.13954], [-44.21706, -20.1397], [-44.2171, -20.1399], [-44.21713, -20.14009], [-44.21712, -20.14024], [-44.21712, -20.14037], [-44.21709, -20.14055], [-44.21706, -20.1407], [-44.21704, -20.14088], [-44.21704, -20.14107], [-44.21708, -20.14127], [-44.21716, -20.14147], [-44.21723, -20.1416], [-44.21729, -20.14174], [-44.21736, -20.14184], [-44.21742, -20.14193], [-44.2175, -20.14206], [-44.21756, -20.14215], [-44.21772, -20.14232], [-44.21783, -20.14242], [-44.2179, -20.14254], [-44.21799, -20.14278], [-44.21808, -20.14294], [-44.21819, -20.14309], [-44.21832, -20.14326], [-44.21843, -20.14339], [-44.21862, -20.14354], [-44.21888, -20.14356], [-44.21902, -20.14354], [-44.21916, -20.14357], [-44.21935, -20.14365], [-44.21955, -20.14365], [-44.21974, -20.14365], [-44.21991, -20.14359], [-44.22006, -20.14349], [-44.22024, -20.14337], [-44.22034, -20.14334], [-44.2204, -20.14335], [-44.22046, -20.14339], [-44.22052, -20.14347], [-44.22056, -20.14369], [-44.2206, -20.14393], [-44.22064, -20.14414], [-44.22069, -20.14433], [-44.2208, -20.14454], [-44.22094, -20.14472], [-44.22103, -20.14482], [-44.22118, -20.1449], [-44.22135, -20.14493], [-44.22158, -20.14497], [-44.22175, -20.14503], [-44.22183, -20.14509], [-44.2219, -20.14514], [-44.22206, -20.14526], [-44.22227, -20.14533], [-44.22248, -20.1454], [-44.22264, -20.14542], [-44.22278, -20.14542], [-44.22298, -20.14542], [-44.22319, -20.14546], [-44.22341, -20.14551], [-44.22359, -20.14555], [-44.22374, -20.14562], [-44.22393, -20.14568], [-44.2241, -20.14576], [-44.2242, -20.14585], [-44.22429, -20.14596], [-44.22441, -20.14604], [-44.22455, -20.14606], [-44.22469, -20.14608], [-44.22488, -20.14604], [-44.22514, -20.14599], [-44.22534, -20.14599], [-44.22551, -20.14605], [-44.22565, -20.14614], [-44.22586, -20.14625], [-44.22603, -20.14637], [-44.22616, -20.14645], [-44.22645, -20.14664], [-44.22657, -20.14671], [-44.22675, -20.14683], [-44.22688, -20.14693], [-44.227, -20.14702], [-44.2272, -20.14718], [-44.22735, -20.14731], [-44.2275, -20.14744], [-44.22766, -20.14756], [-44.22772, -20.14772], [-44.22772, -20.14785], [-44.2277, -20.14802], [-44.22779, -20.14823], [-44.2279, -20.14837], [-44.22802, -20.14848], [-44.22816, -20.14859], [-44.22832, -20.14864], [-44.22868, -20.14858], [-44.22898, -20.14849], [-44.22925, -20.14838], [-44.22932, -20.14823], [-44.22939, -20.14805], [-44.22948, -20.14796], [-44.22963, -20.14784], [-44.22985, -20.14772], [-44.23009, -20.1476], [-44.23025, -20.14757], [-44.23045, -20.14759], [-44.23058, -20.14767], [-44.2307, -20.14782], [-44.23077, -20.14796], [-44.23093, -20.14829], [-44.23104, -20.1484], [-44.23115, -20.14847], [-44.23127, -20.14855], [-44.23138, -20.14863], [-44.23151, -20.1488], [-44.2316, -20.14898], [-44.23164, -20.14916], [-44.23169, -20.14929], [-44.2317, -20.14943], [-44.23167, -20.1496], [-44.23161, -20.14973], [-44.23153, -20.14986], [-44.2315, -20.14995], [-44.23155, -20.15012], [-44.23166, -20.15024], [-44.23185, -20.15031], [-44.23201, -20.15037], [-44.23217, -20.1504], [-44.23239, -20.15039], [-44.23264, -20.15034], [-44.23286, -20.15023], [-44.23299, -20.15011], [-44.23312, -20.14997], [-44.2332, -20.14983], [-44.2333, -20.14972], [-44.23344, -20.14953], [-44.23364, -20.14932], [-44.23379, -20.14924], [-44.23392, -20.14924], [-44.23409, -20.14925], [-44.23432, -20.14928], [-44.23459, -20.14927], [-44.23476, -20.14921], [-44.23493, -20.1491], [-44.23515, -20.14906], [-44.23532, -20.1491], [-44.23549, -20.14918], [-44.23594, -20.14922], [-44.23597, -20.14923], [-44.23587, -20.14868], [-44.23584, -20.14849], [-44.23582, -20.14836], [-44.23578, -20.14823], [-44.23603, -20.14797], [-44.23628, -20.14762], [-44.23683, -20.14685], [-44.23692, -20.14684], [-44.23712, -20.14684], [-44.23731, -20.14685], [-44.23768, -20.14676], [-44.23805, -20.14667], [-44.23818, -20.14666], [-44.23836, -20.14671], [-44.23858, -20.14678], [-44.2388, -20.14682], [-44.23891, -20.14694], [-44.239, -20.14706], [-44.23914, -20.14719], [-44.23933, -20.14731], [-44.2395, -20.14743], [-44.23956, -20.14746], [-44.23968, -20.14736], [-44.23986, -20.14713], [-44.24, -20.14703], [-44.24007, -20.147], [-44.2402, -20.14697], [-44.24039, -20.14692], [-44.2405, -20.14681], [-44.24058, -20.14665], [-44.24068, -20.14648], [-44.24089, -20.14627], [-44.24107, -20.14625], [-44.24131, -20.14627], [-44.24137, -20.14639], [-44.24144, -20.14652], [-44.24148, -20.14668], [-44.24149, -20.14687], [-44.24143, -20.14706], [-44.24131, -20.14738], [-44.24127, -20.14748], [-44.24124, -20.14762], [-44.24124, -20.1478], [-44.24128, -20.14809], [-44.2413, -20.14843], [-44.24128, -20.14863], [-44.2411, -20.14874], [-44.24125, -20.14895], [-44.24138, -20.14916], [-44.24149, -20.14935], [-44.24155, -20.14961], [-44.24153, -20.14988], [-44.24144, -20.15003], [-44.24134, -20.15006], [-44.24119, -20.15001], [-44.24099, -20.14994], [-44.24078, -20.14983], [-44.24066, -20.14972], [-44.24055, -20.14962], [-44.24039, -20.14945], [-44.24023, -20.1493], [-44.24008, -20.14921], [-44.23997, -20.14909], [-44.23986, -20.14892], [-44.23978, -20.14869], [-44.23965, -20.14852], [-44.23938, -20.14865], [-44.23909, -20.14881], [-44.23883, -20.14891], [-44.23852, -20.14902], [-44.23829, -20.14909], [-44.23831, -20.14912], [-44.23836, -20.14919], [-44.23846, -20.14927], [-44.23857, -20.14938], [-44.23869, -20.1495], [-44.2388, -20.14959], [-44.23915, -20.1499], [-44.23932, -20.15016], [-44.2394, -20.15032], [-44.23952, -20.15047], [-44.23963, -20.1506], [-44.23973, -20.15076], [-44.23981, -20.15094], [-44.23988, -20.15115], [-44.23996, -20.15137], [-44.24007, -20.15164], [-44.24019, -20.15175], [-44.24044, -20.15187], [-44.24073, -20.15184], [-44.24092, -20.15175], [-44.2415, -20.15163], [-44.24196, -20.1516], [-44.24226, -20.1516], [-44.2424, -20.15151], [-44.24255, -20.15131], [-44.24267, -20.15107], [-44.24269, -20.15086], [-44.2427, -20.1507], [-44.24272, -20.15059], [-44.24282, -20.15049], [-44.24293, -20.15044], [-44.24303, -20.15045], [-44.24316, -20.15051], [-44.24335, -20.15056], [-44.24352, -20.15062], [-44.24365, -20.15059], [-44.24378, -20.15048], [-44.24381, -20.15032], [-44.24394, -20.15001], [-44.24404, -20.14971], [-44.2442, -20.14929], [-44.24442, -20.14909], [-44.24453, -20.14903], [-44.24466, -20.14896], [-44.24482, -20.14879], [-44.24497, -20.14849], [-44.24507, -20.14832], [-44.24526, -20.14808], [-44.24536, -20.14793], [-44.24545, -20.14783], [-44.24559, -20.14774], [-44.24568, -20.14764], [-44.24574, -20.14746], [-44.24582, -20.14719], [-44.24582, -20.147], [-44.24579, -20.14685], [-44.24573, -20.14665], [-44.24574, -20.14653], [-44.24582, -20.14646], [-44.24595, -20.14639], [-44.24624, -20.14626], [-44.24646, -20.14622], [-44.24666, -20.1462], [-44.24693, -20.14619], [-44.24712, -20.14626], [-44.24726, -20.14636], [-44.2474, -20.14647], [-44.24769, -20.14652], [-44.24797, -20.14661], [-44.24826, -20.14673], [-44.24848, -20.14681], [-44.24878, -20.14685], [-44.249, -20.14682], [-44.24923, -20.14675], [-44.24944, -20.14672], [-44.24963, -20.14673], [-44.24949, -20.14559], [-44.25088, -20.14433], [-44.25236, -20.14084], [-44.24439, -20.1412], [-44.24161, -20.14131], [-44.24056, -20.13966], [-44.2393, -20.13802], [-44.23834, -20.13677], [-44.23761, -20.13568], [-44.23712, -20.13513], [-44.23708, -20.13509], [-44.2366, -20.13566], [-44.23633, -20.1359], [-44.2356, -20.13623], [-44.23482, -20.13659], [-44.23378, -20.1371], [-44.23333, -20.13738], [-44.23289, -20.13778], [-44.23252, -20.13821], [-44.23192, -20.13901], [-44.23143, -20.13969], [-44.23104, -20.14039], [-44.23084, -20.14077], [-44.23072, -20.14093], [-44.23058, -20.14106], [-44.23035, -20.14119], [-44.22995, -20.14136], [-44.22945, -20.14151], [-44.22895, -20.14167], [-44.2285, -20.14176], [-44.22823, -20.14177], [-44.22799, -20.14168], [-44.22768, -20.14158]]]}}, {"type": "Feature", "properties": {"cd_setor": "310900625000001", "distrito": "São José do Paraopeba", "situacao": "Urbana", "area_km2": 1.185599049811757, "populacao": 238.0, "domicilios": 82.0, "esgoto_rede": 0.0, "agua_rede": 77.77777777777777, "lixo_coletado": 96.34146341463415}, "geometry": {"type": "Polygon", "coordinates": [[[-44.11731, -20.26886], [-44.11715, -20.26869], [-44.11701, -20.26845], [-44.11686, -20.26814], [-44.1168, -20.26791], [-44.1168, -20.26788], [-44.11695, -20.26772], [-44.11714, -20.26756], [-44.11736, -20.26736], [-44.11753, -20.26722], [-44.11768, -20.26704], [-44.11779, -20.26688], [-44.11789, -20.26673], [-44.11802, -20.26658], [-44.1182, -20.26643], [-44.11823, -20.2664], [-44.11848, -20.2662], [-44.11875, -20.26601], [-44.11898, -20.26581], [-44.11921, -20.26559], [-44.11939, -20.26537], [-44.11954, -20.2651], [-44.11964, -20.26483], [-44.11971, -20.26456], [-44.11977, -20.26427], [-44.11982, -20.26404], [-44.11985, -20.26384], [-44.11986, -20.26359], [-44.11993, -20.26326], [-44.11999, -20.26297], [-44.12001, -20.26278], [-44.12004, -20.26258], [-44.12008, -20.26229], [-44.12011, -20.26209], [-44.12018, -20.26188], [-44.12032, -20.26168], [-44.12053, -20.26155], [-44.12069, -20.26148], [-44.12089, -20.26142], [-44.12098, -20.2614], [-44.12106, -20.26138], [-44.12117, -20.26134], [-44.12127, -20.26131], [-44.12149, -20.2612], [-44.12166, -20.26113], [-44.12218, -20.26083], [-44.12185, -20.2599], [-44.12143, -20.25911], [-44.12095, -20.25881], [-44.12081, -20.25862], [-44.12062, -20.2584], [-44.12058, -20.25834], [-44.12043, -20.25814], [-44.12024, -20.25795], [-44.12, -20.25765], [-44.11984, -20.25748], [-44.11845, -20.25869], [-44.11835, -20.2585], [-44.11824, -20.25824], [-44.11814, -20.25821], [-44.11806, -20.25821], [-44.11793, -20.25825], [-44.11772, -20.25827], [-44.11755, -20.25829], [-44.11739, -20.25832], [-44.11725, -20.25835], [-44.1173, -20.25879], [-44.11724, -20.25963], [-44.11723, -20.25998], [-44.11714, -20.26002], [-44.11706, -20.26009], [-44.11698, -20.26019], [-44.11693, -20.26028], [-44.11686, -20.26048], [-44.11682, -20.26059], [-44.11675, -20.26064], [-44.11662, -20.26073], [-44.11653, -20.26077], [-44.11641, -20.26086], [-44.11625, -20.26108], [-44.11602, -20.26133], [-44.1158, -20.26153], [-44.11549, -20.26188], [-44.11525, -20.26214], [-44.11507, -20.26241], [-44.11483, -20.26259], [-44.11467, -20.26274], [-44.11446, -20.26282], [-44.1143, -20.26286], [-44.11414, -20.26292], [-44.11403, -20.26302], [-44.11382, -20.26327], [-44.11356, -20.26335], [-44.11336, -20.26336], [-44.11304, -20.26337], [-44.1129, -20.26345], [-44.11277, -20.26363], [-44.11269, -20.2639], [-44.11256, -20.26411], [-44.11246, -20.26437], [-44.11235, -20.26453], [-44.11214, -20.26463], [-44.11189, -20.26467], [-44.11167, -20.26467], [-44.11146, -20.26468], [-44.11122, -20.26463], [-44.11106, -20.26456], [-44.11097, -20.26442], [-44.11088, -20.26431], [-44.11071, -20.26437], [-44.11045, -20.2644], [-44.11028, -20.26439], [-44.11018, -20.26446], [-44.11014, -20.26458], [-44.11016, -20.26471], [-44.11018, -20.26486], [-44.11015, -20.26498], [-44.11006, -20.26514], [-44.10994, -20.26526], [-44.10981, -20.26542], [-44.10972, -20.26557], [-44.10964, -20.26573], [-44.10952, -20.26585], [-44.10932, -20.26594], [-44.10917, -20.26602], [-44.10907, -20.26631], [-44.10896, -20.26648], [-44.10885, -20.2666], [-44.10873, -20.26674], [-44.10869, -20.26689], [-44.10833, -20.26776], [-44.10811, -20.26787], [-44.10787, -20.26791], [-44.10766, -20.26801], [-44.10748, -20.26819], [-44.1075, -20.26835], [-44.10756, -20.2684], [-44.10771, -20.26845], [-44.10783, -20.26849], [-44.1079, -20.26855], [-44.10789, -20.26863], [-44.10781, -20.26874], [-44.10763, -20.26891], [-44.10747, -20.2691], [-44.10728, -20.26923], [-44.10712, -20.26936], [-44.10699, -20.26948], [-44.10688, -20.26961], [-44.10674, -20.26977], [-44.10665, -20.26984], [-44.1065, -20.26991], [-44.10642, -20.26996], [-44.10639, -20.27004], [-44.10641, -20.27014], [-44.10648, -20.27022], [-44.10657, -20.2703], [-44.10657, -20.27038], [-44.10652, -20.27046], [-44.10632, -20.27045], [-44.10615, -20.27044], [-44.10607, -20.27053], [-44.10602, -20.27063], [-44.10588, -20.27078], [-44.10581, -20.27091], [-44.10581, -20.27105], [-44.10571, -20.2712], [-44.1055, -20.27145], [-44.1053, -20.27172], [-44.10593, -20.27223], [-44.10624, -20.27248], [-44.10645, -20.27252], [-44.10666, -20.27264], [-44.10688, -20.2727], [-44.10717, -20.27278], [-44.10768, -20.27278], [-44.10805, -20.27283], [-44.10842, -20.27284], [-44.10902, -20.27282], [-44.10945, -20.27289], [-44.10982, -20.27298], [-44.1103, -20.27322], [-44.11065, -20.27334], [-44.11109, -20.27331], [-44.11155, -20.27313], [-44.11165, -20.27259], [-44.11196, -20.27205], [-44.11361, -20.27143], [-44.11357, -20.27129], [-44.1135, -20.27117], [-44.11337, -20.27101], [-44.11333, -20.2709], [-44.1133, -20.27078], [-44.11323, -20.27044], [-44.11318, -20.27023], [-44.11316, -20.27007], [-44.11315, -20.26989], [-44.11315, -20.26977], [-44.11377, -20.26982], [-44.11442, -20.26976], [-44.11468, -20.26968], [-44.1149, -20.26957], [-44.11516, -20.26939], [-44.11546, -20.26929], [-44.11565, -20.26915], [-44.11587, -20.26906], [-44.11608, -20.26902], [-44.1164, -20.26902], [-44.11675, -20.26902], [-44.11714, -20.26896], [-44.11731, -20.26886]]]}}, {"type": "Feature", "properties": {"cd_setor": "310900625000002", "distrito": "São José do Paraopeba", "situacao": "Urbana", "area_km2": 0.409152574518092, "populacao": 202.0, "domicilios": 85.0, "esgoto_rede": 3.5294117647058822, "agua_rede": 30.58823529411765, "lixo_coletado": 100.0}, "geometry": {"type": "Polygon", "coordinates": [[[-44.09796, -20.21814], [-44.09794, -20.21834], [-44.09802, -20.21851], [-44.09815, -20.21867], [-44.09823, -20.21881], [-44.09825, -20.21893], [-44.09821, -20.21909], [-44.09827, -20.21934], [-44.09834, -20.21949], [-44.0984, -20.21962], [-44.09848, -20.21974], [-44.09863, -20.21986], [-44.09873, -20.21999], [-44.09883, -20.22003], [-44.09886, -20.22005], [-44.09893, -20.22019], [-44.09897, -20.22036], [-44.09897, -20.2206], [-44.09895, -20.22078], [-44.09897, -20.22091], [-44.09907, -20.221], [-44.09915, -20.22103], [-44.09919, -20.2211], [-44.09918, -20.22122], [-44.09918, -20.22136], [-44.09913, -20.22152], [-44.09908, -20.22166], [-44.09905, -20.22181], [-44.099, -20.22196], [-44.09895, -20.22211], [-44.09882, -20.22225], [-44.0987, -20.22235], [-44.09861, -20.22254], [-44.09853, -20.22279], [-44.09845, -20.22297], [-44.09835, -20.22308], [-44.09824, -20.22321], [-44.0981, -20.22336], [-44.09794, -20.22352], [-44.09773, -20.2236], [-44.0976, -20.22359], [-44.09746, -20.22361], [-44.0973, -20.22364], [-44.09721, -20.22367], [-44.09713, -20.22376], [-44.09707, -20.22383], [-44.09708, -20.22393], [-44.09715, -20.22405], [-44.09722, -20.22412], [-44.09725, -20.22417], [-44.09725, -20.22423], [-44.09721, -20.22427], [-44.09717, -20.22428], [-44.09702, -20.2242], [-44.09686, -20.22409], [-44.09668, -20.22395], [-44.0965, -20.22385], [-44.09633, -20.22378], [-44.09615, -20.22375], [-44.09607, -20.22378], [-44.09598, -20.22389], [-44.09595, -20.22406], [-44.09596, -20.22423], [-44.09598, -20.22437], [-44.09603, -20.2245], [-44.09615, -20.2246], [-44.09626, -20.22468], [-44.09638, -20.22477], [-44.09652, -20.22485], [-44.09664, -20.22493], [-44.09678, -20.22502], [-44.09688, -20.22513], [-44.09692, -20.22522], [-44.09696, -20.22531], [-44.09699, -20.22543], [-44.09699, -20.22557], [-44.09697, -20.22581], [-44.09696, -20.226], [-44.09697, -20.22626], [-44.09699, -20.22649], [-44.09699, -20.22664], [-44.09696, -20.22677], [-44.09695, -20.22685], [-44.09725, -20.22694], [-44.09757, -20.22703], [-44.09785, -20.22712], [-44.09805, -20.22722], [-44.09829, -20.22735], [-44.09848, -20.22747], [-44.09864, -20.2276], [-44.09879, -20.22774], [-44.09905, -20.228], [-44.0993, -20.22827], [-44.09958, -20.22856], [-44.09972, -20.22874], [-44.09986, -20.22892], [-44.09995, -20.2291], [-44.10005, -20.22929], [-44.10009, -20.22946], [-44.10014, -20.22965], [-44.10018, -20.22988], [-44.1002, -20.2301], [-44.10021, -20.23035], [-44.10041, -20.23035], [-44.1006, -20.23032], [-44.10076, -20.2303], [-44.10085, -20.23031], [-44.10093, -20.23028], [-44.10105, -20.2302], [-44.10125, -20.23009], [-44.10144, -20.23001], [-44.10162, -20.22993], [-44.10185, -20.22984], [-44.10204, -20.22972], [-44.10231, -20.22961], [-44.10244, -20.22955], [-44.10254, -20.22947], [-44.10264, -20.22936], [-44.10105, -20.22696], [-44.10002, -20.22539], [-44.10029, -20.22526], [-44.1005, -20.22514], [-44.10073, -20.22502], [-44.10093, -20.22492], [-44.10105, -20.22486], [-44.10111, -20.22482], [-44.10117, -20.22475], [-44.10124, -20.22465], [-44.10133, -20.22449], [-44.10142, -20.22437], [-44.10149, -20.22429], [-44.10159, -20.22422], [-44.10172, -20.22414], [-44.10137, -20.21992], [-44.10124, -20.21994], [-44.1009, -20.21983], [-44.10068, -20.21977], [-44.10053, -20.21975], [-44.10035, -20.2197], [-44.10023, -20.21956], [-44.1002, -20.21941], [-44.1002, -20.21926], [-44.1002, -20.21913], [-44.10016, -20.21898], [-44.10001, -20.21883], [-44.09982, -20.2187], [-44.09969, -20.2186], [-44.09959, -20.21852], [-44.09947, -20.21847], [-44.09934, -20.21842], [-44.09917, -20.21838], [-44.09896, -20.21833], [-44.09881, -20.21829], [-44.09869, -20.21823], [-44.09849, -20.21806], [-44.09824, -20.21802], [-44.09803, -20.21805], [-44.09796, -20.21814]]]}}, {"type": "Feature", "properties": {"cd_setor": "310900625000003", "distrito": "São José do Paraopeba", "situacao": "Urbana", "area_km2": 0.193758012408333, "populacao": 196.0, "domicilios": 60.0, "esgoto_rede": 0.0, "agua_rede": 100.0, "lixo_coletado": 100.0}, "geometry": {"type": "Polygon", "coordinates": [[[-44.08424, -20.26443], [-44.08432, -20.26453], [-44.0844, -20.26462], [-44.08447, -20.2647], [-44.08452, -20.26475], [-44.08461, -20.26484], [-44.0848, -20.26501], [-44.08527, -20.26541], [-44.0856, -20.26571], [-44.08569, -20.2658], [-44.08578, -20.26588], [-44.08592, -20.26603], [-44.08604, -20.26615], [-44.08617, -20.26631], [-44.08626, -20.26645], [-44.08631, -20.26654], [-44.08636, -20.26665], [-44.08642, -20.26681], [-44.08648, -20.267], [-44.08651, -20.26716], [-44.08652, -20.26734], [-44.08653, -20.26762], [-44.08652, -20.26779], [-44.0865, -20.26801], [-44.08645, -20.26825], [-44.08639, -20.26848], [-44.08632, -20.26868], [-44.08625, -20.26883], [-44.08617, -20.26898], [-44.08608, -20.26911], [-44.0859, -20.26933], [-44.08571, -20.26951], [-44.0856, -20.26962], [-44.08542, -20.26976], [-44.08525, -20.26989], [-44.08497, -20.27007], [-44.08465, -20.27023], [-44.08429, -20.27039], [-44.08399, -20.27051], [-44.08381, -20.27059], [-44.08369, -20.27063], [-44.08342, -20.27076], [-44.08317, -20.27091], [-44.08296, -20.27104], [-44.08284, -20.27113], [-44.08271, -20.27126], [-44.0826, -20.27137], [-44.08275, -20.27148], [-44.08289, -20.27158], [-44.08302, -20.27164], [-44.08321, -20.27177], [-44.08336, -20.27188], [-44.08346, -20.272], [-44.08352, -20.27204], [-44.08363, -20.27213], [-44.08374, -20.2722], [-44.08387, -20.27227], [-44.08397, -20.27233], [-44.08414, -20.27228], [-44.0843, -20.27221], [-44.08446, -20.27211], [-44.08453, -20.27204], [-44.08457, -20.27196], [-44.08454, -20.27182], [-44.08461, -20.27171], [-44.08473, -20.27163], [-44.08488, -20.27156], [-44.08497, -20.27155], [-44.08501, -20.27158], [-44.08508, -20.27158], [-44.0852, -20.27151], [-44.08533, -20.27141], [-44.08541, -20.27129], [-44.08547, -20.27116], [-44.08557, -20.27106], [-44.08569, -20.27097], [-44.08576, -20.27094], [-44.08586, -20.27096], [-44.08594, -20.27096], [-44.08601, -20.27094], [-44.08611, -20.27097], [-44.08619, -20.27102], [-44.08626, -20.27107], [-44.08637, -20.2711], [-44.08704, -20.27008], [-44.08741, -20.26948], [-44.08795, -20.26868], [-44.08818, -20.26833], [-44.08836, -20.268], [-44.08846, -20.2677], [-44.08853, -20.26742], [-44.08858, -20.26711], [-44.08872, -20.26651], [-44.08887, -20.26582], [-44.08866, -20.26578], [-44.08851, -20.26578], [-44.08832, -20.26579], [-44.0881, -20.2658], [-44.08792, -20.26581], [-44.08773, -20.26579], [-44.08763, -20.26572], [-44.08753, -20.26562], [-44.08749, -20.26549], [-44.08739, -20.26537], [-44.08727, -20.26527], [-44.0872, -20.26519], [-44.08717, -20.26507], [-44.08711, -20.26495], [-44.08702, -20.26487], [-44.08688, -20.26485], [-44.08675, -20.26482], [-44.08663, -20.26473], [-44.08655, -20.26461], [-44.08646, -20.2645], [-44.08633, -20.26451], [-44.08627, -20.26457], [-44.0861, -20.26472], [-44.08573, -20.26441], [-44.08538, -20.26412], [-44.08512, -20.26399], [-44.08469, -20.26415], [-44.08445, -20.26432], [-44.08424, -20.26443]]]}}, {"type": "Feature", "properties": {"cd_setor": "310900625000006", "distrito": "São José do Paraopeba", "situacao": "Rural", "area_km2": 0.751540372720472, "populacao": 57.0, "domicilios": 14.0, "esgoto_rede": 0.0, "agua_rede": 100.0, "lixo_coletado": 100.0}, "geometry": {"type": "Polygon", "coordinates": [[[-44.08464, -20.27726], [-44.08415, -20.27815], [-44.08425, -20.2793], [-44.08579, -20.2792], [-44.08647, -20.27928], [-44.08753, -20.27953], [-44.08832, -20.27979], [-44.08884, -20.28], [-44.09023, -20.27961], [-44.09143, -20.27908], [-44.09226, -20.27862], [-44.09267, -20.2799], [-44.09342, -20.28102], [-44.09458, -20.28189], [-44.09597, -20.28267], [-44.09647, -20.28288], [-44.09708, -20.28205], [-44.09772, -20.28145], [-44.09793, -20.2806], [-44.09832, -20.27994], [-44.09862, -20.27947], [-44.09908, -20.27921], [-44.10007, -20.27855], [-44.10022, -20.278], [-44.10036, -20.27787], [-44.10076, -20.27749], [-44.10113, -20.27728], [-44.10066, -20.27732], [-44.09997, -20.27739], [-44.09931, -20.27742], [-44.09805, -20.2769], [-44.09724, -20.27685], [-44.0957, -20.27643], [-44.09519, -20.27615], [-44.09465, -20.276], [-44.09413, -20.2759], [-44.09352, -20.27561], [-44.09306, -20.27547], [-44.09254, -20.27543], [-44.09189, -20.27521], [-44.09094, -20.27507], [-44.09059, -20.27457], [-44.08518, -20.27689], [-44.08464, -20.27726]]]}}, {"type": "Feature", "properties": {"cd_setor": "310900625000008", "distrito": "São José do Paraopeba", "situacao": "Rural", "area_km2": 0.177541543288747, "populacao": 99.0, "domicilios": 33.0, "esgoto_rede": 0.0, "agua_rede": 0.0, "lixo_coletado": 100.0}, "geometry": {"type": "Polygon", "coordinates": [[[-44.07664, -20.27829], [-44.07671, -20.27806], [-44.07664, -20.27716], [-44.07654, -20.27636], [-44.07663, -20.27556], [-44.0769, -20.27508], [-44.07716, -20.27476], [-44.07748, -20.27445], [-44.07785, -20.2742], [-44.07761, -20.27366], [-44.07689, -20.27246], [-44.07665, -20.27215], [-44.07582, -20.27152], [-44.07557, -20.27147], [-44.07507, -20.2727], [-44.0746, -20.27342], [-44.07476, -20.27454], [-44.07443, -20.27549], [-44.07416, -20.27662], [-44.07426, -20.27768], [-44.07433, -20.27799], [-44.07447, -20.27828], [-44.07484, -20.27829], [-44.07664, -20.27829]]]}}, {"type": "Feature", "properties": {"cd_setor": "310900625000010", "distrito": "São José do Paraopeba", "situacao": "Rural", "area_km2": 38.647219639783856, "populacao": 311.0, "domicilios": 123.0, "esgoto_rede": 0.0, "agua_rede": 53.65853658536585, "lixo_coletado": 84.55284552845528}, "geometry": {"type": "Polygon", "coordinates": [[[-44.0825, -20.27151], [-44.08243, -20.27143], [-44.08222, -20.27119], [-44.08206, -20.27099], [-44.08189, -20.27073], [-44.0817, -20.27037], [-44.08186, -20.27012], [-44.08202, -20.26981], [-44.08211, -20.26957], [-44.08227, -20.26919], [-44.08237, -20.2689], [-44.0825, -20.26868], [-44.08266, -20.26858], [-44.08284, -20.2686], [-44.08298, -20.26873], [-44.08306, -20.26895], [-44.0831, -20.2692], [-44.08323, -20.26947], [-44.0835, -20.26984], [-44.08358, -20.27005], [-44.0837, -20.27032], [-44.08381, -20.27059], [-44.08399, -20.27051], [-44.08429, -20.27039], [-44.08465, -20.27023], [-44.08497, -20.27007], [-44.08525, -20.26989], [-44.08542, -20.26976], [-44.0856, -20.26962], [-44.08571, -20.26951], [-44.0859, -20.26933], [-44.08608, -20.26911], [-44.08617, -20.26898], [-44.08625, -20.26883], [-44.08632, -20.26868], [-44.08639, -20.26848], [-44.08645, -20.26825], [-44.0865, -20.26801], [-44.08652, -20.26779], [-44.08653, -20.26762], [-44.08652, -20.26734], [-44.08651, -20.26716], [-44.08648, -20.267], [-44.08642, -20.26681], [-44.08636, -20.26665], [-44.08631, -20.26654], [-44.08626, -20.26645], [-44.08617, -20.26631], [-44.08604, -20.26615], [-44.08592, -20.26603], [-44.08578, -20.26588], [-44.08569, -20.2658], [-44.0856, -20.26571], [-44.08527, -20.26541], [-44.0848, -20.26501], [-44.08461, -20.26484], [-44.08452, -20.26475], [-44.08447, -20.2647], [-44.0844, -20.26462], [-44.08432, -20.26453], [-44.08424, -20.26443], [-44.0842, -20.26436], [-44.08416, -20.2643], [-44.08411, -20.26423], [-44.08407, -20.26416], [-44.08404, -20.26412], [-44.08381, -20.26363], [-44.08255, -20.26052], [-44.08224, -20.25947], [-44.08216, -20.25885], [-44.08218, -20.25833], [-44.08228, -20.2578], [-44.08248, -20.25741], [-44.08283, -20.25694], [-44.08335, -20.25656], [-44.08451, -20.25612], [-44.0862, -20.25563], [-44.0885, -20.25508], [-44.08926, -20.25468], [-44.08975, -20.25406], [-44.08992, -20.25359], [-44.09006, -20.25303], [-44.09, -20.25242], [-44.08973, -20.2518], [-44.08921, -20.25112], [-44.08814, -20.25009], [-44.08791, -20.24974], [-44.08773, -20.24935], [-44.08764, -20.24908], [-44.08762, -20.24878], [-44.08776, -20.24814], [-44.08817, -20.24753], [-44.08918, -20.2466], [-44.09125, -20.2447], [-44.09169, -20.24414], [-44.09193, -20.2436], [-44.09202, -20.24294], [-44.09196, -20.24237], [-44.09182, -20.24204], [-44.09113, -20.24045], [-44.09089, -20.23985], [-44.09088, -20.23915], [-44.09107, -20.23858], [-44.09149, -20.23801], [-44.09221, -20.23763], [-44.09293, -20.23756], [-44.09365, -20.23769], [-44.0944, -20.23832], [-44.0956, -20.23917], [-44.09603, -20.23946], [-44.0966, -20.23963], [-44.09715, -20.23967], [-44.09764, -20.23952], [-44.09812, -20.23922], [-44.0986, -20.23865], [-44.0989, -20.23793], [-44.0992, -20.23731], [-44.09996, -20.23612], [-44.10027, -20.23542], [-44.1004, -20.23481], [-44.10042, -20.23403], [-44.10031, -20.23242], [-44.10027, -20.23143], [-44.10021, -20.23035], [-44.1002, -20.2301], [-44.10018, -20.22988], [-44.10014, -20.22965], [-44.10009, -20.22946], [-44.10005, -20.22929], [-44.09995, -20.2291], [-44.09986, -20.22892], [-44.09972, -20.22874], [-44.09958, -20.22856], [-44.0993, -20.22827], [-44.09905, -20.228], [-44.09879, -20.22774], [-44.09864, -20.2276], [-44.09848, -20.22747], [-44.09829, -20.22735], [-44.09805, -20.22722], [-44.09785, -20.22712], [-44.09757, -20.22703], [-44.09725, -20.22694], [-44.09695, -20.22685], [-44.09688, -20.22696], [-44.09678, -20.22708], [-44.09672, -20.22725], [-44.0967, -20.22741], [-44.09666, -20.2276], [-44.09663, -20.22797], [-44.09661, -20.22832], [-44.09657, -20.2285], [-44.09651, -20.22859], [-44.09628, -20.22857], [-44.09601, -20.2284], [-44.09589, -20.22826], [-44.09572, -20.22815], [-44.09555, -20.22814], [-44.09539, -20.22819], [-44.09522, -20.22832], [-44.09519, -20.22852], [-44.09517, -20.22882], [-44.09518, -20.22918], [-44.09527, -20.22947], [-44.09538, -20.22973], [-44.09561, -20.22985], [-44.09598, -20.22983], [-44.09633, -20.22973], [-44.09655, -20.2297], [-44.09665, -20.22968], [-44.09677, -20.22974], [-44.09702, -20.22991], [-44.09723, -20.22989], [-44.09759, -20.22977], [-44.09779, -20.22977], [-44.09792, -20.22985], [-44.09795, -20.22994], [-44.09787, -20.23006], [-44.09774, -20.23011], [-44.09759, -20.23018], [-44.09752, -20.23025], [-44.0975, -20.23029], [-44.09753, -20.23036], [-44.09761, -20.23041], [-44.09779, -20.23051], [-44.09809, -20.23065], [-44.09834, -20.23078], [-44.09844, -20.2309], [-44.09846, -20.23107], [-44.09835, -20.2312], [-44.09832, -20.23138], [-44.09838, -20.23163], [-44.09833, -20.23175], [-44.09823, -20.23182], [-44.09815, -20.2318], [-44.09812, -20.23171], [-44.09804, -20.23168], [-44.09797, -20.23167], [-44.09789, -20.23174], [-44.09786, -20.2319], [-44.09781, -20.23202], [-44.09782, -20.2322], [-44.09776, -20.23239], [-44.09768, -20.23252], [-44.09754, -20.23274], [-44.09747, -20.23282], [-44.09744, -20.23295], [-44.09751, -20.23312], [-44.09757, -20.23321], [-44.09766, -20.23335], [-44.09769, -20.23353], [-44.09772, -20.23374], [-44.09777, -20.23393], [-44.09796, -20.23406], [-44.09823, -20.23423], [-44.09835, -20.23443], [-44.0984, -20.23471], [-44.09837, -20.23494], [-44.09832, -20.23523], [-44.09824, -20.23531], [-44.09807, -20.23537], [-44.09798, -20.23542], [-44.09797, -20.23553], [-44.09802, -20.23557], [-44.09807, -20.23569], [-44.09803, -20.23579], [-44.09797, -20.23586], [-44.09779, -20.23587], [-44.09748, -20.23591], [-44.09696, -20.23574], [-44.09661, -20.23581], [-44.09628, -20.23605], [-44.09602, -20.23605], [-44.09567, -20.23605], [-44.09529, -20.23611], [-44.095, -20.23607], [-44.0947, -20.23601], [-44.09452, -20.23595], [-44.09429, -20.23592], [-44.09415, -20.23583], [-44.09417, -20.23565], [-44.09439, -20.23551], [-44.09448, -20.23538], [-44.09446, -20.23523], [-44.09421, -20.23515], [-44.09383, -20.2352], [-44.09352, -20.23542], [-44.09316, -20.23544], [-44.09285, -20.23534], [-44.09276, -20.23515], [-44.09281, -20.23487], [-44.0928, -20.23459], [-44.09267, -20.2344], [-44.09244, -20.23432], [-44.09229, -20.2342], [-44.09228, -20.23401], [-44.09229, -20.2337], [-44.09218, -20.23345], [-44.09197, -20.23337], [-44.09177, -20.23331], [-44.09156, -20.23332], [-44.09135, -20.23341], [-44.09119, -20.23359], [-44.09096, -20.23368], [-44.09069, -20.23382], [-44.09041, -20.23394], [-44.09019, -20.23411], [-44.09004, -20.23423], [-44.08991, -20.23442], [-44.08974, -20.23463], [-44.08959, -20.235], [-44.08939, -20.23525], [-44.08926, -20.23557], [-44.08932, -20.23585], [-44.08947, -20.23613], [-44.08952, -20.23636], [-44.0894, -20.23663], [-44.08936, -20.23693], [-44.08931, -20.23715], [-44.08921, -20.23742], [-44.08914, -20.23765], [-44.08896, -20.23784], [-44.08887, -20.23819], [-44.08888, -20.23846], [-44.08886, -20.23867], [-44.08877, -20.23882], [-44.08868, -20.23903], [-44.08866, -20.23921], [-44.08864, -20.23937], [-44.08863, -20.23956], [-44.0888, -20.23977], [-44.08892, -20.23996], [-44.08908, -20.2402], [-44.08915, -20.24035], [-44.08912, -20.2405], [-44.08902, -20.24067], [-44.0888, -20.24094], [-44.08853, -20.24121], [-44.08844, -20.2414], [-44.08827, -20.24158], [-44.08808, -20.24168], [-44.08766, -20.24166], [-44.08728, -20.24174], [-44.08699, -20.24162], [-44.08681, -20.24155], [-44.08639, -20.24158], [-44.08613, -20.2417], [-44.08514, -20.24169], [-44.0848, -20.24169], [-44.08454, -20.2416], [-44.08417, -20.24144], [-44.08388, -20.24143], [-44.08359, -20.24134], [-44.08323, -20.24117], [-44.08281, -20.24108], [-44.08246, -20.24104], [-44.08212, -20.24083], [-44.0819, -20.24053], [-44.08186, -20.24001], [-44.08191, -20.23958], [-44.08187, -20.23932], [-44.08184, -20.23909], [-44.08175, -20.23888], [-44.08163, -20.23866], [-44.0815, -20.23843], [-44.08146, -20.23821], [-44.08139, -20.23796], [-44.08124, -20.2377], [-44.08103, -20.23755], [-44.08079, -20.23746], [-44.08053, -20.23746], [-44.0803, -20.23752], [-44.08007, -20.23764], [-44.07978, -20.23767], [-44.07952, -20.23765], [-44.07927, -20.23769], [-44.07905, -20.23786], [-44.07893, -20.23806], [-44.07883, -20.23828], [-44.07875, -20.23851], [-44.07851, -20.23852], [-44.07828, -20.23871], [-44.07795, -20.23889], [-44.07765, -20.23912], [-44.07742, -20.2394], [-44.07717, -20.23961], [-44.07688, -20.23984], [-44.07665, -20.24003], [-44.07637, -20.24018], [-44.07607, -20.24041], [-44.07584, -20.24061], [-44.07583, -20.24086], [-44.0758, -20.24114], [-44.07568, -20.24139], [-44.07558, -20.24161], [-44.07542, -20.24189], [-44.07525, -20.24212], [-44.07517, -20.24236], [-44.07514, -20.24259], [-44.07511, -20.24273], [-44.07508, -20.24283], [-44.07499, -20.24305], [-44.07493, -20.24327], [-44.07475, -20.24344], [-44.0746, -20.24363], [-44.07444, -20.24384], [-44.0743, -20.24405], [-44.07418, -20.24424], [-44.07411, -20.24446], [-44.07395, -20.24463], [-44.07378, -20.24479], [-44.07364, -20.24499], [-44.07357, -20.24529], [-44.0734, -20.24547], [-44.07314, -20.24549], [-44.07288, -20.24549], [-44.0726, -20.24544], [-44.07229, -20.24538], [-44.07199, -20.24537], [-44.07178, -20.24542], [-44.07136, -20.24528], [-44.07113, -20.24515], [-44.07079, -20.2451], [-44.07052, -20.24518], [-44.0703, -20.24536], [-44.07009, -20.24565], [-44.06982, -20.24589], [-44.06966, -20.24629], [-44.06938, -20.24651], [-44.06916, -20.24683], [-44.06901, -20.24703], [-44.06874, -20.24724], [-44.06828, -20.24731], [-44.06793, -20.24752], [-44.06748, -20.24752], [-44.06713, -20.24759], [-44.06682, -20.24777], [-44.06652, -20.24795], [-44.06625, -20.24823], [-44.06604, -20.24865], [-44.06594, -20.24893], [-44.06566, -20.24915], [-44.06523, -20.24942], [-44.06489, -20.24975], [-44.06469, -20.25003], [-44.06449, -20.25031], [-44.06427, -20.25049], [-44.064, -20.25047], [-44.06372, -20.25058], [-44.06332, -20.25052], [-44.06307, -20.25056], [-44.06281, -20.25055], [-44.06254, -20.25068], [-44.06214, -20.2505], [-44.06179, -20.25035], [-44.06147, -20.25023], [-44.06108, -20.25017], [-44.06065, -20.25003], [-44.0603, -20.24975], [-44.06006, -20.24958], [-44.06004, -20.24922], [-44.05985, -20.24901], [-44.05979, -20.24882], [-44.05978, -20.2486], [-44.05969, -20.24837], [-44.0594, -20.24826], [-44.05912, -20.24811], [-44.05873, -20.2479], [-44.05838, -20.24789], [-44.05797, -20.24795], [-44.05772, -20.24787], [-44.05746, -20.24784], [-44.0572, -20.24783], [-44.05694, -20.24787], [-44.05667, -20.24793], [-44.05622, -20.24811], [-44.05591, -20.24788], [-44.05602, -20.24746], [-44.05597, -20.2472], [-44.0558, -20.24671], [-44.05574, -20.24649], [-44.05537, -20.24632], [-44.05498, -20.24641], [-44.0547, -20.24654], [-44.0544, -20.24643], [-44.05417, -20.24632], [-44.05388, -20.24628], [-44.05364, -20.24623], [-44.05351, -20.24598], [-44.05337, -20.24565], [-44.05311, -20.2456], [-44.05252, -20.24624], [-44.05233, -20.24642], [-44.05215, -20.24658], [-44.05195, -20.24674], [-44.05178, -20.24694], [-44.05165, -20.24713], [-44.0515, -20.24735], [-44.05136, -20.24755], [-44.05118, -20.24772], [-44.051, -20.24791], [-44.05089, -20.24818], [-44.05077, -20.24839], [-44.05063, -20.24861], [-44.05048, -20.24886], [-44.05038, -20.24918], [-44.05023, -20.2495], [-44.04998, -20.24975], [-44.04963, -20.24995], [-44.04935, -20.25017], [-44.04906, -20.25037], [-44.04878, -20.25063], [-44.04834, -20.25097], [-44.04812, -20.25119], [-44.04795, -20.25135], [-44.04779, -20.25157], [-44.04756, -20.25171], [-44.04733, -20.25188], [-44.0471, -20.25207], [-44.0468, -20.25222], [-44.04656, -20.25234], [-44.04627, -20.2524], [-44.04605, -20.25243], [-44.0458, -20.25253], [-44.04565, -20.25259], [-44.04548, -20.25263], [-44.04527, -20.25267], [-44.04499, -20.25274], [-44.04475, -20.25279], [-44.04447, -20.25287], [-44.04426, -20.25287], [-44.04403, -20.25287], [-44.04381, -20.25291], [-44.04354, -20.253], [-44.04334, -20.2531], [-44.04306, -20.25319], [-44.0428, -20.25321], [-44.04252, -20.25322], [-44.04226, -20.25315], [-44.04198, -20.25313], [-44.04165, -20.25317], [-44.04141, -20.25321], [-44.04114, -20.25324], [-44.04086, -20.25325], [-44.04058, -20.25328], [-44.04031, -20.25337], [-44.04004, -20.25333], [-44.03976, -20.25329], [-44.03952, -20.2532], [-44.03921, -20.25313], [-44.03897, -20.25305], [-44.03864, -20.25297], [-44.03828, -20.25285], [-44.03797, -20.25272], [-44.03767, -20.25265], [-44.03737, -20.25262], [-44.03714, -20.2526], [-44.03679, -20.25257], [-44.03653, -20.25271], [-44.03634, -20.25287], [-44.03615, -20.253], [-44.03598, -20.25318], [-44.03582, -20.25334], [-44.03564, -20.25348], [-44.03547, -20.25371], [-44.03535, -20.25397], [-44.03523, -20.25416], [-44.03503, -20.25435], [-44.03496, -20.25458], [-44.03491, -20.25485], [-44.03484, -20.25519], [-44.03481, -20.25544], [-44.03483, -20.25681], [-44.03484, -20.25705], [-44.03487, -20.25728], [-44.0349, -20.25754], [-44.03491, -20.25782], [-44.03492, -20.25835], [-44.03489, -20.2586], [-44.03482, -20.25886], [-44.03472, -20.25909], [-44.03449, -20.25915], [-44.03422, -20.25915], [-44.03397, -20.25913], [-44.03372, -20.25911], [-44.03345, -20.25911], [-44.03313, -20.25911], [-44.03289, -20.25909], [-44.03264, -20.25904], [-44.03239, -20.259], [-44.03216, -20.25889], [-44.0319, -20.25876], [-44.03163, -20.25862], [-44.03136, -20.25842], [-44.03088, -20.25813], [-44.03071, -20.25797], [-44.03045, -20.2578], [-44.03021, -20.25766], [-44.02983, -20.25747], [-44.02955, -20.25726], [-44.02937, -20.25711], [-44.02917, -20.25694], [-44.02896, -20.25677], [-44.02875, -20.25659], [-44.02856, -20.2564], [-44.02826, -20.25622], [-44.028, -20.25603], [-44.02775, -20.25592], [-44.02752, -20.25579], [-44.02727, -20.25571], [-44.02704, -20.25555], [-44.02679, -20.25538], [-44.02662, -20.25521], [-44.02642, -20.25497], [-44.02627, -20.25474], [-44.02616, -20.25449], [-44.02606, -20.25429], [-44.02593, -20.25417], [-44.02585, -20.25412], [-44.02577, -20.25397], [-44.02553, -20.25354], [-44.02537, -20.25314], [-44.02526, -20.25279], [-44.02517, -20.25245], [-44.0251, -20.25233], [-44.025, -20.25228], [-44.02486, -20.25228], [-44.02472, -20.25229], [-44.02457, -20.25237], [-44.0244, -20.25262], [-44.02422, -20.25284], [-44.02402, -20.25293], [-44.02379, -20.25303], [-44.02333, -20.25313], [-44.02276, -20.25326], [-44.02254, -20.25334], [-44.02233, -20.25354], [-44.02212, -20.25373], [-44.02187, -20.25403], [-44.02147, -20.25434], [-44.02107, -20.25455], [-44.02057, -20.25462], [-44.01995, -20.2546], [-44.01943, -20.25451], [-44.01896, -20.25453], [-44.01847, -20.25467], [-44.01807, -20.25483], [-44.01782, -20.25498], [-44.01766, -20.25516], [-44.01752, -20.25537], [-44.01741, -20.25562], [-44.01729, -20.25591], [-44.01719, -20.2562], [-44.01714, -20.25644], [-44.01705, -20.25667], [-44.01688, -20.25698], [-44.01673, -20.25715], [-44.01655, -20.25731], [-44.01637, -20.25745], [-44.01615, -20.25759], [-44.01589, -20.25769], [-44.01562, -20.25775], [-44.01539, -20.25776], [-44.01484, -20.25777], [-44.01457, -20.25776], [-44.01432, -20.25773], [-44.01398, -20.25771], [-44.01367, -20.2577], [-44.01327, -20.25765], [-44.01301, -20.25761], [-44.01255, -20.25757], [-44.01225, -20.2575], [-44.01186, -20.25746], [-44.01158, -20.25743], [-44.01117, -20.25737], [-44.01081, -20.25737], [-44.01041, -20.25754], [-44.00993, -20.25783], [-44.00969, -20.25809], [-44.00941, -20.25833], [-44.00896, -20.25853], [-44.00867, -20.25866], [-44.00835, -20.25884], [-44.00807, -20.25897], [-44.00778, -20.25905], [-44.00746, -20.25924], [-44.00712, -20.25948], [-44.00679, -20.25966], [-44.00641, -20.25993], [-44.00611, -20.26004], [-44.00584, -20.26046], [-44.00584, -20.26047], [-44.00586, -20.26073], [-44.00586, -20.26097], [-44.00581, -20.2613], [-44.00578, -20.26152], [-44.00565, -20.26189], [-44.00556, -20.26208], [-44.00544, -20.26236], [-44.00533, -20.26258], [-44.00524, -20.26287], [-44.00518, -20.2631], [-44.0051, -20.26335], [-44.00505, -20.26358], [-44.00504, -20.2638], [-44.00503, -20.26403], [-44.00501, -20.26451], [-44.00502, -20.26477], [-44.00503, -20.26503], [-44.00506, -20.26527], [-44.00514, -20.2655], [-44.00525, -20.26571], [-44.00542, -20.26587], [-44.00561, -20.26601], [-44.00583, -20.26611], [-44.00611, -20.26618], [-44.00637, -20.26632], [-44.0066, -20.26647], [-44.00684, -20.26651], [-44.00714, -20.26656], [-44.00742, -20.26665], [-44.00763, -20.26677], [-44.00786, -20.26684], [-44.00806, -20.26698], [-44.00826, -20.2671], [-44.00847, -20.26726], [-44.00871, -20.26738], [-44.00894, -20.26748], [-44.00925, -20.26758], [-44.00956, -20.2676], [-44.00986, -20.26763], [-44.01017, -20.26765], [-44.01076, -20.26764], [-44.01102, -20.26763], [-44.0113, -20.2674], [-44.01154, -20.26734], [-44.0118, -20.26729], [-44.01213, -20.26728], [-44.01246, -20.26729], [-44.01274, -20.26739], [-44.01296, -20.26752], [-44.01315, -20.26766], [-44.01334, -20.26782], [-44.01356, -20.26797], [-44.01379, -20.26812], [-44.01408, -20.26825], [-44.01428, -20.26837], [-44.01457, -20.26858], [-44.01487, -20.26877], [-44.01511, -20.2689], [-44.01536, -20.26902], [-44.01558, -20.26915], [-44.01588, -20.26931], [-44.01618, -20.26943], [-44.01651, -20.26956], [-44.01683, -20.26969], [-44.01711, -20.26981], [-44.01737, -20.2699], [-44.01764, -20.27004], [-44.01806, -20.27025], [-44.01834, -20.27034], [-44.01856, -20.27047], [-44.01875, -20.27063], [-44.01931, -20.27062], [-44.01954, -20.2706], [-44.01987, -20.27058], [-44.02015, -20.27052], [-44.02044, -20.27038], [-44.02074, -20.27019], [-44.02095, -20.27008], [-44.02117, -20.26993], [-44.02141, -20.26975], [-44.02164, -20.26961], [-44.02188, -20.26945], [-44.02217, -20.26919], [-44.02246, -20.26896], [-44.02269, -20.26877], [-44.02282, -20.26859], [-44.02307, -20.2684], [-44.02327, -20.26812], [-44.02343, -20.26796], [-44.02378, -20.26787], [-44.02402, -20.26762], [-44.02421, -20.26744], [-44.02439, -20.2673], [-44.02464, -20.26718], [-44.0249, -20.26712], [-44.02518, -20.26707], [-44.02559, -20.26702], [-44.02584, -20.26695], [-44.02608, -20.26676], [-44.02645, -20.26669], [-44.02677, -20.26664], [-44.02705, -20.26658], [-44.02734, -20.26657], [-44.02767, -20.26654], [-44.02801, -20.26651], [-44.02918, -20.2665], [-44.02946, -20.26647], [-44.02969, -20.26645], [-44.03002, -20.26639], [-44.03029, -20.26629], [-44.0306, -20.26617], [-44.03085, -20.26618], [-44.03109, -20.26618], [-44.03129, -20.26604], [-44.0315, -20.2659], [-44.03177, -20.26575], [-44.0321, -20.2656], [-44.03229, -20.26547], [-44.03255, -20.26527], [-44.03275, -20.26511], [-44.03297, -20.26496], [-44.03329, -20.26472], [-44.03349, -20.2646], [-44.03379, -20.26428], [-44.0341, -20.264], [-44.03433, -20.26383], [-44.03453, -20.2637], [-44.03473, -20.26351], [-44.03493, -20.26336], [-44.03516, -20.26331], [-44.03529, -20.26349], [-44.03537, -20.26372], [-44.03529, -20.26394], [-44.03527, -20.26423], [-44.03521, -20.26452], [-44.03516, -20.26476], [-44.0351, -20.265], [-44.03503, -20.26526], [-44.03493, -20.26553], [-44.03488, -20.26575], [-44.03482, -20.266], [-44.0348, -20.26623], [-44.03474, -20.26645], [-44.0347, -20.26667], [-44.03467, -20.26689], [-44.03464, -20.26714], [-44.03463, -20.26737], [-44.03464, -20.26761], [-44.0347, -20.26784], [-44.0348, -20.26806], [-44.03489, -20.26829], [-44.03495, -20.26851], [-44.03498, -20.26872], [-44.03499, -20.26974], [-44.03502, -20.26996], [-44.03505, -20.27021], [-44.03506, -20.27096], [-44.03496, -20.27119], [-44.03478, -20.27141], [-44.03457, -20.27165], [-44.03436, -20.27182], [-44.03419, -20.27197], [-44.03394, -20.27223], [-44.03374, -20.27241], [-44.03354, -20.27259], [-44.03331, -20.27277], [-44.03312, -20.27295], [-44.0329, -20.27309], [-44.03272, -20.27325], [-44.03249, -20.27349], [-44.03232, -20.27366], [-44.03213, -20.27388], [-44.03201, -20.27413], [-44.03187, -20.27433], [-44.03171, -20.27461], [-44.03154, -20.27481], [-44.03136, -20.27497], [-44.03116, -20.27514], [-44.03098, -20.27528], [-44.03086, -20.27547], [-44.03079, -20.27572], [-44.03074, -20.27595], [-44.03068, -20.27618], [-44.03059, -20.27645], [-44.03046, -20.27668], [-44.03036, -20.2769], [-44.03028, -20.2772], [-44.03014, -20.27745], [-44.0299, -20.2777], [-44.02974, -20.27798], [-44.02959, -20.27814], [-44.02944, -20.27834], [-44.02933, -20.27854], [-44.02917, -20.27883], [-44.02901, -20.27912], [-44.02892, -20.27936], [-44.0288, -20.27958], [-44.02867, -20.27984], [-44.02868, -20.28008], [-44.02872, -20.28034], [-44.02873, -20.28081], [-44.02866, -20.28105], [-44.02856, -20.28131], [-44.0284, -20.28154], [-44.02829, -20.28173], [-44.02825, -20.28197], [-44.02816, -20.28217], [-44.02808, -20.28243], [-44.02802, -20.28267], [-44.02802, -20.28292], [-44.02804, -20.28319], [-44.02809, -20.28343], [-44.0282, -20.28367], [-44.02848, -20.28408], [-44.02859, -20.28435], [-44.02874, -20.28452], [-44.02889, -20.28477], [-44.02905, -20.285], [-44.0292, -20.28526], [-44.02931, -20.28555], [-44.02945, -20.28574], [-44.02954, -20.28596], [-44.0296, -20.28618], [-44.02972, -20.28644], [-44.02976, -20.28666], [-44.02982, -20.28702], [-44.02986, -20.28723], [-44.02997, -20.28759], [-44.03003, -20.28789], [-44.03004, -20.28816], [-44.03006, -20.28838], [-44.03007, -20.28863], [-44.03013, -20.28891], [-44.03019, -20.28922], [-44.03022, -20.28966], [-44.03025, -20.28994], [-44.03028, -20.29022], [-44.03029, -20.29045], [-44.0303, -20.29123], [-44.03033, -20.29146], [-44.03034, -20.29205], [-44.03037, -20.29234], [-44.0304, -20.29256], [-44.03047, -20.29289], [-44.03058, -20.29325], [-44.03067, -20.29347], [-44.03072, -20.29374], [-44.03072, -20.29398], [-44.03073, -20.29476], [-44.03072, -20.29499], [-44.03062, -20.29529], [-44.03056, -20.29552], [-44.03052, -20.29576], [-44.03049, -20.29605], [-44.03053, -20.29634], [-44.03052, -20.29657], [-44.03045, -20.2968], [-44.03034, -20.29704], [-44.03025, -20.29728], [-44.03015, -20.2975], [-44.03007, -20.29776], [-44.02997, -20.29798], [-44.02989, -20.29821], [-44.02981, -20.29845], [-44.0298, -20.29867], [-44.02994, -20.29873], [-44.03002, -20.29875], [-44.0304, -20.2987], [-44.03064, -20.29863], [-44.03085, -20.29852], [-44.03108, -20.2984], [-44.03136, -20.29829], [-44.03155, -20.29814], [-44.03183, -20.29807], [-44.03212, -20.29807], [-44.03239, -20.29815], [-44.03271, -20.29827], [-44.03292, -20.29837], [-44.03317, -20.29853], [-44.03336, -20.29869], [-44.03361, -20.29888], [-44.03405, -20.29919], [-44.03435, -20.29937], [-44.0346, -20.29952], [-44.03498, -20.29967], [-44.03525, -20.2998], [-44.03553, -20.29992], [-44.03573, -20.30011], [-44.03595, -20.30048], [-44.03608, -20.30077], [-44.03612, -20.30102], [-44.03624, -20.30129], [-44.0364, -20.30146], [-44.0366, -20.30168], [-44.03675, -20.3019], [-44.03699, -20.30216], [-44.03716, -20.30238], [-44.03738, -20.30263], [-44.03763, -20.30287], [-44.03792, -20.30304], [-44.03829, -20.30331], [-44.03847, -20.30346], [-44.03865, -20.30366], [-44.03889, -20.3039], [-44.03906, -20.30408], [-44.03941, -20.30431], [-44.03975, -20.30449], [-44.04008, -20.30457], [-44.04031, -20.3046], [-44.0406, -20.3047], [-44.04079, -20.30482], [-44.04099, -20.30506], [-44.04115, -20.30531], [-44.0413, -20.30549], [-44.04149, -20.30572], [-44.04164, -20.30591], [-44.04182, -20.30608], [-44.04203, -20.30623], [-44.04234, -20.30642], [-44.04261, -20.30651], [-44.04285, -20.30657], [-44.04312, -20.30659], [-44.04339, -20.30667], [-44.04371, -20.30676], [-44.04394, -20.30678], [-44.04424, -20.3068], [-44.0446, -20.30689], [-44.0449, -20.30696], [-44.04515, -20.30698], [-44.04548, -20.30704], [-44.0459, -20.30714], [-44.04627, -20.3072], [-44.04655, -20.30729], [-44.04683, -20.30736], [-44.04709, -20.30747], [-44.04743, -20.30759], [-44.0478, -20.30766], [-44.04818, -20.30772], [-44.04842, -20.30765], [-44.04881, -20.30766], [-44.04916, -20.3077], [-44.04941, -20.30775], [-44.04977, -20.30782], [-44.05004, -20.30787], [-44.05031, -20.30789], [-44.05062, -20.30799], [-44.05078, -20.30815], [-44.05099, -20.3083], [-44.05123, -20.30834], [-44.05148, -20.30845], [-44.05172, -20.30862], [-44.05188, -20.30885], [-44.05205, -20.30913], [-44.05217, -20.30933], [-44.05231, -20.30961], [-44.05244, -20.30981], [-44.05253, -20.3101], [-44.05262, -20.31034], [-44.05271, -20.31056], [-44.05277, -20.31082], [-44.05287, -20.31109], [-44.05293, -20.31136], [-44.05304, -20.3117], [-44.05325, -20.31189], [-44.05341, -20.3121], [-44.05357, -20.31238], [-44.05375, -20.31267], [-44.05389, -20.31292], [-44.05404, -20.31315], [-44.0542, -20.31336], [-44.05437, -20.31359], [-44.05456, -20.31382], [-44.05472, -20.31398], [-44.0549, -20.31415], [-44.0552, -20.31437], [-44.05545, -20.31453], [-44.05575, -20.31468], [-44.05597, -20.31483], [-44.05618, -20.31493], [-44.05647, -20.31501], [-44.0568, -20.31504], [-44.05709, -20.31501], [-44.05738, -20.31488], [-44.05762, -20.31473], [-44.05789, -20.31451], [-44.05809, -20.31432], [-44.05829, -20.31416], [-44.05852, -20.31399], [-44.05876, -20.31388], [-44.059, -20.31379], [-44.05937, -20.31367], [-44.0597, -20.31366], [-44.05998, -20.31366], [-44.06028, -20.31369], [-44.06051, -20.31374], [-44.06084, -20.3137], [-44.06116, -20.31373], [-44.06141, -20.31379], [-44.06166, -20.3139], [-44.06191, -20.31401], [-44.06221, -20.31421], [-44.06238, -20.31436], [-44.06258, -20.31457], [-44.06287, -20.3149], [-44.06306, -20.31509], [-44.06336, -20.31536], [-44.06369, -20.31556], [-44.06401, -20.31574], [-44.06434, -20.31584], [-44.06461, -20.31591], [-44.06486, -20.31594], [-44.06522, -20.31594], [-44.0669, -20.31592], [-44.0672, -20.31591], [-44.06746, -20.31587], [-44.06778, -20.31586], [-44.0681, -20.31582], [-44.06844, -20.31582], [-44.06892, -20.31581], [-44.06915, -20.31578], [-44.0694, -20.31567], [-44.06971, -20.31552], [-44.06996, -20.31543], [-44.07023, -20.31532], [-44.07042, -20.31516], [-44.07041, -20.31482], [-44.0704, -20.31438], [-44.07041, -20.31394], [-44.07045, -20.31365], [-44.07058, -20.31326], [-44.07098, -20.31245], [-44.07174, -20.31118], [-44.07225, -20.31031], [-44.07253, -20.30982], [-44.07293, -20.30938], [-44.07351, -20.30901], [-44.07401, -20.30892], [-44.07453, -20.30888], [-44.07524, -20.30903], [-44.07573, -20.30923], [-44.07648, -20.30925], [-44.07716, -20.30912], [-44.07798, -20.30873], [-44.07875, -20.3083], [-44.07931, -20.30783], [-44.07959, -20.30726], [-44.0797, -20.30667], [-44.07965, -20.30627], [-44.07945, -20.30585], [-44.07911, -20.30542], [-44.07855, -20.30507], [-44.07674, -20.30449], [-44.07599, -20.30421], [-44.0754, -20.30384], [-44.075, -20.30347], [-44.07465, -20.30304], [-44.07437, -20.30256], [-44.0742, -20.3021], [-44.07394, -20.30093], [-44.07342, -20.29845], [-44.07317, -20.29712], [-44.07312, -20.29648], [-44.07315, -20.29614], [-44.07324, -20.29589], [-44.07342, -20.29557], [-44.07379, -20.29519], [-44.07425, -20.29483], [-44.07528, -20.29416], [-44.07565, -20.29387], [-44.07595, -20.29351], [-44.07623, -20.2929], [-44.07629, -20.29235], [-44.07538, -20.28842], [-44.07501, -20.28449], [-44.07493, -20.28309], [-44.07504, -20.28218], [-44.0755, -20.28078], [-44.07649, -20.27874], [-44.07664, -20.27829], [-44.07484, -20.27829], [-44.07447, -20.27828], [-44.07433, -20.27799], [-44.07426, -20.27768], [-44.07416, -20.27662], [-44.07443, -20.27549], [-44.07476, -20.27454], [-44.0746, -20.27342], [-44.07507, -20.2727], [-44.07557, -20.27147], [-44.07582, -20.27152], [-44.07665, -20.27215], [-44.07689, -20.27246], [-44.07761, -20.27366], [-44.07785, -20.2742], [-44.07823, -20.27405], [-44.07916, -20.27386], [-44.08013, -20.27376], [-44.08068, -20.27357], [-44.08099, -20.27338], [-44.08141, -20.27301], [-44.08172, -20.27268], [-44.0821, -20.27206], [-44.08238, -20.27167], [-44.0825, -20.27151]]]}}, {"type": "Feature", "properties": {"cd_setor": "310900625000011", "distrito": "São José do Paraopeba", "situacao": "Rural", "area_km2": 0.03817660013883, "populacao": 31.0, "domicilios": 8.0, "esgoto_rede": 0.0, "agua_rede": 0.0, "lixo_coletado": 100.0}, "geometry": {"type": "Polygon", "coordinates": [[[-44.08381, -20.27059], [-44.0837, -20.27032], [-44.08358, -20.27005], [-44.0835, -20.26984], [-44.08323, -20.26947], [-44.0831, -20.2692], [-44.08306, -20.26895], [-44.08298, -20.26873], [-44.08284, -20.2686], [-44.08266, -20.26858], [-44.0825, -20.26868], [-44.08237, -20.2689], [-44.08227, -20.26919], [-44.08211, -20.26957], [-44.08202, -20.26981], [-44.08186, -20.27012], [-44.0817, -20.27037], [-44.08189, -20.27073], [-44.08206, -20.27099], [-44.08222, -20.27119], [-44.08243, -20.27143], [-44.0825, -20.27151], [-44.0826, -20.27137], [-44.08271, -20.27126], [-44.08284, -20.27113], [-44.08296, -20.27104], [-44.08317, -20.27091], [-44.08342, -20.27076], [-44.08369, -20.27063], [-44.08381, -20.27059]]]}}, {"type": "Feature", "properties": {"cd_setor": "310900625000012", "distrito": "São José do Paraopeba", "situacao": "Rural", "area_km2": 36.6507020156479, "populacao": 155.0, "domicilios": 61.0, "esgoto_rede": 0.0, "agua_rede": 62.295081967213115, "lixo_coletado": 86.66666666666667}, "geometry": {"type": "Polygon", "coordinates": [[[-44.08355, -20.30343], [-44.08357, -20.30339], [-44.08363, -20.30318], [-44.08365, -20.30306], [-44.08367, -20.30285], [-44.08366, -20.3027], [-44.08364, -20.30261], [-44.0835, -20.30225], [-44.08332, -20.30184], [-44.08322, -20.30164], [-44.0831, -20.30142], [-44.08296, -20.30121], [-44.08282, -20.30107], [-44.08264, -20.30094], [-44.08249, -20.3008], [-44.08235, -20.3006], [-44.08222, -20.30037], [-44.08194, -20.30034], [-44.08122, -20.29823], [-44.09464, -20.29719], [-44.0955, -20.29908], [-44.09563, -20.29906], [-44.09586, -20.29908], [-44.09597, -20.29928], [-44.09612, -20.29956], [-44.0962, -20.29987], [-44.0962, -20.30015], [-44.09641, -20.30058], [-44.09658, -20.30084], [-44.09675, -20.30103], [-44.09696, -20.30125], [-44.0971, -20.30145], [-44.0972, -20.30166], [-44.09729, -20.30188], [-44.09749, -20.30213], [-44.09776, -20.30228], [-44.09797, -20.30251], [-44.09822, -20.30272], [-44.09848, -20.30294], [-44.09866, -20.30317], [-44.09887, -20.30346], [-44.09906, -20.30363], [-44.09926, -20.30375], [-44.09954, -20.30392], [-44.09987, -20.30403], [-44.10011, -20.30409], [-44.10035, -20.30413], [-44.10064, -20.30416], [-44.10097, -20.30419], [-44.10126, -20.3042], [-44.10217, -20.30419], [-44.10248, -20.3042], [-44.10307, -20.30419], [-44.10335, -20.30421], [-44.10354, -20.30436], [-44.10372, -20.30453], [-44.10385, -20.30473], [-44.10395, -20.30494], [-44.10402, -20.30516], [-44.10414, -20.30554], [-44.10426, -20.30573], [-44.1044, -20.30601], [-44.10454, -20.30634], [-44.10463, -20.30668], [-44.10467, -20.30704], [-44.10471, -20.30726], [-44.10474, -20.30763], [-44.10473, -20.30794], [-44.10458, -20.30812], [-44.10438, -20.30832], [-44.10417, -20.30851], [-44.10396, -20.30865], [-44.10368, -20.30876], [-44.10329, -20.30892], [-44.10304, -20.30903], [-44.10278, -20.30912], [-44.10254, -20.30918], [-44.10221, -20.30928], [-44.10196, -20.30938], [-44.10154, -20.30951], [-44.10115, -20.30967], [-44.10083, -20.30982], [-44.1006, -20.30992], [-44.10032, -20.31005], [-44.10008, -20.31011], [-44.09979, -20.3102], [-44.09953, -20.31027], [-44.09915, -20.31039], [-44.09893, -20.31051], [-44.09864, -20.31069], [-44.09841, -20.31089], [-44.09827, -20.31108], [-44.09812, -20.31128], [-44.09805, -20.31154], [-44.09808, -20.31179], [-44.09823, -20.31205], [-44.09842, -20.31223], [-44.09869, -20.31233], [-44.09898, -20.31245], [-44.09923, -20.31252], [-44.09951, -20.31255], [-44.09986, -20.31259], [-44.10024, -20.31261], [-44.10061, -20.31262], [-44.10161, -20.3126], [-44.1019, -20.31257], [-44.10214, -20.31255], [-44.10244, -20.31248], [-44.10269, -20.31235], [-44.10293, -20.31222], [-44.10316, -20.31209], [-44.10341, -20.31196], [-44.10367, -20.31185], [-44.10395, -20.31172], [-44.10418, -20.31162], [-44.10447, -20.31145], [-44.10472, -20.31135], [-44.10498, -20.31131], [-44.10524, -20.31129], [-44.10551, -20.3113], [-44.10612, -20.3113], [-44.10636, -20.31128], [-44.10663, -20.31123], [-44.1069, -20.31122], [-44.10714, -20.31124], [-44.1075, -20.3113], [-44.10785, -20.31126], [-44.10811, -20.31122], [-44.10838, -20.3111], [-44.10862, -20.31104], [-44.10886, -20.31093], [-44.10914, -20.31082], [-44.10941, -20.31074], [-44.10965, -20.31059], [-44.10992, -20.31053], [-44.1105, -20.31052], [-44.11075, -20.31053], [-44.11104, -20.31054], [-44.1114, -20.31059], [-44.11171, -20.31064], [-44.11197, -20.3107], [-44.11223, -20.31079], [-44.11248, -20.3109], [-44.11276, -20.31106], [-44.11302, -20.31123], [-44.11321, -20.31141], [-44.1134, -20.31161], [-44.1136, -20.31185], [-44.11375, -20.31204], [-44.11386, -20.31225], [-44.11399, -20.31246], [-44.11412, -20.31276], [-44.11424, -20.31296], [-44.11432, -20.31319], [-44.11446, -20.31343], [-44.11466, -20.31369], [-44.11485, -20.31393], [-44.11501, -20.31419], [-44.11512, -20.31438], [-44.11531, -20.31468], [-44.11548, -20.31485], [-44.11569, -20.31503], [-44.1159, -20.31519], [-44.11612, -20.31535], [-44.11638, -20.31549], [-44.11662, -20.31563], [-44.1168, -20.31581], [-44.11693, -20.31603], [-44.11722, -20.31619], [-44.1175, -20.31634], [-44.11774, -20.31647], [-44.11798, -20.31663], [-44.11828, -20.31669], [-44.11853, -20.31669], [-44.11882, -20.31667], [-44.11908, -20.31661], [-44.11938, -20.31655], [-44.11966, -20.3165], [-44.11991, -20.31642], [-44.12017, -20.31625], [-44.12041, -20.31606], [-44.12079, -20.31574], [-44.12103, -20.3155], [-44.12161, -20.31494], [-44.12178, -20.31473], [-44.12196, -20.31453], [-44.12212, -20.31435], [-44.12226, -20.31413], [-44.12237, -20.31383], [-44.1224, -20.31358], [-44.12232, -20.31335], [-44.12228, -20.31304], [-44.12217, -20.31278], [-44.12204, -20.3125], [-44.12194, -20.31229], [-44.12177, -20.31187], [-44.12162, -20.31163], [-44.12146, -20.31144], [-44.12131, -20.31116], [-44.12129, -20.31093], [-44.12126, -20.3106], [-44.12128, -20.31037], [-44.12136, -20.31009], [-44.12145, -20.30982], [-44.12154, -20.30957], [-44.12165, -20.30937], [-44.12169, -20.30913], [-44.12182, -20.3089], [-44.12186, -20.30867], [-44.1219, -20.30834], [-44.12189, -20.30813], [-44.12176, -20.30792], [-44.12169, -20.3078], [-44.12164, -20.30773], [-44.12151, -20.30747], [-44.12132, -20.30729], [-44.12108, -20.30711], [-44.12085, -20.30702], [-44.12057, -20.30692], [-44.12028, -20.30679], [-44.12004, -20.30667], [-44.11979, -20.30658], [-44.11947, -20.30651], [-44.11917, -20.30647], [-44.11889, -20.30642], [-44.11863, -20.30636], [-44.11831, -20.30622], [-44.11795, -20.3061], [-44.11771, -20.30601], [-44.11738, -20.30588], [-44.11698, -20.30577], [-44.11664, -20.30561], [-44.11638, -20.30552], [-44.11599, -20.30541], [-44.1157, -20.30532], [-44.11529, -20.30519], [-44.11485, -20.30493], [-44.11464, -20.3047], [-44.11464, -20.30447], [-44.11469, -20.30423], [-44.1148, -20.30401], [-44.11499, -20.30384], [-44.11521, -20.30371], [-44.11542, -20.3036], [-44.11573, -20.30358], [-44.11603, -20.30358], [-44.11627, -20.30355], [-44.11653, -20.30349], [-44.11681, -20.30338], [-44.1171, -20.30328], [-44.11732, -20.30316], [-44.11755, -20.30302], [-44.11781, -20.30286], [-44.11803, -20.30277], [-44.11826, -20.30261], [-44.1185, -20.30253], [-44.11876, -20.30243], [-44.119, -20.30232], [-44.11954, -20.30206], [-44.11979, -20.30194], [-44.12005, -20.30179], [-44.12023, -20.30162], [-44.12043, -20.30143], [-44.1206, -20.30127], [-44.12078, -20.30106], [-44.12103, -20.30087], [-44.12125, -20.30072], [-44.12147, -20.30053], [-44.12166, -20.3004], [-44.12178, -20.30018], [-44.122, -20.30002], [-44.12228, -20.29989], [-44.12253, -20.29977], [-44.12273, -20.29964], [-44.12331, -20.29931], [-44.12357, -20.29916], [-44.12381, -20.29905], [-44.12405, -20.29898], [-44.12424, -20.29884], [-44.12442, -20.2987], [-44.12459, -20.2985], [-44.12474, -20.29831], [-44.12484, -20.29807], [-44.12486, -20.29777], [-44.12486, -20.29723], [-44.12484, -20.29699], [-44.12481, -20.29667], [-44.12477, -20.29639], [-44.12471, -20.29608], [-44.12464, -20.29584], [-44.12448, -20.29566], [-44.12429, -20.2955], [-44.12406, -20.29535], [-44.12379, -20.29535], [-44.12351, -20.29541], [-44.12326, -20.29544], [-44.12301, -20.29558], [-44.12274, -20.29575], [-44.12243, -20.29584], [-44.12219, -20.29583], [-44.12192, -20.29582], [-44.1217, -20.29571], [-44.12152, -20.29539], [-44.12137, -20.29522], [-44.12133, -20.295], [-44.12108, -20.29495], [-44.12083, -20.29494], [-44.1206, -20.29488], [-44.12034, -20.29482], [-44.1201, -20.29476], [-44.1198, -20.29466], [-44.11957, -20.29457], [-44.11935, -20.29448], [-44.11903, -20.29437], [-44.11872, -20.2942], [-44.11826, -20.294], [-44.11799, -20.29387], [-44.11767, -20.29379], [-44.11741, -20.29374], [-44.11706, -20.29366], [-44.11677, -20.29358], [-44.11653, -20.2935], [-44.11621, -20.29332], [-44.11599, -20.29322], [-44.11563, -20.29302], [-44.11538, -20.29278], [-44.11516, -20.29266], [-44.11495, -20.29252], [-44.11467, -20.29231], [-44.11439, -20.29211], [-44.11409, -20.29191], [-44.11398, -20.2917], [-44.11393, -20.29147], [-44.11387, -20.29121], [-44.11386, -20.29041], [-44.11387, -20.29016], [-44.11389, -20.28993], [-44.11394, -20.28958], [-44.11396, -20.28937], [-44.114, -20.2891], [-44.11407, -20.28886], [-44.1143, -20.28873], [-44.11445, -20.28853], [-44.11453, -20.28832], [-44.11471, -20.2881], [-44.11489, -20.28794], [-44.11504, -20.28775], [-44.11517, -20.28757], [-44.11537, -20.28737], [-44.1156, -20.28718], [-44.11589, -20.28696], [-44.11621, -20.28677], [-44.11645, -20.28665], [-44.11677, -20.28663], [-44.11707, -20.28662], [-44.11735, -20.28663], [-44.11771, -20.28665], [-44.11808, -20.28666], [-44.11844, -20.28664], [-44.11868, -20.2866], [-44.11891, -20.28658], [-44.11923, -20.28655], [-44.1195, -20.28648], [-44.1198, -20.28644], [-44.12005, -20.28643], [-44.12034, -20.28635], [-44.12058, -20.28622], [-44.12074, -20.28601], [-44.12077, -20.28576], [-44.12077, -20.28547], [-44.12075, -20.28522], [-44.1207, -20.28499], [-44.1206, -20.28469], [-44.1205, -20.28438], [-44.12038, -20.28407], [-44.12034, -20.28385], [-44.12025, -20.2836], [-44.12018, -20.28328], [-44.12008, -20.28306], [-44.11995, -20.28283], [-44.11981, -20.28259], [-44.11969, -20.2824], [-44.11944, -20.28219], [-44.11926, -20.28203], [-44.11899, -20.28188], [-44.11868, -20.2817], [-44.11847, -20.28156], [-44.1183, -20.28141], [-44.11805, -20.28115], [-44.11797, -20.28092], [-44.11791, -20.28069], [-44.11787, -20.28042], [-44.11779, -20.28015], [-44.11768, -20.27983], [-44.11756, -20.27957], [-44.11747, -20.27936], [-44.1173, -20.27911], [-44.11714, -20.27895], [-44.117, -20.27872], [-44.11685, -20.2785], [-44.11673, -20.27823], [-44.11655, -20.27794], [-44.11646, -20.27768], [-44.11642, -20.27744], [-44.11643, -20.27715], [-44.11657, -20.27694], [-44.11657, -20.27673], [-44.11663, -20.27651], [-44.11684, -20.2763], [-44.11698, -20.2761], [-44.11721, -20.27606], [-44.11745, -20.27606], [-44.11775, -20.27608], [-44.11798, -20.27611], [-44.11826, -20.27616], [-44.11869, -20.27628], [-44.11906, -20.27632], [-44.11931, -20.27634], [-44.11956, -20.27634], [-44.11985, -20.2763], [-44.12025, -20.27621], [-44.12059, -20.27613], [-44.12092, -20.27606], [-44.12132, -20.276], [-44.12159, -20.27604], [-44.12186, -20.27598], [-44.12224, -20.2758], [-44.12254, -20.27572], [-44.12278, -20.27565], [-44.12309, -20.27553], [-44.12331, -20.27539], [-44.12345, -20.27512], [-44.12357, -20.27481], [-44.1236, -20.27453], [-44.12359, -20.27392], [-44.12356, -20.27369], [-44.12349, -20.27342], [-44.1233, -20.27326], [-44.12318, -20.27303], [-44.12304, -20.27276], [-44.12291, -20.27252], [-44.12276, -20.27225], [-44.12261, -20.27195], [-44.12246, -20.27149], [-44.1223, -20.2711], [-44.12215, -20.27091], [-44.12195, -20.27068], [-44.12175, -20.27048], [-44.12153, -20.27031], [-44.12123, -20.27023], [-44.12096, -20.27012], [-44.12063, -20.27003], [-44.12038, -20.27001], [-44.11989, -20.26999], [-44.11961, -20.26989], [-44.11939, -20.26979], [-44.11902, -20.26964], [-44.11872, -20.26957], [-44.11847, -20.26944], [-44.11816, -20.26933], [-44.11785, -20.26917], [-44.11756, -20.26904], [-44.11731, -20.26886], [-44.11714, -20.26896], [-44.11675, -20.26902], [-44.1164, -20.26902], [-44.11608, -20.26902], [-44.11587, -20.26906], [-44.11565, -20.26915], [-44.11546, -20.26929], [-44.11516, -20.26939], [-44.1149, -20.26957], [-44.11468, -20.26968], [-44.11442, -20.26976], [-44.11377, -20.26982], [-44.11315, -20.26977], [-44.11315, -20.26989], [-44.11316, -20.27007], [-44.11318, -20.27023], [-44.11323, -20.27044], [-44.1133, -20.27078], [-44.11333, -20.2709], [-44.11337, -20.27101], [-44.1135, -20.27117], [-44.11357, -20.27129], [-44.11361, -20.27143], [-44.11196, -20.27205], [-44.11165, -20.27259], [-44.11155, -20.27313], [-44.11109, -20.27331], [-44.11065, -20.27334], [-44.1103, -20.27322], [-44.10982, -20.27298], [-44.10945, -20.27289], [-44.10902, -20.27282], [-44.10842, -20.27284], [-44.10805, -20.27283], [-44.10768, -20.27278], [-44.10717, -20.27278], [-44.10688, -20.2727], [-44.10666, -20.27264], [-44.10645, -20.27252], [-44.10624, -20.27248], [-44.10593, -20.27223], [-44.1053, -20.27172], [-44.1055, -20.27145], [-44.10571, -20.2712], [-44.10581, -20.27105], [-44.10581, -20.27091], [-44.10588, -20.27078], [-44.10602, -20.27063], [-44.10607, -20.27053], [-44.10615, -20.27044], [-44.10632, -20.27045], [-44.10652, -20.27046], [-44.10657, -20.27038], [-44.10657, -20.2703], [-44.10648, -20.27022], [-44.10641, -20.27014], [-44.10639, -20.27004], [-44.10642, -20.26996], [-44.1065, -20.26991], [-44.10665, -20.26984], [-44.10674, -20.26977], [-44.10688, -20.26961], [-44.10699, -20.26948], [-44.10712, -20.26936], [-44.10728, -20.26923], [-44.10747, -20.2691], [-44.10763, -20.26891], [-44.10781, -20.26874], [-44.10789, -20.26863], [-44.1079, -20.26855], [-44.10783, -20.26849], [-44.10771, -20.26845], [-44.10756, -20.2684], [-44.1075, -20.26835], [-44.10748, -20.26819], [-44.10766, -20.26801], [-44.10787, -20.26791], [-44.10811, -20.26787], [-44.10833, -20.26776], [-44.10869, -20.26689], [-44.10873, -20.26674], [-44.10885, -20.2666], [-44.10896, -20.26648], [-44.10907, -20.26631], [-44.10917, -20.26602], [-44.10932, -20.26594], [-44.10952, -20.26585], [-44.10964, -20.26573], [-44.10972, -20.26557], [-44.10981, -20.26542], [-44.10994, -20.26526], [-44.11006, -20.26514], [-44.11015, -20.26498], [-44.11018, -20.26486], [-44.11016, -20.26471], [-44.11014, -20.26458], [-44.11018, -20.26446], [-44.11028, -20.26439], [-44.11045, -20.2644], [-44.11071, -20.26437], [-44.11088, -20.26431], [-44.11097, -20.26442], [-44.11106, -20.26456], [-44.11122, -20.26463], [-44.11146, -20.26468], [-44.11167, -20.26467], [-44.11189, -20.26467], [-44.11214, -20.26463], [-44.11235, -20.26453], [-44.11246, -20.26437], [-44.11256, -20.26411], [-44.11269, -20.2639], [-44.11277, -20.26363], [-44.1129, -20.26345], [-44.11304, -20.26337], [-44.11336, -20.26336], [-44.11356, -20.26335], [-44.11382, -20.26327], [-44.11403, -20.26302], [-44.11414, -20.26292], [-44.1143, -20.26286], [-44.11446, -20.26282], [-44.11467, -20.26274], [-44.11483, -20.26259], [-44.11507, -20.26241], [-44.11525, -20.26214], [-44.11549, -20.26188], [-44.1158, -20.26153], [-44.11602, -20.26133], [-44.11625, -20.26108], [-44.11641, -20.26086], [-44.11653, -20.26077], [-44.11662, -20.26073], [-44.11675, -20.26064], [-44.11682, -20.26059], [-44.11686, -20.26048], [-44.11693, -20.26028], [-44.11698, -20.26019], [-44.11706, -20.26009], [-44.11714, -20.26002], [-44.11723, -20.25998], [-44.11724, -20.25963], [-44.1173, -20.25879], [-44.11725, -20.25835], [-44.11739, -20.25832], [-44.11755, -20.25829], [-44.11772, -20.25827], [-44.11793, -20.25825], [-44.11806, -20.25821], [-44.11814, -20.25821], [-44.11824, -20.25824], [-44.11835, -20.2585], [-44.11845, -20.25869], [-44.11984, -20.25748], [-44.11969, -20.25728], [-44.11954, -20.257], [-44.11941, -20.25671], [-44.11927, -20.25648], [-44.11912, -20.25621], [-44.11896, -20.25603], [-44.11884, -20.25583], [-44.1187, -20.25563], [-44.11847, -20.25545], [-44.11829, -20.25524], [-44.11808, -20.25507], [-44.11781, -20.2549], [-44.11762, -20.25476], [-44.11745, -20.2546], [-44.11732, -20.25438], [-44.11716, -20.25412], [-44.11711, -20.25388], [-44.11711, -20.25362], [-44.11712, -20.2534], [-44.11712, -20.25314], [-44.11712, -20.25291], [-44.11711, -20.25269], [-44.11709, -20.25122], [-44.11712, -20.25099], [-44.11718, -20.25075], [-44.11735, -20.25057], [-44.11755, -20.25042], [-44.11783, -20.25033], [-44.1181, -20.25028], [-44.11836, -20.25024], [-44.11861, -20.25023], [-44.11934, -20.25012], [-44.11965, -20.2501], [-44.11988, -20.25007], [-44.12013, -20.25004], [-44.12038, -20.25], [-44.12062, -20.24995], [-44.1209, -20.24992], [-44.12115, -20.24989], [-44.12138, -20.24976], [-44.12162, -20.24962], [-44.12174, -20.2496], [-44.12198, -20.24962], [-44.12221, -20.24955], [-44.12248, -20.24946], [-44.12272, -20.24938], [-44.12296, -20.24932], [-44.12319, -20.24928], [-44.12342, -20.24914], [-44.12356, -20.24891], [-44.12364, -20.24867], [-44.12369, -20.24844], [-44.12369, -20.24821], [-44.12363, -20.24798], [-44.12362, -20.24775], [-44.1236, -20.24753], [-44.1236, -20.24729], [-44.12362, -20.24703], [-44.12379, -20.24687], [-44.12397, -20.24672], [-44.12423, -20.2468], [-44.12444, -20.24691], [-44.12463, -20.24708], [-44.12487, -20.24718], [-44.12509, -20.24727], [-44.12535, -20.24733], [-44.12569, -20.24743], [-44.12601, -20.24745], [-44.12628, -20.24742], [-44.12652, -20.24734], [-44.12688, -20.24733], [-44.12754, -20.24734], [-44.12783, -20.24733], [-44.1281, -20.24726], [-44.12833, -20.24718], [-44.12865, -20.24707], [-44.129, -20.24698], [-44.12923, -20.24694], [-44.12946, -20.24684], [-44.12973, -20.24673], [-44.12998, -20.24667], [-44.13023, -20.24657], [-44.13041, -20.24642], [-44.13068, -20.24638], [-44.13096, -20.2463], [-44.13126, -20.2462], [-44.13153, -20.24617], [-44.13179, -20.24603], [-44.13205, -20.24594], [-44.13234, -20.24587], [-44.1326, -20.24576], [-44.13285, -20.24564], [-44.1331, -20.24552], [-44.13339, -20.24544], [-44.13364, -20.24537], [-44.13392, -20.24537], [-44.13421, -20.24535], [-44.13448, -20.24534], [-44.13501, -20.24535], [-44.13526, -20.24536], [-44.13548, -20.24546], [-44.13566, -20.24567], [-44.13584, -20.24585], [-44.13601, -20.24603], [-44.13623, -20.2462], [-44.13644, -20.24641], [-44.13662, -20.2466], [-44.13685, -20.24681], [-44.13702, -20.24699], [-44.1372, -20.24721], [-44.13744, -20.2474], [-44.13766, -20.2476], [-44.1379, -20.24777], [-44.13811, -20.24794], [-44.1384, -20.2481], [-44.13866, -20.24814], [-44.1389, -20.24821], [-44.13914, -20.24836], [-44.13937, -20.24846], [-44.13957, -20.24857], [-44.13984, -20.24858], [-44.14008, -20.24857], [-44.14036, -20.24854], [-44.14053, -20.24838], [-44.14063, -20.24815], [-44.14072, -20.24795], [-44.14078, -20.2477], [-44.14081, -20.24745], [-44.14081, -20.2472], [-44.14083, -20.24695], [-44.14084, -20.24667], [-44.14085, -20.24644], [-44.14094, -20.24616], [-44.14105, -20.24591], [-44.14116, -20.24569], [-44.14131, -20.24545], [-44.14142, -20.24518], [-44.14148, -20.24496], [-44.1416, -20.24474], [-44.14168, -20.2445], [-44.14182, -20.24425], [-44.14193, -20.24402], [-44.14206, -20.24379], [-44.1422, -20.24358], [-44.1424, -20.24341], [-44.1426, -20.24327], [-44.14281, -20.24311], [-44.143, -20.24297], [-44.14319, -20.24282], [-44.14343, -20.24271], [-44.14368, -20.24265], [-44.14378, -20.24242], [-44.14402, -20.24231], [-44.14426, -20.24229], [-44.1445, -20.24228], [-44.14481, -20.24227], [-44.14509, -20.24225], [-44.14535, -20.24225], [-44.1457, -20.24229], [-44.14589, -20.24242], [-44.14604, -20.24264], [-44.14634, -20.24273], [-44.14663, -20.24278], [-44.14694, -20.24288], [-44.1472, -20.24295], [-44.14748, -20.24302], [-44.14777, -20.24309], [-44.14805, -20.24315], [-44.14828, -20.24322], [-44.1486, -20.24325], [-44.14887, -20.24324], [-44.14919, -20.24331], [-44.14943, -20.24343], [-44.14966, -20.2435], [-44.14988, -20.24358], [-44.15013, -20.24366], [-44.15037, -20.24381], [-44.15063, -20.24388], [-44.15093, -20.24397], [-44.15119, -20.24404], [-44.15145, -20.24399], [-44.15164, -20.24386], [-44.15177, -20.24366], [-44.15185, -20.24343], [-44.1519, -20.24318], [-44.15193, -20.24293], [-44.15204, -20.24265], [-44.15214, -20.24237], [-44.15223, -20.24216], [-44.15235, -20.24191], [-44.15243, -20.24169], [-44.15247, -20.24143], [-44.15248, -20.24121], [-44.15249, -20.2405], [-44.15245, -20.24025], [-44.15246, -20.23997], [-44.15242, -20.23974], [-44.15229, -20.23954], [-44.15211, -20.23936], [-44.15194, -20.23918], [-44.15175, -20.23903], [-44.15147, -20.23885], [-44.15122, -20.23867], [-44.15099, -20.23852], [-44.15074, -20.23843], [-44.15052, -20.23832], [-44.15026, -20.23823], [-44.14977, -20.23799], [-44.14955, -20.23786], [-44.14932, -20.23776], [-44.1491, -20.23761], [-44.14889, -20.2374], [-44.14873, -20.23721], [-44.14861, -20.237], [-44.14862, -20.23674], [-44.14866, -20.23644], [-44.14877, -20.23612], [-44.14887, -20.23584], [-44.14893, -20.23555], [-44.14893, -20.23526], [-44.14901, -20.23502], [-44.14913, -20.23479], [-44.14918, -20.23454], [-44.14923, -20.23432], [-44.14927, -20.2341], [-44.1493, -20.23385], [-44.14928, -20.23357], [-44.14919, -20.23335], [-44.14918, -20.23308], [-44.14898, -20.23294], [-44.14874, -20.23273], [-44.14856, -20.23259], [-44.14831, -20.23249], [-44.14807, -20.23238], [-44.14787, -20.23223], [-44.14769, -20.23209], [-44.14747, -20.23195], [-44.14725, -20.23172], [-44.14705, -20.23151], [-44.14692, -20.23132], [-44.14683, -20.23109], [-44.14675, -20.23087], [-44.14673, -20.23061], [-44.14675, -20.23037], [-44.14675, -20.23013], [-44.14676, -20.2299], [-44.14679, -20.22966], [-44.14686, -20.2294], [-44.1469, -20.22914], [-44.14692, -20.22883], [-44.14692, -20.22806], [-44.14691, -20.22783], [-44.14688, -20.22755], [-44.14684, -20.22733], [-44.14678, -20.22712], [-44.14616, -20.22698], [-44.14554, -20.2269], [-44.14497, -20.22675], [-44.14462, -20.22659], [-44.14397, -20.22644], [-44.14357, -20.22642], [-44.14317, -20.22645], [-44.14258, -20.22665], [-44.14213, -20.22705], [-44.14176, -20.22761], [-44.14163, -20.22821], [-44.1416, -20.22881], [-44.14167, -20.22934], [-44.14177, -20.22996], [-44.1419, -20.23044], [-44.14197, -20.23089], [-44.14201, -20.2315], [-44.14171, -20.23186], [-44.14132, -20.23211], [-44.14086, -20.23226], [-44.14047, -20.23247], [-44.14011, -20.23286], [-44.13964, -20.23341], [-44.1387, -20.2341], [-44.13781, -20.234], [-44.13683, -20.23394], [-44.13557, -20.23373], [-44.13464, -20.2334], [-44.13382, -20.23314], [-44.13285, -20.23327], [-44.13136, -20.23378], [-44.12908, -20.23518], [-44.1273, -20.23578], [-44.12614, -20.23557], [-44.12529, -20.2354], [-44.12432, -20.23504], [-44.12358, -20.23436], [-44.12295, -20.23344], [-44.12297, -20.23282], [-44.1231, -20.2327], [-44.12324, -20.23258], [-44.12338, -20.23247], [-44.12368, -20.23226], [-44.12392, -20.23203], [-44.12413, -20.2319], [-44.12423, -20.23173], [-44.1241, -20.23127], [-44.12341, -20.23085], [-44.12315, -20.2307], [-44.1228, -20.23048], [-44.12226, -20.23019], [-44.12188, -20.22985], [-44.12143, -20.22978], [-44.12103, -20.22969], [-44.12066, -20.22966], [-44.12022, -20.22952], [-44.11983, -20.22931], [-44.11917, -20.229], [-44.11805, -20.22848], [-44.11733, -20.2281], [-44.11641, -20.22735], [-44.11534, -20.22659], [-44.11468, -20.22587], [-44.11445, -20.22527], [-44.11404, -20.22474], [-44.11371, -20.22449], [-44.11347, -20.22426], [-44.11209, -20.22306], [-44.11158, -20.22227], [-44.11157, -20.22189], [-44.1118, -20.22077], [-44.11202, -20.22017], [-44.11235, -20.21933], [-44.11207, -20.21919], [-44.1117, -20.21904], [-44.11144, -20.21876], [-44.11121, -20.2186], [-44.11098, -20.2186], [-44.11065, -20.21868], [-44.11042, -20.21891], [-44.11026, -20.21916], [-44.11007, -20.21945], [-44.11, -20.21968], [-44.10989, -20.21978], [-44.10974, -20.21983], [-44.10946, -20.2199], [-44.1092, -20.22013], [-44.10892, -20.22023], [-44.10862, -20.22022], [-44.10842, -20.22035], [-44.1082, -20.22053], [-44.10801, -20.22085], [-44.10788, -20.2209], [-44.10754, -20.2209], [-44.10739, -20.22094], [-44.10731, -20.2209], [-44.10732, -20.22077], [-44.10734, -20.22062], [-44.10732, -20.2205], [-44.10716, -20.22043], [-44.1069, -20.22041], [-44.10668, -20.22064], [-44.10643, -20.22077], [-44.10624, -20.22095], [-44.10605, -20.22116], [-44.10582, -20.2212], [-44.10566, -20.22123], [-44.10546, -20.22136], [-44.10532, -20.22131], [-44.1051, -20.2212], [-44.1049, -20.22116], [-44.10471, -20.22101], [-44.10461, -20.22091], [-44.10458, -20.22078], [-44.10453, -20.22051], [-44.10453, -20.22036], [-44.10457, -20.22019], [-44.10453, -20.22004], [-44.10442, -20.21991], [-44.10426, -20.21982], [-44.10394, -20.21974], [-44.10346, -20.21968], [-44.10306, -20.2196], [-44.10276, -20.21943], [-44.10226, -20.21925], [-44.10193, -20.21904], [-44.10164, -20.21891], [-44.10134, -20.21889], [-44.10122, -20.21903], [-44.1012, -20.2192], [-44.10121, -20.21936], [-44.10121, -20.21952], [-44.10133, -20.2197], [-44.10141, -20.21984], [-44.10137, -20.21992], [-44.10172, -20.22414], [-44.10159, -20.22422], [-44.10149, -20.22429], [-44.10142, -20.22437], [-44.10133, -20.22449], [-44.10124, -20.22465], [-44.10117, -20.22475], [-44.10111, -20.22482], [-44.10105, -20.22486], [-44.10093, -20.22492], [-44.10073, -20.22502], [-44.1005, -20.22514], [-44.10029, -20.22526], [-44.10002, -20.22539], [-44.10105, -20.22696], [-44.10264, -20.22936], [-44.10254, -20.22947], [-44.10244, -20.22955], [-44.10231, -20.22961], [-44.10204, -20.22972], [-44.10185, -20.22984], [-44.10162, -20.22993], [-44.10144, -20.23001], [-44.10125, -20.23009], [-44.10105, -20.2302], [-44.10093, -20.23028], [-44.10085, -20.23031], [-44.10076, -20.2303], [-44.1006, -20.23032], [-44.10041, -20.23035], [-44.10021, -20.23035], [-44.10027, -20.23143], [-44.10031, -20.23242], [-44.10042, -20.23403], [-44.1004, -20.23481], [-44.10027, -20.23542], [-44.09996, -20.23612], [-44.0992, -20.23731], [-44.0989, -20.23793], [-44.0986, -20.23865], [-44.09812, -20.23922], [-44.09764, -20.23952], [-44.09715, -20.23967], [-44.0966, -20.23963], [-44.09603, -20.23946], [-44.0956, -20.23917], [-44.0944, -20.23832], [-44.09365, -20.23769], [-44.09293, -20.23756], [-44.09221, -20.23763], [-44.09149, -20.23801], [-44.09107, -20.23858], [-44.09088, -20.23915], [-44.09089, -20.23985], [-44.09113, -20.24045], [-44.09182, -20.24204], [-44.09196, -20.24237], [-44.09202, -20.24294], [-44.09193, -20.2436], [-44.09169, -20.24414], [-44.09125, -20.2447], [-44.08918, -20.2466], [-44.08817, -20.24753], [-44.08776, -20.24814], [-44.08762, -20.24878], [-44.08764, -20.24908], [-44.08773, -20.24935], [-44.08791, -20.24974], [-44.08814, -20.25009], [-44.08921, -20.25112], [-44.08973, -20.2518], [-44.09, -20.25242], [-44.09006, -20.25303], [-44.08992, -20.25359], [-44.08975, -20.25406], [-44.08926, -20.25468], [-44.0885, -20.25508], [-44.0862, -20.25563], [-44.08451, -20.25612], [-44.08335, -20.25656], [-44.08283, -20.25694], [-44.08248, -20.25741], [-44.08228, -20.2578], [-44.08218, -20.25833], [-44.08216, -20.25885], [-44.08224, -20.25947], [-44.08255, -20.26052], [-44.08381, -20.26363], [-44.08404, -20.26412], [-44.08407, -20.26416], [-44.08411, -20.26423], [-44.08416, -20.2643], [-44.0842, -20.26436], [-44.08424, -20.26443], [-44.08445, -20.26432], [-44.08469, -20.26415], [-44.08512, -20.26399], [-44.08538, -20.26412], [-44.08573, -20.26441], [-44.0861, -20.26472], [-44.08627, -20.26457], [-44.08633, -20.26451], [-44.08646, -20.2645], [-44.08655, -20.26461], [-44.08663, -20.26473], [-44.08675, -20.26482], [-44.08688, -20.26485], [-44.08702, -20.26487], [-44.08711, -20.26495], [-44.08717, -20.26507], [-44.0872, -20.26519], [-44.08727, -20.26527], [-44.08739, -20.26537], [-44.08749, -20.26549], [-44.08753, -20.26562], [-44.08763, -20.26572], [-44.08773, -20.26579], [-44.08792, -20.26581], [-44.0881, -20.2658], [-44.08832, -20.26579], [-44.08851, -20.26578], [-44.08866, -20.26578], [-44.08887, -20.26582], [-44.08872, -20.26651], [-44.08858, -20.26711], [-44.08853, -20.26742], [-44.08846, -20.2677], [-44.08836, -20.268], [-44.08818, -20.26833], [-44.08795, -20.26868], [-44.08741, -20.26948], [-44.08704, -20.27008], [-44.08637, -20.2711], [-44.08626, -20.27107], [-44.08619, -20.27102], [-44.08611, -20.27097], [-44.08601, -20.27094], [-44.08594, -20.27096], [-44.08586, -20.27096], [-44.08576, -20.27094], [-44.08569, -20.27097], [-44.08557, -20.27106], [-44.08547, -20.27116], [-44.08541, -20.27129], [-44.08533, -20.27141], [-44.0852, -20.27151], [-44.08508, -20.27158], [-44.08501, -20.27158], [-44.08497, -20.27155], [-44.08488, -20.27156], [-44.08473, -20.27163], [-44.08461, -20.27171], [-44.08454, -20.27182], [-44.08457, -20.27196], [-44.08453, -20.27204], [-44.08446, -20.27211], [-44.0843, -20.27221], [-44.08414, -20.27228], [-44.08397, -20.27233], [-44.08387, -20.27227], [-44.08374, -20.2722], [-44.08363, -20.27213], [-44.08352, -20.27204], [-44.08346, -20.272], [-44.08336, -20.27188], [-44.08321, -20.27177], [-44.08302, -20.27164], [-44.08289, -20.27158], [-44.08275, -20.27148], [-44.0826, -20.27137], [-44.0825, -20.27151], [-44.08238, -20.27167], [-44.0821, -20.27206], [-44.08172, -20.27268], [-44.08141, -20.27301], [-44.08099, -20.27338], [-44.08068, -20.27357], [-44.08013, -20.27376], [-44.07916, -20.27386], [-44.07823, -20.27405], [-44.07785, -20.2742], [-44.07748, -20.27445], [-44.07716, -20.27476], [-44.0769, -20.27508], [-44.07663, -20.27556], [-44.07654, -20.27636], [-44.07664, -20.27716], [-44.07671, -20.27806], [-44.07664, -20.27829], [-44.07649, -20.27874], [-44.0755, -20.28078], [-44.07504, -20.28218], [-44.07493, -20.28309], [-44.07501, -20.28449], [-44.07538, -20.28842], [-44.07629, -20.29235], [-44.07623, -20.2929], [-44.07595, -20.29351], [-44.07565, -20.29387], [-44.07528, -20.29416], [-44.07425, -20.29483], [-44.07379, -20.29519], [-44.07342, -20.29557], [-44.07324, -20.29589], [-44.07315, -20.29614], [-44.07312, -20.29648], [-44.07317, -20.29712], [-44.07342, -20.29845], [-44.07394, -20.30093], [-44.0742, -20.3021], [-44.07437, -20.30256], [-44.07465, -20.30304], [-44.075, -20.30347], [-44.0754, -20.30384], [-44.07599, -20.30421], [-44.07674, -20.30449], [-44.07855, -20.30507], [-44.07911, -20.30542], [-44.07945, -20.30585], [-44.07965, -20.30627], [-44.0797, -20.30667], [-44.07959, -20.30726], [-44.07931, -20.30783], [-44.07875, -20.3083], [-44.07798, -20.30873], [-44.07716, -20.30912], [-44.07648, -20.30925], [-44.07573, -20.30923], [-44.07524, -20.30903], [-44.07453, -20.30888], [-44.07401, -20.30892], [-44.07351, -20.30901], [-44.07293, -20.30938], [-44.07253, -20.30982], [-44.07225, -20.31031], [-44.07174, -20.31118], [-44.07098, -20.31245], [-44.07058, -20.31326], [-44.07045, -20.31365], [-44.07041, -20.31394], [-44.0704, -20.31438], [-44.07041, -20.31482], [-44.07042, -20.31516], [-44.07069, -20.31495], [-44.07093, -20.31478], [-44.07117, -20.31472], [-44.07129, -20.31463], [-44.07139, -20.31455], [-44.0717, -20.31451], [-44.07198, -20.31454], [-44.07222, -20.3146], [-44.07248, -20.31467], [-44.07271, -20.31477], [-44.07302, -20.31491], [-44.0733, -20.31503], [-44.07354, -20.31524], [-44.07382, -20.31543], [-44.07402, -20.31558], [-44.07418, -20.31574], [-44.07433, -20.31594], [-44.0745, -20.31614], [-44.0747, -20.3164], [-44.07485, -20.31665], [-44.07502, -20.31683], [-44.07518, -20.31704], [-44.07541, -20.31728], [-44.07567, -20.31752], [-44.07584, -20.31769], [-44.07596, -20.31781], [-44.07609, -20.31793], [-44.07627, -20.31811], [-44.07646, -20.31827], [-44.07663, -20.31841], [-44.07674, -20.31848], [-44.07684, -20.31855], [-44.07708, -20.31857], [-44.07733, -20.31864], [-44.07757, -20.31869], [-44.07783, -20.31869], [-44.07803, -20.31881], [-44.07827, -20.31876], [-44.07851, -20.3187], [-44.07876, -20.31863], [-44.07905, -20.31852], [-44.07926, -20.3184], [-44.07947, -20.31822], [-44.07962, -20.31805], [-44.07971, -20.31784], [-44.07976, -20.31759], [-44.07977, -20.31738], [-44.07976, -20.31708], [-44.07966, -20.31681], [-44.07955, -20.31661], [-44.0794, -20.31637], [-44.07927, -20.31617], [-44.07914, -20.31589], [-44.07899, -20.3157], [-44.07886, -20.3155], [-44.07876, -20.31528], [-44.07865, -20.31506], [-44.07851, -20.31486], [-44.07841, -20.31465], [-44.07832, -20.3144], [-44.07826, -20.31409], [-44.07829, -20.31385], [-44.0783, -20.31359], [-44.0783, -20.31332], [-44.07835, -20.31305], [-44.07839, -20.31281], [-44.0785, -20.31237], [-44.0786, -20.31213], [-44.07867, -20.31188], [-44.07872, -20.31178], [-44.07878, -20.31167], [-44.07879, -20.31144], [-44.07881, -20.31123], [-44.0789, -20.31101], [-44.07906, -20.3108], [-44.07935, -20.31064], [-44.07959, -20.31044], [-44.0798, -20.31032], [-44.07998, -20.31017], [-44.08016, -20.3099], [-44.08035, -20.30972], [-44.08056, -20.30957], [-44.08076, -20.30944], [-44.0811, -20.30911], [-44.08128, -20.30895], [-44.08149, -20.30878], [-44.08166, -20.30867], [-44.08165, -20.30845], [-44.08166, -20.30823], [-44.08167, -20.30798], [-44.08168, -20.3077], [-44.08169, -20.3074], [-44.08165, -20.30708], [-44.08162, -20.30685], [-44.08164, -20.30654], [-44.08167, -20.30631], [-44.08166, -20.30532], [-44.08168, -20.30506], [-44.0817, -20.30473], [-44.08175, -20.30446], [-44.08178, -20.30423], [-44.0819, -20.30398], [-44.08205, -20.30375], [-44.08221, -20.30356], [-44.08244, -20.30352], [-44.08269, -20.30351], [-44.08302, -20.30347], [-44.08336, -20.30344], [-44.08355, -20.30343]], [[-44.08464, -20.27726], [-44.08518, -20.27689], [-44.09059, -20.27457], [-44.09094, -20.27507], [-44.09189, -20.27521], [-44.09254, -20.27543], [-44.09306, -20.27547], [-44.09352, -20.27561], [-44.09413, -20.2759], [-44.09465, -20.276], [-44.09519, -20.27615], [-44.0957, -20.27643], [-44.09724, -20.27685], [-44.09805, -20.2769], [-44.09931, -20.27742], [-44.09997, -20.27739], [-44.10066, -20.27732], [-44.10113, -20.27728], [-44.10076, -20.27749], [-44.10036, -20.27787], [-44.10022, -20.278], [-44.10007, -20.27855], [-44.09908, -20.27921], [-44.09862, -20.27947], [-44.09832, -20.27994], [-44.09793, -20.2806], [-44.09772, -20.28145], [-44.09708, -20.28205], [-44.09647, -20.28288], [-44.09597, -20.28267], [-44.09458, -20.28189], [-44.09342, -20.28102], [-44.09267, -20.2799], [-44.09226, -20.27862], [-44.09143, -20.27908], [-44.09023, -20.27961], [-44.08884, -20.28], [-44.08832, -20.27979], [-44.08753, -20.27953], [-44.08647, -20.27928], [-44.08579, -20.2792], [-44.08425, -20.2793], [-44.08415, -20.27815], [-44.08464, -20.27726]]]}}, {"type": "Feature", "properties": {"cd_setor": "310900625000013", "distrito": "São José do Paraopeba", "situacao": "Rural", "area_km2": 0.772355476123003, "populacao": 99.0, "domicilios": 31.0, "esgoto_rede": 0.0, "agua_rede": 100.0, "lixo_coletado": 89.65517241379311}, "geometry": {"type": "Polygon", "coordinates": [[[-44.0955, -20.29908], [-44.09464, -20.29719], [-44.08122, -20.29823], [-44.08194, -20.30034], [-44.08222, -20.30037], [-44.08235, -20.3006], [-44.08249, -20.3008], [-44.08264, -20.30094], [-44.08282, -20.30107], [-44.08296, -20.30121], [-44.0831, -20.30142], [-44.08322, -20.30164], [-44.08332, -20.30184], [-44.0835, -20.30225], [-44.08364, -20.30261], [-44.08366, -20.3027], [-44.08367, -20.30285], [-44.08365, -20.30306], [-44.08363, -20.30318], [-44.08357, -20.30339], [-44.08355, -20.30343], [-44.08364, -20.30342], [-44.08392, -20.30334], [-44.08415, -20.3033], [-44.08451, -20.30325], [-44.08486, -20.30323], [-44.0857, -20.30322], [-44.08598, -20.30321], [-44.08721, -20.30319], [-44.08748, -20.30315], [-44.08772, -20.30312], [-44.08802, -20.30314], [-44.08837, -20.30315], [-44.08874, -20.30322], [-44.08897, -20.3033], [-44.08935, -20.30336], [-44.08972, -20.30342], [-44.09, -20.30342], [-44.09028, -20.30347], [-44.09057, -20.3035], [-44.09087, -20.30352], [-44.09122, -20.30351], [-44.09146, -20.30349], [-44.09171, -20.30344], [-44.09194, -20.30342], [-44.09217, -20.30332], [-44.09238, -20.3032], [-44.09261, -20.30309], [-44.09281, -20.30292], [-44.09303, -20.30271], [-44.09318, -20.30252], [-44.09332, -20.30229], [-44.09343, -20.30208], [-44.09361, -20.30183], [-44.09376, -20.30165], [-44.09399, -20.30141], [-44.09414, -20.30124], [-44.09435, -20.30097], [-44.09449, -20.30074], [-44.0946, -20.30055], [-44.09475, -20.30021], [-44.09492, -20.29983], [-44.09501, -20.29954], [-44.09517, -20.29926], [-44.09539, -20.2991], [-44.0955, -20.29908]]]}}]}